Date,BTCUSD,ETHUSD,SOLUSD,XRPUSD,DOGEUSD,ADAUSD,LINKUSD,LTCUSD,BCHUSD,XMRUSD
2015-01-01,320.43499755859375,,,,,,,2.724210023880005,,
2015-01-02,315.8389892578125,,,,,,,2.69923996925354,,
2015-01-03,315.1499938964844,,,,,,,2.6664600372314453,,
2015-01-04,287.2300109863281,,,,,,,2.1544599533081055,,
2015-01-05,278.34100341796875,,,,,,,2.16048002243042,,
2015-01-06,287.5530090332031,,,,,,,2.1182401180267334,,
2015-01-07,298.7539978027344,,,,,,,2.149869918823242,,
2015-01-08,294.135009765625,,,,,,,2.123500108718872,,
2015-01-09,291.114013671875,,,,,,,2.0112900733947754,,
2015-01-10,288.12701416015625,,,,,,,1.9803400039672852,,
2015-01-11,279.63800048828125,,,,,,,1.8782099485397339,,
2015-01-12,272.2030029296875,,,,,,,1.7941999435424805,,
2015-01-13,268.2770080566406,,,,,,,1.7191400527954102,,
2015-01-14,223.8939971923828,,,,,,,1.582669973373413,,
2015-01-15,229.06700134277344,,,,,,,1.376579999923706,,
2015-01-16,221.59100341796875,,,,,,,1.4727799892425537,,
2015-01-17,211.7310028076172,,,,,,,1.4036200046539307,,
2015-01-18,218.69500732421875,,,,,,,1.3722800016403198,,
2015-01-19,216.72799682617188,,,,,,,1.3593000173568726,,
2015-01-20,215.24099731445312,,,,,,,1.3448100090026855,,
2015-01-21,227.78799438476562,,,,,,,1.374169945716858,,
2015-01-22,237.0189971923828,,,,,,,1.453879952430725,,
2015-01-23,234.84500122070312,,,,,,,1.4301600456237793,,
2015-01-24,248.2100067138672,,,,,,,1.8870099782943726,,
2015-01-25,255.07400512695312,,,,,,,2.3749499320983887,,
2015-01-26,309.3840026855469,,,,,,,2.3853600025177,,
2015-01-27,275.4800109863281,,,,,,,2.1370201110839844,,
2015-01-28,266.5350036621094,,,,,,,2.1348400115966797,,
2015-01-29,238.70599365234375,,,,,,,1.9489099979400635,,
2015-01-30,242.8509979248047,,,,,,,1.9843800067901611,,
2015-01-31,233.50399780273438,,,,,,,1.9399199485778809,,
2015-02-01,231.57400512695312,,,,,,,1.8809800148010254,,
2015-02-02,242.1750030517578,,,,,,,1.882449984550476,,
2015-02-03,245.95700073242188,,,,,,,1.937600016593933,,
2015-02-04,230.05799865722656,,,,,,,1.838879942893982,,
2015-02-05,239.40499877929688,,,,,,,1.8101600408554077,,
2015-02-06,230.50999450683594,,,,,,,1.8274600505828857,,
2015-02-07,230.2989959716797,,,,,,,1.7917399406433105,,
2015-02-08,229.43800354003906,,,,,,,1.8136500120162964,,
2015-02-09,223.9770050048828,,,,,,,1.7855099439620972,,
2015-02-10,221.8070068359375,,,,,,,1.7861499786376953,,
2015-02-11,223.406005859375,,,,,,,1.7885500192642212,,
2015-02-12,222.19900512695312,,,,,,,1.7651400566101074,,
2015-02-13,240.25900268554688,,,,,,,1.8532099723815918,,
2015-02-14,259.8080139160156,,,,,,,1.963170051574707,,
2015-02-15,265.6109924316406,,,,,,,2.0295300483703613,,
2015-02-16,239.52099609375,,,,,,,1.848620057106018,,
2015-02-17,245.77499389648438,,,,,,,1.878909945487976,,
2015-02-18,244.25100708007812,,,,,,,1.86326003074646,,
2015-02-19,242.6719970703125,,,,,,,1.8506100177764893,,
2015-02-20,247.1009979248047,,,,,,,1.8640600442886353,,
2015-02-21,255.32000732421875,,,,,,,1.8656599521636963,,
2015-02-22,246.39199829101562,,,,,,,1.8663599491119385,,
2015-02-23,240.10899353027344,,,,,,,1.8229899406433105,,
2015-02-24,239.9010009765625,,,,,,,1.8356900215148926,,
2015-02-25,239.33999633789062,,,,,,,1.8316899538040161,,
2015-02-26,237.7100067138672,,,,,,,1.812540054321289,,
2015-02-27,256.65301513671875,,,,,,,1.8753900527954102,,
2015-02-28,254.69200134277344,,,,,,,1.8492100238800049,,
2015-03-01,261.6600036621094,,,,,,,1.911679983139038,,
2015-03-02,276.3009948730469,,,,,,,1.9494400024414062,,
2015-03-03,285.7959899902344,,,,,,,1.9722000360488892,,
2015-03-04,284.2250061035156,,,,,,,1.9736499786376953,,
2015-03-05,281.6669921875,,,,,,,1.9397300481796265,,
2015-03-06,277.6080017089844,,,,,,,1.929229974746704,,
2015-03-07,277.85400390625,,,,,,,1.9193400144577026,,
2015-03-08,277.8580017089844,,,,,,,1.922860026359558,,
2015-03-09,292.70098876953125,,,,,,,1.945739984512329,,
2015-03-10,300.04400634765625,,,,,,,2.0834500789642334,,
2015-03-11,297.3909912109375,,,,,,,2.036220073699951,,
2015-03-12,297.0880126953125,,,,,,,2.071729898452759,,
2015-03-13,294.49798583984375,,,,,,,2.0480198860168457,,
2015-03-14,286.3420104980469,,,,,,,2.013979911804199,,
2015-03-15,286.52899169921875,,,,,,,2.034019947052002,,
2015-03-16,294.11199951171875,,,,,,,2.0616300106048584,,
2015-03-17,292.364990234375,,,,,,,2.0536999702453613,,
2015-03-18,285.33599853515625,,,,,,,1.9877599477767944,,
2015-03-19,264.2439880371094,,,,,,,1.7901500463485718,,
2015-03-20,264.8479919433594,,,,,,,1.792330026626587,,
2015-03-21,262.1960144042969,,,,,,,1.7678200006484985,,
2015-03-22,269.74700927734375,,,,,,,1.797719955444336,,
2015-03-23,277.2969970703125,,,,,,,1.7996799945831299,,
2015-03-24,267.00299072265625,,,,,,,1.7778300046920776,,
2015-03-25,249.19000244140625,,,,,,,1.7864700555801392,,
2015-03-26,254.35400390625,,,,,,,1.7308800220489502,,
2015-03-27,256.8110046386719,,,,,,,1.6984599828720093,,
2015-03-28,254.2050018310547,,,,,,,1.7163900136947632,,
2015-03-29,253.13900756835938,,,,,,,1.7061899900436401,,
2015-03-30,249.24200439453125,,,,,,,1.6840499639511108,,
2015-03-31,248.72999572753906,,,,,,,1.6799900531768799,,
2015-04-01,247.54100036621094,,,,,,,1.6772799491882324,,
2015-04-02,254.46099853515625,,,,,,,1.692870020866394,,
2015-04-03,256.0429992675781,,,,,,,1.7044600248336792,,
2015-04-04,255.25799560546875,,,,,,,1.7043700218200684,,
2015-04-05,260.67498779296875,,,,,,,1.711549997329712,,
2015-04-06,261.7980041503906,,,,,,,1.7158499956130981,,
2015-04-07,255.80499267578125,,,,,,,1.6872400045394897,,
2015-04-08,253.8470001220703,,,,,,,1.6766200065612793,,
2015-04-09,246.1179962158203,,,,,,,1.6312999725341797,,
2015-04-10,243.69400024414062,,,,,,,1.5910899639129639,,
2015-04-11,239.53700256347656,,,,,,,1.5376800298690796,,
2015-04-12,237.72799682617188,,,,,,,1.4872299432754517,,
2015-04-13,236.93499755859375,,,,,,,1.4830399751663208,,
2015-04-14,224.9759979248047,,,,,,,1.3910200595855713,,
2015-04-15,223.83299255371094,,,,,,,1.4205399751663208,,
2015-04-16,229.6719970703125,,,,,,,1.4319299459457397,,
2015-04-17,228.906005859375,,,,,,,1.4417799711227417,,
2015-04-18,224.3159942626953,,,,,,,1.422719955444336,,
2015-04-19,226.35299682617188,,,,,,,1.425950050354004,,
2015-04-20,226.3509979248047,,,,,,,1.4150199890136719,,
2015-04-21,235.2689971923828,,,,,,,1.4339599609375,,
2015-04-22,237.90899658203125,,,,,,,1.472480058670044,,
2015-04-23,236.47500610351562,,,,,,,1.4630399942398071,,
2015-04-24,236.30499267578125,,,,,,,1.4621700048446655,,
2015-04-25,232.56100463867188,,,,,,,1.4300899505615234,,
2015-04-26,226.94400024414062,,,,,,,1.402609944343567,,
2015-04-27,233.30499267578125,,,,,,,1.3963500261306763,,
2015-04-28,229.4949951171875,,,,,,,1.3863400220870972,,
2015-04-29,227.0399932861328,,,,,,,1.368149995803833,,
2015-04-30,239.56300354003906,,,,,,,1.4545700550079346,,
2015-05-01,238.96600341796875,,,,,,,1.4484699964523315,,
2015-05-02,235.7270050048828,,,,,,,1.4259999990463257,,
2015-05-03,243.24000549316406,,,,,,,1.452739953994751,,
2015-05-04,242.63800048828125,,,,,,,1.450600028038025,,
2015-05-05,239.20399475097656,,,,,,,1.4221400022506714,,
2015-05-06,236.45399475097656,,,,,,,1.4108999967575073,,
2015-05-07,239.10499572753906,,,,,,,1.487220048904419,,
2015-05-08,246.27499389648438,,,,,,,1.4918099641799927,,
2015-05-09,247.8040008544922,,,,,,,1.4906599521636963,,
2015-05-10,244.0679931640625,,,,,,,1.4538700580596924,,
2015-05-11,244.27000427246094,,,,,,,1.4528599977493286,,
2015-05-12,242.88099670410156,,,,,,,1.4513200521469116,,
2015-05-13,243.70399475097656,,,,,,,1.4830900430679321,,
2015-05-14,237.7989959716797,,,,,,,1.457990050315857,,
2015-05-15,238.7530059814453,,,,,,,1.4562599658966064,,
2015-05-16,237.69700622558594,,,,,,,1.4547699689865112,,
2015-05-17,238.02499389648438,,,,,,,1.4589500427246094,,
2015-05-18,237.2100067138672,,,,,,,1.4644299745559692,,
2015-05-19,234.1510009765625,,,,,,,1.4560799598693848,,
2015-05-20,234.68299865722656,,,,,,,1.4620000123977661,,
2015-05-21,236.24200439453125,,,,,,,1.4843300580978394,,
2015-05-22,240.968994140625,,,,,,,1.8751100301742554,,
2015-05-23,241.02499389648438,,,,,,,1.9041399955749512,,
2015-05-24,241.97799682617188,,,,,,,1.8391000032424927,,
2015-05-25,241.02099609375,,,,,,,1.8441699743270874,,
2015-05-26,238.24200439453125,,,,,,,1.8173099756240845,,
2015-05-27,238.63600158691406,,,,,,,1.8703900575637817,,
2015-05-28,237.82400512695312,,,,,,,1.855970025062561,,
2015-05-29,237.52200317382812,,,,,,,1.8441499471664429,,
2015-05-30,237.09300231933594,,,,,,,1.838189959526062,,
2015-05-31,233.2519989013672,,,,,,,1.8137400150299072,,
2015-06-01,231.71299743652344,,,,,,,1.6776599884033203,,
2015-06-02,226.41600036621094,,,,,,,1.675719976425171,,
2015-06-03,227.4040069580078,,,,,,,1.7026400566101074,,
2015-06-04,226.58099365234375,,,,,,,1.6890900135040283,,
2015-06-05,225.96800231933594,,,,,,,1.7723400592803955,,
2015-06-06,225.718994140625,,,,,,,1.7849500179290771,,
2015-06-07,226.19400024414062,,,,,,,1.773110032081604,,
2015-06-08,229.46400451660156,,,,,,,1.7994600534439087,,
2015-06-09,230.95399475097656,,,,,,,1.803030014038086,,
2015-06-10,229.78199768066406,,,,,,,1.7968599796295166,,
2015-06-11,230.28700256347656,,,,,,,1.7996799945831299,,
2015-06-12,231.0570068359375,,,,,,,1.8106800317764282,,
2015-06-13,232.65199279785156,,,,,,,1.8623299598693848,,
2015-06-14,234.85800170898438,,,,,,,2.0714900493621826,,
2015-06-15,237.83599853515625,,,,,,,2.027290105819702,,
2015-06-16,251.74200439453125,,,,,,,2.878459930419922,,
2015-06-17,256.8529968261719,,,,,,,3.195349931716919,,
2015-06-18,252.10800170898438,,,,,,,3.129080057144165,,
2015-06-19,250.9770050048828,,,,,,,3.11926007270813,,
2015-06-20,245.8280029296875,,,,,,,3.0921199321746826,,
2015-06-21,245.2239990234375,,,,,,,3.049099922180176,,
2015-06-22,247.91700744628906,,,,,,,3.046180009841919,,
2015-06-23,247.3040008544922,,,,,,,3.0277700424194336,,
2015-06-24,244.34100341796875,,,,,,,2.9742300510406494,,
2015-06-25,243.33200073242188,,,,,,,2.8938798904418945,,
2015-06-26,243.74899291992188,,,,,,,2.9083099365234375,,
2015-06-27,251.33900451660156,,,,,,,3.116580009460449,,
2015-06-28,251.1719970703125,,,,,,,3.3058199882507324,,
2015-06-29,257.1730041503906,,,,,,,3.8203399181365967,,
2015-06-30,267.86700439453125,,,,,,,4.3433098793029785,,
2015-07-01,265.1719970703125,,,,,,,4.114250183105469,,
2015-07-02,261.6310119628906,,,,,,,4.162199974060059,,
2015-07-03,257.0769958496094,,,,,,,4.130919933319092,,
2015-07-04,261.4570007324219,,,,,,,4.139279842376709,,
2015-07-05,274.5060119628906,,,,,,,4.9527201652526855,,
2015-07-06,277.4219970703125,,,,,,,5.690670013427734,,
2015-07-07,271.34100341796875,,,,,,,5.484930038452148,,
2015-07-08,272.97100830078125,,,,,,,6.388619899749756,,
2015-07-09,272.3349914550781,,,,,,,7.8332600593566895,,
2015-07-10,294.59100341796875,,,,,,,8.727479934692383,,
2015-07-11,298.5060119628906,,,,,,,4.7896599769592285,,
2015-07-12,314.3940124511719,,,,,,,5.38401985168457,,
2015-07-13,310.947998046875,,,,,,,5.299920082092285,,
2015-07-14,296.1470031738281,,,,,,,4.887420177459717,,
2015-07-15,293.24798583984375,,,,,,,4.720489978790283,,
2015-07-16,291.1830139160156,,,,,,,4.2677202224731445,,
2015-07-17,280.2799987792969,,,,,,,3.933419942855835,,
2015-07-18,282.5270080566406,,,,,,,4.2259202003479,,
2015-07-19,275.6700134277344,,,,,,,4.0747199058532715,,
2015-07-20,278.9809875488281,,,,,,,3.9385900497436523,,
2015-07-21,280.5469970703125,,,,,,,4.007840156555176,,
2015-07-22,277.6659851074219,,,,,,,3.8406999111175537,,
2015-07-23,278.1109924316406,,,,,,,3.8506100177764893,,
2015-07-24,289.25299072265625,,,,,,,4.725619792938232,,
2015-07-25,290.7330017089844,,,,,,,4.881259918212891,,
2015-07-26,293.052001953125,,,,,,,4.751999855041504,,
2015-07-27,297.77398681640625,,,,,,,4.739739894866943,,
2015-07-28,296.64898681640625,,,,,,,5.136690139770508,,
2015-07-29,294.5360107421875,,,,,,,5.0990800857543945,,
2015-07-30,290.1260070800781,,,,,,,4.7926201820373535,,
2015-07-31,288.9590148925781,,,,,,,4.766970157623291,,
2015-08-01,284.9320068359375,,,,,,,4.644179821014404,,
2015-08-02,283.0320129394531,,,,,,,4.199079990386963,,
2015-08-03,285.47100830078125,,,,,,,4.3742499351501465,,
2015-08-04,285.7149963378906,,,,,,,4.472259998321533,,
2015-08-05,285.5010070800781,,,,,,,4.425429821014404,,
2015-08-06,281.906005859375,,,,,,,4.362229824066162,,
2015-08-07,280.3919982910156,,,,,,,4.22068977355957,,
2015-08-08,279.9280090332031,,,,,,,4.223639965057373,,
2015-08-09,267.00299072265625,,,,,,,3.984260082244873,,
2015-08-10,267.0320129394531,,,,,,,3.9801299571990967,,
2015-08-11,270.385986328125,,,,,,,4.159550189971924,,
2015-08-12,270.6730041503906,,,,,,,4.157549858093262,,
2015-08-13,266.23199462890625,,,,,,,3.9725100994110107,,
2015-08-14,267.46600341796875,,,,,,,4.067309856414795,,
2015-08-15,266.6669921875,,,,,,,4.0418701171875,,
2015-08-16,262.44000244140625,,,,,,,3.9865400791168213,,
2015-08-17,260.5050048828125,,,,,,,4.034989833831787,,
2015-08-18,257.9930114746094,,,,,,,3.999569892883301,,
2015-08-19,237.40899658203125,,,,,,,3.619149923324585,,
2015-08-20,237.36500549316406,,,,,,,3.624969959259033,,
2015-08-21,236.4320068359375,,,,,,,3.643090009689331,,
2015-08-22,234.95700073242188,,,,,,,3.590790033340454,,
2015-08-23,232.7050018310547,,,,,,,3.5400900840759277,,
2015-08-24,228.13900756835938,,,,,,,3.392580032348633,,
2015-08-25,226.3209991455078,,,,,,,3.053189992904663,,
2015-08-26,231.18299865722656,,,,,,,3.039669990539551,,
2015-08-27,228.64300537109375,,,,,,,2.9902000427246094,,
2015-08-28,235.218994140625,,,,,,,2.9600300788879395,,
2015-08-29,233.2220001220703,,,,,,,2.946500062942505,,
2015-08-30,232.0679931640625,,,,,,,2.9052999019622803,,
2015-08-31,231.95599365234375,,,,,,,2.8624799251556396,,
2015-09-01,231.21600341796875,,,,,,,2.8754899501800537,,
2015-09-02,230.57699584960938,,,,,,,2.828130006790161,,
2015-09-03,229.60499572753906,,,,,,,2.804460048675537,,
2015-09-04,230.89999389648438,,,,,,,2.724669933319092,,
2015-09-05,236.14300537109375,,,,,,,2.943049907684326,,
2015-09-06,242.91200256347656,,,,,,,3.115149974822998,,
2015-09-07,242.1060028076172,,,,,,,3.1038599014282227,,
2015-09-08,245.781005859375,,,,,,,3.128619909286499,,
2015-09-09,244.41600036621094,,,,,,,3.05145001411438,,
2015-09-10,241.29299926757812,,,,,,,2.9715399742126465,,
2015-09-11,241.16900634765625,,,,,,,2.9843900203704834,,
2015-09-12,240.12399291992188,,,,,,,2.9708199501037598,,
2015-09-13,235.93499755859375,,,,,,,2.8546700477600098,,
2015-09-14,232.44000244140625,,,,,,,2.862370014190674,,
2015-09-15,259.1820068359375,,,,,,,2.934340000152588,,
2015-09-16,231.21499633789062,,,,,,,2.8456099033355713,,
2015-09-17,230.28500366210938,,,,,,,2.929579973220825,,
2015-09-18,234.35299682617188,,,,,,,3.007319927215576,,
2015-09-19,233.2050018310547,,,,,,,2.9611001014709473,,
2015-09-20,232.36500549316406,,,,,,,2.8752400875091553,,
2015-09-21,231.2169952392578,,,,,,,2.8550000190734863,,
2015-09-22,232.38600158691406,,,,,,,2.878779888153076,,
2015-09-23,231.8350067138672,,,,,,,2.897289991378784,,
2015-09-24,235.6490020751953,,,,,,,2.948359966278076,,
2015-09-25,237.427001953125,,,,,,,2.948780059814453,,
2015-09-26,235.4029998779297,,,,,,,2.9044198989868164,,
2015-09-27,234.5260009765625,,,,,,,2.8974099159240723,,
2015-09-28,239.33900451660156,,,,,,,3.0752499103546143,,
2015-09-29,239.802001953125,,,,,,,3.171999931335449,,
2015-09-30,237.73399353027344,,,,,,,3.049180030822754,,
2015-10-01,238.44500732421875,,,,,,,3.052720069885254,,
2015-10-02,238.54100036621094,,,,,,,3.0152199268341064,,
2015-10-03,239.31500244140625,,,,,,,3.037139892578125,,
2015-10-04,238.96800231933594,,,,,,,3.0573599338531494,,
2015-10-05,240.38299560546875,,,,,,,3.0325400829315186,,
2015-10-06,246.93499755859375,,,,,,,3.155900001525879,,
2015-10-07,246.68099975585938,,,,,,,3.162400007247925,,
2015-10-08,244.25100708007812,,,,,,,3.076970100402832,,
2015-10-09,244.22799682617188,,,,,,,3.1121199131011963,,
2015-10-10,245.31900024414062,,,,,,,3.1359798908233643,,
2015-10-11,247.2429962158203,,,,,,,3.1502599716186523,,
2015-10-12,247.45399475097656,,,,,,,3.172990083694458,,
2015-10-13,250.23599243164062,,,,,,,3.188839912414551,,
2015-10-14,254.27499389648438,,,,,,,3.1958999633789062,,
2015-10-15,255.96200561523438,,,,,,,3.1593899726867676,,
2015-10-16,266.135009765625,,,,,,,3.14205002784729,,
2015-10-17,273.5780029296875,,,,,,,3.155790090560913,,
2015-10-18,271.6679992675781,,,,,,,3.084120035171509,,
2015-10-19,264.82000732421875,,,,,,,3.054800033569336,,
2015-10-20,270.8349914550781,,,,,,,3.0947299003601074,,
2015-10-21,270.7699890136719,,,,,,,3.1163299083709717,,
2015-10-22,276.510009765625,,,,,,,3.141279935836792,,
2015-10-23,278.6839904785156,,,,,,,3.128119945526123,,
2015-10-24,281.70599365234375,,,,,,,3.119649887084961,,
2015-10-25,294.0589904785156,,,,,,,3.139009952545166,,
2015-10-26,285.29998779296875,,,,,,,3.1078600883483887,,
2015-10-27,296.2120056152344,,,,,,,3.107680082321167,,
2015-10-28,306.33099365234375,,,,,,,3.110529899597168,,
2015-10-29,318.1700134277344,,,,,,,3.9294400215148926,,
2015-10-30,334.16900634765625,,,,,,,4.199039936065674,,
2015-10-31,332.7770080566406,,,,,,,4.115200042724609,,
2015-11-01,327.47198486328125,,,,,,,3.9866199493408203,,
2015-11-02,365.3599853515625,,,,,,,4.201580047607422,,
2015-11-03,417.8999938964844,,,,,,,4.795919895172119,,
2015-11-04,495.56201171875,,,,,,,5.32450008392334,,
2015-11-05,447.5610046386719,,,,,,,4.411890029907227,,
2015-11-06,395.83599853515625,,,,,,,3.97091007232666,,
2015-11-07,390.58599853515625,,,,,,,3.677680015563965,,
2015-11-08,389.8949890136719,,,,,,,3.6577301025390625,,
2015-11-09,385.27801513671875,,,,,,,3.448080062866211,,
2015-11-10,381.3869934082031,,,,,,,3.4554500579833984,,
2015-11-11,340.5849914550781,,,,,,,3.1210100650787354,,
2015-11-12,345.08099365234375,,,,,,,3.2861099243164062,,
2015-11-13,340.91400146484375,,,,,,,3.287290096282959,,
2015-11-14,338.1809997558594,,,,,,,3.245850086212158,,
2015-11-15,334.6619873046875,,,,,,,3.218440055847168,,
2015-11-16,331.6260070800781,,,,,,,3.1940999031066895,,
2015-11-17,338.3500061035156,,,,,,,3.226759910583496,,
2015-11-18,336.531005859375,,,,,,,3.2093100547790527,,
2015-11-19,335.3340148925781,,,,,,,3.2142701148986816,,
2015-11-20,326.4729919433594,,,,,,,3.1407599449157715,,
2015-11-21,328.15899658203125,,,,,,,3.160520076751709,,
2015-11-22,327.010009765625,,,,,,,3.1635499000549316,,
2015-11-23,325.1180114746094,,,,,,,3.1467199325561523,,
2015-11-24,323.0580139160156,,,,,,,3.13070011138916,,
2015-11-25,329.1340026855469,,,,,,,3.34443998336792,,
2015-11-26,366.7569885253906,,,,,,,3.7163100242614746,,
2015-11-27,363.5889892578125,,,,,,,3.628429889678955,,
2015-11-28,359.5360107421875,,,,,,,3.5789499282836914,,
2015-11-29,371.9389953613281,,,,,,,3.6805999279022217,,
2015-11-30,382.3630065917969,,,,,,,3.737459897994995,,
2015-12-01,378.9309997558594,,,,,,,3.635159969329834,,
2015-12-02,362.23199462890625,,,,,,,3.435499906539917,,
2015-12-03,370.2749938964844,,,,,,,3.441070079803467,,
2015-12-04,363.5159912109375,,,,,,,3.387350082397461,,
2015-12-05,389.7850036621094,,,,,,,3.5407400131225586,,
2015-12-06,402.8089904785156,,,,,,,3.5784199237823486,,
2015-12-07,399.968994140625,,,,,,,3.691689968109131,,
2015-12-08,415.56298828125,,,,,,,3.686919927597046,,
2015-12-09,423.1199951171875,,,,,,,3.740530014038086,,
2015-12-10,419.5090026855469,,,,,,,3.679450035095215,,
2015-12-11,451.93798828125,,,,,,,3.8548600673675537,,
2015-12-12,469.1029968261719,,,,,,,3.9733099937438965,,
2015-12-13,441.67999267578125,,,,,,,3.66294002532959,,
2015-12-14,447.1419982910156,,,,,,,3.6723499298095703,,
2015-12-15,465.3210144042969,,,,,,,3.839250087738037,,
2015-12-16,465.2080078125,,,,,,,3.8393499851226807,,
2015-12-17,457.8599853515625,,,,,,,3.7915899753570557,,
2015-12-18,465.177001953125,,,,,,,3.80607008934021,,
2015-12-19,465.58099365234375,,,,,,,3.7768399715423584,,
2015-12-20,462.6449890136719,,,,,,,3.7450900077819824,,
2015-12-21,444.72900390625,,,,,,,3.5462100505828857,,
2015-12-22,443.68798828125,,,,,,,3.4776499271392822,,
2015-12-23,444.52899169921875,,,,,,,3.5920300483703613,,
2015-12-24,458.45599365234375,,,,,,,3.684380054473877,,
2015-12-25,458.30499267578125,,,,,,,3.680039882659912,,
2015-12-26,457.489013671875,,,,,,,3.6447300910949707,,
2015-12-27,424.0069885253906,,,,,,,3.49249005317688,,
2015-12-28,429.7690124511719,,,,,,,3.5297200679779053,,
2015-12-29,432.9830017089844,,,,,,,3.517280101776123,,
2015-12-30,434.3869934082031,,,,,,,3.5121400356292725,,
2015-12-31,432.9209899902344,,,,,,,3.4974000453948975,,
2016-01-01,436.2460021972656,,,,,,,3.531019926071167,,
2016-01-02,436.06201171875,,,,,,,3.5271201133728027,,
2016-01-03,433.7430114746094,,,,,,,3.50642991065979,,
2016-01-04,434.5169982910156,,,,,,,3.507230043411255,,
2016-01-05,434.1820068359375,,,,,,,3.5081899166107178,,
2016-01-06,431.8559875488281,,,,,,,3.467859983444214,,
2016-01-07,458.7659912109375,,,,,,,3.6115500926971436,,
2016-01-08,462.9339904785156,,,,,,,3.6414198875427246,,
2016-01-09,454.6400146484375,,,,,,,3.5855700969696045,,
2016-01-10,448.3089904785156,,,,,,,3.560189962387085,,
2016-01-11,450.6619873046875,,,,,,,3.5692200660705566,,
2016-01-12,448.1820068359375,,,,,,,3.5561699867248535,,
2016-01-13,435.1860046386719,,,,,,,3.4921000003814697,,
2016-01-14,433.3240051269531,,,,,,,3.480959892272949,,
2016-01-15,430.2550048828125,,,,,,,3.4644100666046143,,
2016-01-16,390.5570068359375,,,,,,,3.107180118560791,,
2016-01-17,390.9649963378906,,,,,,,3.100219964981079,,
2016-01-18,388.10400390625,,,,,,,3.057270050048828,,
2016-01-19,387.7300109863281,,,,,,,3.055340051651001,,
2016-01-20,425.2669982910156,,,,,,,3.434499979019165,,
2016-01-21,422.87701416015625,,,,,,,3.401859998703003,,
2016-01-22,410.4100036621094,,,,,,,3.243190050125122,,
2016-01-23,394.5429992675781,,,,,,,3.1475698947906494,,
2016-01-24,405.4849853515625,,,,,,,3.208240032196045,,
2016-01-25,402.3169860839844,,,,,,,3.1879498958587646,,
2016-01-26,397.7659912109375,,,,,,,3.171180009841919,,
2016-01-27,396.8429870605469,,,,,,,3.320189952850342,,
2016-01-28,395.50201416015625,,,,,,,3.300339937210083,,
2016-01-29,384.3789978027344,,,,,,,3.139739990234375,,
2016-01-30,380.9169921875,,,,,,,3.1238200664520264,,
2016-01-31,380.34698486328125,,,,,,,3.1138699054718018,,
2016-02-01,378.0719909667969,,,,,,,3.102030038833618,,
2016-02-02,375.88299560546875,,,,,,,3.096479892730713,,
2016-02-03,374.95001220703125,,,,,,,3.0888900756835938,,
2016-02-04,391.6080017089844,,,,,,,3.182270050048828,,
2016-02-05,391.093994140625,,,,,,,3.1715099811553955,,
2016-02-06,386.6310119628906,,,,,,,3.1542699337005615,,
2016-02-07,380.8710021972656,,,,,,,3.1258299350738525,,
2016-02-08,379.8789978027344,,,,,,,3.1073100566864014,,
2016-02-09,377.2460021972656,,,,,,,3.0822300910949707,,
2016-02-10,385.4830017089844,,,,,,,3.1334900856018066,,
2016-02-11,383.1300048828125,,,,,,,3.125649929046631,,
2016-02-12,384.9540100097656,,,,,,,3.1161201000213623,,
2016-02-13,391.8599853515625,,,,,,,3.140510082244873,,
2016-02-14,407.2300109863281,,,,,,,3.2130699157714844,,
2016-02-15,410.3810119628906,,,,,,,3.2529799938201904,,
2016-02-16,408.94500732421875,,,,,,,3.224519968032837,,
2016-02-17,421.1669921875,,,,,,,3.2648699283599854,,
2016-02-18,425.9960021972656,,,,,,,3.273550033569336,,
2016-02-19,423.10400390625,,,,,,,3.2725698947906494,,
2016-02-20,441.9840087890625,,,,,,,3.5017199516296387,,
2016-02-21,448.0459899902344,,,,,,,3.5836400985717773,,
2016-02-22,439.0450134277344,,,,,,,3.512629985809326,,
2016-02-23,439.8580017089844,,,,,,,3.5246999263763428,,
2016-02-24,425.54998779296875,,,,,,,3.4248199462890625,,
2016-02-25,427.718994140625,,,,,,,3.39982008934021,,
2016-02-26,432.1520080566406,,,,,,,3.416790008544922,,
2016-02-27,434.2309875488281,,,,,,,3.449049949645996,,
2016-02-28,435.6830139160156,,,,,,,3.468980073928833,,
2016-02-29,441.5069885253906,,,,,,,3.4897499084472656,,
2016-03-01,439.65301513671875,,,,,,,3.4542899131774902,,
2016-03-02,435.9169921875,,,,,,,3.4404900074005127,,
2016-03-03,425.37298583984375,,,,,,,3.3637399673461914,,
2016-03-04,425.1780090332031,,,,,,,3.3487300872802734,,
2016-03-05,411.2569885253906,,,,,,,3.2518599033355713,,
2016-03-06,411.9070129394531,,,,,,,3.2536399364471436,,
2016-03-07,415.9169921875,,,,,,,3.2726399898529053,,
2016-03-08,416.2430114746094,,,,,,,3.2756400108337402,,
2016-03-09,416.0320129394531,,,,,,,3.2989399433135986,,
2016-03-10,417.5119934082031,,,,,,,3.291520118713379,,
2016-03-11,423.9259948730469,,,,,,,3.404059886932373,,
2016-03-12,421.7950134277344,,,,,,,3.3919200897216797,,
2016-03-13,416.60400390625,,,,,,,3.3243799209594727,,
2016-03-14,416.6839904785156,,,,,,,3.327899932861328,,
2016-03-15,418.1310119628906,,,,,,,3.327280044555664,,
2016-03-16,417.6860046386719,,,,,,,3.3179900646209717,,
2016-03-17,420.99700927734375,,,,,,,3.3247499465942383,,
2016-03-18,420.5469970703125,,,,,,,3.307149887084961,,
2016-03-19,410.9840087890625,,,,,,,3.1946799755096436,,
2016-03-20,414.625,,,,,,,3.210360050201416,,
2016-03-21,413.4179992675781,,,,,,,3.2067599296569824,,
2016-03-22,418.375,,,,,,,3.2400600910186768,,
2016-03-23,419.26800537109375,,,,,,,3.2541799545288086,,
2016-03-24,418.67999267578125,,,,,,,3.2510900497436523,,
2016-03-25,418.0799865722656,,,,,,,3.236999988555908,,
2016-03-26,418.98699951171875,,,,,,,3.2389700412750244,,
2016-03-27,428.7969970703125,,,,,,,3.3249499797821045,,
2016-03-28,426.85699462890625,,,,,,,3.302910089492798,,
2016-03-29,426.2030029296875,,,,,,,3.2829999923706055,,
2016-03-30,416.8340148925781,,,,,,,3.27701997756958,,
2016-03-31,418.3689880371094,,,,,,,3.266479969024658,,
2016-04-01,418.1730041503906,,,,,,,3.255150079727173,,
2016-04-02,422.08099365234375,,,,,,,3.275739908218384,,
2016-04-03,421.5799865722656,,,,,,,3.2746999263763428,,
2016-04-04,422.3429870605469,,,,,,,3.2684199810028076,,
2016-04-05,424.2569885253906,,,,,,,3.2710800170898438,,
2016-04-06,424.5270080566406,,,,,,,3.2636001110076904,,
2016-04-07,423.6570129394531,,,,,,,3.260890007019043,,
2016-04-08,425.3609924316406,,,,,,,3.2539799213409424,,
2016-04-09,420.8909912109375,,,,,,,3.2261500358581543,,
2016-04-10,422.43499755859375,,,,,,,3.2523601055145264,,
2016-04-11,422.739013671875,,,,,,,3.2437899112701416,,
2016-04-12,427.2770080566406,,,,,,,3.276789903640747,,
2016-04-13,426.6579895019531,,,,,,,3.2705800533294678,,
2016-04-14,425.3710021972656,,,,,,,3.2558200359344482,,
2016-04-15,429.9280090332031,,,,,,,3.284759998321533,,
2016-04-16,432.625,,,,,,,3.294059991836548,,
2016-04-17,431.3710021972656,,,,,,,3.283750057220459,,
2016-04-18,429.27398681640625,,,,,,,3.27101993560791,,
2016-04-19,436.0199890136719,,,,,,,3.292949914932251,,
2016-04-20,443.0539855957031,,,,,,,3.2947299480438232,,
2016-04-21,450.5480041503906,,,,,,,3.351759910583496,,
2016-04-22,449.80999755859375,,,,,,,3.3480899333953857,,
2016-04-23,450.2820129394531,,,,,,,3.3397200107574463,,
2016-04-24,460.14599609375,,,,,,,3.6453499794006348,,
2016-04-25,466.6199951171875,,,,,,,3.874239921569824,,
2016-04-26,467.9649963378906,,,,,,,4.114480018615723,,
2016-04-27,467.0790100097656,,,,,,,4.2299299240112305,,
2016-04-28,449.5509948730469,,,,,,,3.8794400691986084,,
2016-04-29,455.3840026855469,,,,,,,3.8468499183654785,,
2016-04-30,455.5870056152344,,,,,,,3.815049886703491,,
2016-05-01,452.47900390625,,,,,,,3.720449924468994,,
2016-05-02,452.44500732421875,,,,,,,3.781359910964966,,
2016-05-03,451.09698486328125,,,,,,,3.7587599754333496,,
2016-05-04,450.37799072265625,,,,,,,3.7797598838806152,,
2016-05-05,448.5060119628906,,,,,,,3.7640199661254883,,
2016-05-06,461.375,,,,,,,3.8221099376678467,,
2016-05-07,460.67498779296875,,,,,,,4.003439903259277,,
2016-05-08,459.4169921875,,,,,,,3.9441099166870117,,
2016-05-09,462.4809875488281,,,,,,,4.083380222320557,,
2016-05-10,461.9289855957031,,,,,,,4.115630149841309,,
2016-05-11,454.57598876953125,,,,,,,3.9137699604034424,,
2016-05-12,454.9490051269531,,,,,,,3.8967199325561523,,
2016-05-13,457.05499267578125,,,,,,,3.961669921875,,
2016-05-14,456.83599853515625,,,,,,,4.045179843902588,,
2016-05-15,458.6919860839844,,,,,,,4.1020097732543945,,
2016-05-16,458.20001220703125,,,,,,,4.162769794464111,,
2016-05-17,455.0719909667969,,,,,,,4.034969806671143,,
2016-05-18,455.99798583984375,,,,,,,4.042840003967285,,
2016-05-19,454.63299560546875,,,,,,,4.034379959106445,,
2016-05-20,444.0539855957031,,,,,,,3.918869972229004,,
2016-05-21,443.77801513671875,,,,,,,3.9734199047088623,,
2016-05-22,443.427001953125,,,,,,,3.9866700172424316,,
2016-05-23,444.3450012207031,,,,,,,3.9730799198150635,,
2016-05-24,447.1000061035156,,,,,,,3.984600067138672,,
2016-05-25,450.2980041503906,,,,,,,4.045660018920898,,
2016-05-26,453.6440124511719,,,,,,,4.1045098304748535,,
2016-05-27,478.14898681640625,,,,,,,4.68326997756958,,
2016-05-28,533.4730224609375,,,,,,,4.8333001136779785,,
2016-05-29,553.9600219726562,,,,,,,4.864990234375,,
2016-05-30,544.3489990234375,,,,,,,4.702750205993652,,
2016-05-31,546.6179809570312,,,,,,,4.7494401931762695,,
2016-06-01,543.0800170898438,,,,,,,4.77331018447876,,
2016-06-02,540.3519897460938,,,,,,,4.759479999542236,,
2016-06-03,574.6380004882812,,,,,,,4.865719795227051,,
2016-06-04,590.1320190429688,,,,,,,4.902470111846924,,
2016-06-05,582.8079833984375,,,,,,,4.842589855194092,,
2016-06-06,586.469970703125,,,,,,,4.966469764709473,,
2016-06-07,590.2589721679688,,,,,,,4.980209827423096,,
2016-06-08,582.8389892578125,,,,,,,4.786930084228516,,
2016-06-09,582.2030029296875,,,,,,,4.779339790344238,,
2016-06-10,579.1270141601562,,,,,,,4.849520206451416,,
2016-06-11,607.1160278320312,,,,,,,5.013979911804199,,
2016-06-12,684.843994140625,,,,,,,5.455440044403076,,
2016-06-13,716.0040283203125,,,,,,,5.541530132293701,,
2016-06-14,704.5040283203125,,,,,,,5.306930065155029,,
2016-06-15,696.302978515625,,,,,,,5.242030143737793,,
2016-06-16,773.7219848632812,,,,,,,5.660789966583252,,
2016-06-17,775.3560180664062,,,,,,,5.9463701248168945,,
2016-06-18,777.989990234375,,,,,,,5.693990230560303,,
2016-06-19,766.6209716796875,,,,,,,5.626460075378418,,
2016-06-20,764.083984375,,,,,,,5.625189781188965,,
2016-06-21,735.8829956054688,,,,,,,5.286459922790527,,
2016-06-22,678.6699829101562,,,,,,,4.919020175933838,,
2016-06-23,629.3270263671875,,,,,,,3.9462900161743164,,
2016-06-24,681.7269897460938,,,,,,,4.329410076141357,,
2016-06-25,691.7310180664062,,,,,,,4.4357099533081055,,
2016-06-26,665.97998046875,,,,,,,4.2430100440979,,
2016-06-27,655.2750244140625,,,,,,,4.155020236968994,,
2016-06-28,659.2479858398438,,,,,,,4.182620048522949,,
2016-06-29,644.6820068359375,,,,,,,4.10168981552124,,
2016-06-30,675.4030151367188,,,,,,,4.210440158843994,,
2016-07-01,686.1539916992188,,,,,,,4.333940029144287,,
2016-07-02,703.7020263671875,,,,,,,4.607759952545166,,
2016-07-03,704.968017578125,,,,,,,4.660930156707764,,
2016-07-04,683.6619873046875,,,,,,,4.540559768676758,,
2016-07-05,683.4910278320312,,,,,,,4.5577898025512695,,
2016-07-06,681.8980102539062,,,,,,,4.50738000869751,,
2016-07-07,682.4320068359375,,,,,,,4.526150226593018,,
2016-07-08,666.7069702148438,,,,,,,4.226210117340088,,
2016-07-09,666.3839721679688,,,,,,,4.237390041351318,,
2016-07-10,652.2940063476562,,,,,,,4.150269985198975,,
2016-07-11,659.6290283203125,,,,,,,4.191050052642822,,
2016-07-12,675.2589721679688,,,,,,,4.211740016937256,,
2016-07-13,668.7000122070312,,,,,,,4.181739807128906,,
2016-07-14,662.9019775390625,,,,,,,4.175350189208984,,
2016-07-15,667.0770263671875,,,,,,,4.180840015411377,,
2016-07-16,666.4600219726562,,,,,,,4.16480016708374,,
2016-07-17,682.364990234375,,,,,,,4.208640098571777,,
2016-07-18,681.5549926757812,,,,,,,4.204440116882324,,
2016-07-19,673.2769775390625,,,,,,,4.166009902954102,,
2016-07-20,672.9290161132812,,,,,,,4.162869930267334,,
2016-07-21,666.218994140625,,,,,,,4.139289855957031,,
2016-07-22,666.5830078125,,,,,,,4.1419901847839355,,
2016-07-23,656.3660278320312,,,,,,,4.064070224761963,,
2016-07-24,663.1099853515625,,,,,,,4.084080219268799,,
2016-07-25,661.8280029296875,,,,,,,4.075699806213379,,
2016-07-26,656.2249755859375,,,,,,,4.046060085296631,,
2016-07-27,657.4559936523438,,,,,,,3.9863500595092773,,
2016-07-28,657.594970703125,,,,,,,3.989530086517334,,
2016-07-29,657.7960205078125,,,,,,,4.096099853515625,,
2016-07-30,658.2230224609375,,,,,,,4.094319820404053,,
2016-07-31,655.2849731445312,,,,,,,4.083759784698486,,
2016-08-01,626.1190185546875,,,,,,,4.062910079956055,,
2016-08-02,612.8480224609375,,,,,,,3.8876900672912598,,
2016-08-03,573.3599853515625,,,,,,,3.7364799976348877,,
2016-08-04,579.4959716796875,,,,,,,3.7525599002838135,,
2016-08-05,578.281005859375,,,,,,,3.7420101165771484,,
2016-08-06,588.39599609375,,,,,,,3.770940065383911,,
2016-08-07,597.5130004882812,,,,,,,3.8100199699401855,,
2016-08-08,592.9940185546875,,,,,,,3.7978100776672363,,
2016-08-09,591.0910034179688,,,,,,,3.7848498821258545,,
2016-08-10,599.9840087890625,,,,,,,3.807339906692505,,
2016-08-11,597.5419921875,,,,,,,3.747349977493286,,
2016-08-12,589.9099731445312,,,,,,,3.75039005279541,,
2016-08-13,589.7739868164062,,,,,,,3.7546000480651855,,
2016-08-14,585.666015625,,,,,,,3.7224600315093994,,
2016-08-15,573.5800170898438,,,,,,,3.6824700832366943,,
2016-08-16,581.7379760742188,,,,,,,3.6479299068450928,,
2016-08-17,580.8939819335938,,,,,,,3.6487300395965576,,
2016-08-18,577.7919921875,,,,,,,3.6415700912475586,,
2016-08-19,578.2379760742188,,,,,,,3.624650001525879,,
2016-08-20,582.8179931640625,,,,,,,3.626339912414551,,
2016-08-21,584.1580200195312,,,,,,,3.626539945602417,,
2016-08-22,588.447998046875,,,,,,,3.6620800495147705,,
2016-08-23,589.4739990234375,,,,,,,4.005169868469238,,
2016-08-24,583.5900268554688,,,,,,,3.9479598999023438,,
2016-08-25,580.4509887695312,,,,,,,3.8712100982666016,,
2016-08-26,580.6229858398438,,,,,,,3.8473498821258545,,
2016-08-27,579.844970703125,,,,,,,3.830590009689331,,
2016-08-28,574.0380249023438,,,,,,,3.757110118865967,,
2016-08-29,576.2780151367188,,,,,,,3.785830020904541,,
2016-08-30,578.3569946289062,,,,,,,3.8237900733947754,,
2016-08-31,577.8610229492188,,,,,,,3.813570022583008,,
2016-09-01,576.3109741210938,,,,,,,3.852260112762451,,
2016-09-02,575.6430053710938,,,,,,,3.8368000984191895,,
2016-09-03,599.5,,,,,,,3.9072399139404297,,
2016-09-04,611.8369750976562,,,,,,,4.040319919586182,,
2016-09-05,609.0549926757812,,,,,,,4.033559799194336,,
2016-09-06,610.8300170898438,,,,,,,3.9872899055480957,,
2016-09-07,614.5449829101562,,,,,,,4.126530170440674,,
2016-09-08,628.77001953125,,,,,,,4.007110118865967,,
2016-09-09,626.8300170898438,,,,,,,3.9860401153564453,,
2016-09-10,625.094970703125,,,,,,,3.9779601097106934,,
2016-09-11,628.8179931640625,,,,,,,3.9935100078582764,,
2016-09-12,608.458984375,,,,,,,3.87034010887146,,
2016-09-13,611.1929931640625,,,,,,,3.8494999408721924,,
2016-09-14,611.9520263671875,,,,,,,3.8472700119018555,,
2016-09-15,611.0859985351562,,,,,,,3.8433899879455566,,
2016-09-16,609.260986328125,,,,,,,3.825279951095581,,
2016-09-17,607.8599853515625,,,,,,,3.820739984512329,,
2016-09-18,610.1580200195312,,,,,,,4.092229843139648,,
2016-09-19,610.9320068359375,,,,,,,4.199059963226318,,
2016-09-20,609.5250244140625,,,,,,,3.8585898876190186,,
2016-09-21,603.5880126953125,,,,,,,3.8692100048065186,,
2016-09-22,598.4869995117188,,,,,,,3.8622000217437744,,
2016-09-23,603.2050170898438,,,,,,,3.820499897003174,,
2016-09-24,604.5800170898438,,,,,,,3.835439920425415,,
2016-09-25,603.3809814453125,,,,,,,3.813730001449585,,
2016-09-26,608.1430053710938,,,,,,,3.8671300411224365,,
2016-09-27,608.2479858398438,,,,,,,3.8737599849700928,,
2016-09-28,606.5900268554688,,,,,,,3.8742499351501465,,
2016-09-29,606.823974609375,,,,,,,3.862070083618164,,
2016-09-30,609.7349853515625,,,,,,,3.852479934692383,,
2016-10-01,615.2369995117188,,,,,,,3.856610059738159,,
2016-10-02,614.0050048828125,,,,,,,3.8760900497436523,,
2016-10-03,612.5679931640625,,,,,,,3.853019952774048,,
2016-10-04,612.0540161132812,,,,,,,3.8389101028442383,,
2016-10-05,613.8140258789062,,,,,,,3.85125994682312,,
2016-10-06,613.8189697265625,,,,,,,3.860059976577759,,
2016-10-07,617.9119873046875,,,,,,,3.8636200428009033,,
2016-10-08,619.8489990234375,,,,,,,3.8658699989318848,,
2016-10-09,619.197998046875,,,,,,,3.8508899211883545,,
2016-10-10,621.3179931640625,,,,,,,3.831439971923828,,
2016-10-11,642.0800170898438,,,,,,,3.837290048599243,,
2016-10-12,641.3369750976562,,,,,,,3.8277699947357178,,
2016-10-13,638.8330078125,,,,,,,3.924989938735962,,
2016-10-14,641.2849731445312,,,,,,,3.9170498847961426,,
2016-10-15,642.1019897460938,,,,,,,3.9141299724578857,,
2016-10-16,642.8980102539062,,,,,,,3.9083800315856934,,
2016-10-17,642.3280029296875,,,,,,,3.9156999588012695,,
2016-10-18,640.7360229492188,,,,,,,4.232120037078857,,
2016-10-19,638.8740234375,,,,,,,3.8556299209594727,,
2016-10-20,631.9169921875,,,,,,,3.8186800479888916,,
2016-10-21,634.093994140625,,,,,,,3.8281400203704834,,
2016-10-22,658.197021484375,,,,,,,3.913640022277832,,
2016-10-23,661.1290283203125,,,,,,,3.9414501190185547,,
2016-10-24,657.2520141601562,,,,,,,3.9202001094818115,,
2016-10-25,664.4240112304688,,,,,,,3.9173600673675537,,
2016-10-26,679.72802734375,,,,,,,3.97189998626709,,
2016-10-27,688.593994140625,,,,,,,4.063899993896484,,
2016-10-28,690.4439697265625,,,,,,,4.036809921264648,,
2016-10-29,720.4019775390625,,,,,,,4.102530002593994,,
2016-10-30,714.1179809570312,,,,,,,4.097149848937988,,
2016-10-31,709.2890014648438,,,,,,,4.053699970245361,,
2016-11-01,736.4520263671875,,,,,,,4.14601993560791,,
2016-11-02,740.8289794921875,,,,,,,4.130990028381348,,
2016-11-03,745.7730102539062,,,,,,,4.182909965515137,,
2016-11-04,706.9299926757812,,,,,,,3.888849973678589,,
2016-11-05,707.510009765625,,,,,,,3.927500009536743,,
2016-11-06,714.2579956054688,,,,,,,3.920759916305542,,
2016-11-07,710.7360229492188,,,,,,,3.8883299827575684,,
2016-11-08,712.9869995117188,,,,,,,3.8572700023651123,,
2016-11-09,740.0460205078125,,,,,,,3.9386401176452637,,
2016-11-10,723.0180053710938,,,,,,,3.8686399459838867,,
2016-11-11,718.3179931640625,,,,,,,3.841130018234253,,
2016-11-12,717.1480102539062,,,,,,,3.826630115509033,,
2016-11-13,705.2570190429688,,,,,,,3.9100399017333984,,
2016-11-14,706.2839965820312,,,,,,,3.8932900428771973,,
2016-11-15,715.718017578125,,,,,,,3.957279920578003,,
2016-11-16,747.614990234375,,,,,,,4.030320167541504,,
2016-11-17,755.64501953125,,,,,,,4.072869777679443,,
2016-11-18,752.8820190429688,,,,,,,4.002999782562256,,
2016-11-19,756.2369995117188,,,,,,,3.980910062789917,,
2016-11-20,755.47998046875,,,,,,,3.9728798866271973,,
2016-11-21,741.7219848632812,,,,,,,3.957740068435669,,
2016-11-22,753.8699951171875,,,,,,,3.972630023956299,,
2016-11-23,752.25,,,,,,,3.9706599712371826,,
2016-11-24,746.8319702148438,,,,,,,3.9468700885772705,,
2016-11-25,741.6489868164062,,,,,,,3.9212300777435303,,
2016-11-26,742.2139892578125,,,,,,,3.928499937057495,,
2016-11-27,739.0180053710938,,,,,,,3.921600103378296,,
2016-11-28,738.0059814453125,,,,,,,3.912480115890503,,
2016-11-29,737.4710083007812,,,,,,,3.9008100032806396,,
2016-11-30,747.9290161132812,,,,,,,3.9184999465942383,,
2016-12-01,758.2750244140625,,,,,,,3.9185500144958496,,
2016-12-02,781.2960205078125,,,,,,,3.961329936981201,,
2016-12-03,778.2479858398438,,,,,,,3.9548699855804443,,
2016-12-04,773.8720092773438,,,,,,,3.945120096206665,,
2016-12-05,773.468017578125,,,,,,,3.922650098800659,,
2016-12-06,765.6220092773438,,,,,,,3.5577199459075928,,
2016-12-07,771.5430297851562,,,,,,,3.6307098865509033,,
2016-12-08,774.697998046875,,,,,,,3.732069969177246,,
2016-12-09,774.5280151367188,,,,,,,3.7137999534606934,,
2016-12-10,777.0919799804688,,,,,,,3.7027499675750732,,
2016-12-11,774.7979736328125,,,,,,,3.688380002975464,,
2016-12-12,781.9219970703125,,,,,,,3.66729998588562,,
2016-12-13,788.4600219726562,,,,,,,3.7049601078033447,,
2016-12-14,782.0339965820312,,,,,,,3.657259941101074,,
2016-12-15,781.4349975585938,,,,,,,3.6545400619506836,,
2016-12-16,785.031982421875,,,,,,,3.6503400802612305,,
2016-12-17,792.5089721679688,,,,,,,3.705889940261841,,
2016-12-18,794.7369995117188,,,,,,,3.712519884109497,,
2016-12-19,793.6110229492188,,,,,,,3.6797900199890137,,
2016-12-20,801.3369750976562,,,,,,,3.662139892578125,,
2016-12-21,834.281005859375,,,,,,,3.6947100162506104,,
2016-12-22,875.781982421875,,,,,,,3.745699882507324,,
2016-12-23,925.1170043945312,,,,,,,4.655330181121826,,
2016-12-24,923.47900390625,,,,,,,4.77200984954834,,
2016-12-25,899.6519775390625,,,,,,,4.568009853363037,,
2016-12-26,913.1840209960938,,,,,,,4.473529815673828,,
2016-12-27,940.0479736328125,,,,,,,4.575960159301758,,
2016-12-28,975.9210205078125,,,,,,,4.666659832000732,,
2016-12-29,979.39697265625,,,,,,,4.628359794616699,,
2016-12-30,972.5349731445312,,,,,,,4.564839839935303,,
2016-12-31,963.7429809570312,,,,,,,4.4037699699401855,,
2017-01-01,1003.0800170898438,,,,,,,4.5215301513671875,,
2017-01-02,1031.3900146484375,,,,,,,4.737659931182861,,
2017-01-03,1044.0799560546875,,,,,,,4.731840133666992,,
2017-01-04,1159.4200439453125,,,,,,,4.837850093841553,,
2017-01-05,1191.0999755859375,,,,,,,4.945859909057617,,
2017-01-06,1046.81005859375,,,,,,,4.351650238037109,,
2017-01-07,908.5850219726562,,,,,,,3.9558799266815186,,
2017-01-08,942.7239990234375,,,,,,,4.015570163726807,,
2017-01-09,913.6859741210938,,,,,,,4.359389781951904,,
2017-01-10,914.8729858398438,,,,,,,4.682449817657471,,
2017-01-11,919.447998046875,,,,,,,4.6362199783325195,,
2017-01-12,826.2459716796875,,,,,,,4.02131986618042,,
2017-01-13,829.0009765625,,,,,,,3.9601099491119385,,
2017-01-14,835.0850219726562,,,,,,,3.946039915084839,,
2017-01-15,823.3070068359375,,,,,,,3.9519600868225098,,
2017-01-16,834.530029296875,,,,,,,3.95740008354187,,
2017-01-17,910.5609741210938,,,,,,,3.945319890975952,,
2017-01-18,917.4990234375,,,,,,,3.9511001110076904,,
2017-01-19,904.614013671875,,,,,,,3.9283900260925293,,
2017-01-20,899.3980102539062,,,,,,,3.909450054168701,,
2017-01-21,927.3670043945312,,,,,,,3.9186201095581055,,
2017-01-22,937.5250244140625,,,,,,,3.9173800945281982,,
2017-01-23,928.2659912109375,,,,,,,3.862109899520874,,
2017-01-24,924.14501953125,,,,,,,3.8416099548339844,,
2017-01-25,903.2520141601562,,,,,,,3.802000045776367,,
2017-01-26,919.3259887695312,,,,,,,3.8417201042175293,,
2017-01-27,923.2230224609375,,,,,,,3.863909959793091,,
2017-01-28,923.9110107421875,,,,,,,3.8671600818634033,,
2017-01-29,923.4180297851562,,,,,,,3.8592000007629395,,
2017-01-30,923.0479736328125,,,,,,,4.021249771118164,,
2017-01-31,972.0189819335938,,,,,,,4.100979804992676,,
2017-02-01,989.114013671875,,,,,,,4.131659984588623,,
2017-02-02,1013.52001953125,,,,,,,4.090929985046387,,
2017-02-03,1033.8699951171875,,,,,,,4.107349872589111,,
2017-02-04,1045.9000244140625,,,,,,,4.096560001373291,,
2017-02-05,1043.6300048828125,,,,,,,4.070479869842529,,
2017-02-06,1044.6400146484375,,,,,,,4.079380035400391,,
2017-02-07,1061.9300537109375,,,,,,,4.078750133514404,,
2017-02-08,1078.969970703125,,,,,,,4.080430030822754,,
2017-02-09,1088.989990234375,,,,,,,4.083059787750244,,
2017-02-10,998.905029296875,,,,,,,3.810879945755005,,
2017-02-11,1009.2899780273438,,,,,,,3.8045599460601807,,
2017-02-12,1004.760009765625,,,,,,,3.795870065689087,,
2017-02-13,1002.0999755859375,,,,,,,3.769479990005493,,
2017-02-14,1011.510009765625,,,,,,,3.7732601165771484,,
2017-02-15,1008.8400268554688,,,,,,,3.816279888153076,,
2017-02-16,1033.3699951171875,,,,,,,3.819780111312866,,
2017-02-17,1053.1700439453125,,,,,,,3.8394699096679688,,
2017-02-18,1061.0999755859375,,,,,,,3.828000068664551,,
2017-02-19,1056.81005859375,,,,,,,3.793639898300171,,
2017-02-20,1080.489990234375,,,,,,,3.784440040588379,,
2017-02-21,1117.25,,,,,,,3.7977700233459473,,
2017-02-22,1125.3900146484375,,,,,,,3.841130018234253,,
2017-02-23,1176.6199951171875,,,,,,,3.8472299575805664,,
2017-02-24,1200.3900146484375,,,,,,,3.8801300525665283,,
2017-02-25,1174.8499755859375,,,,,,,3.859910011291504,,
2017-02-26,1167.469970703125,,,,,,,3.8474199771881104,,
2017-02-27,1181.97998046875,,,,,,,3.8291499614715576,,
2017-02-28,1193.25,,,,,,,3.816279888153076,,
2017-03-01,1222.5,,,,,,,3.8144099712371826,,
2017-03-02,1262.1300048828125,,,,,,,4.111030101776123,,
2017-03-03,1280.31005859375,,,,,,,3.9966800212860107,,
2017-03-04,1279.4000244140625,,,,,,,3.9224600791931152,,
2017-03-05,1267.2900390625,,,,,,,3.901560068130493,,
2017-03-06,1276.0,,,,,,,3.9265999794006348,,
2017-03-07,1275.550048828125,,,,,,,3.9092600345611572,,
2017-03-08,1232.1600341796875,,,,,,,3.817270040512085,,
2017-03-09,1197.4599609375,,,,,,,3.8444700241088867,,
2017-03-10,1270.469970703125,,,,,,,3.879420042037964,,
2017-03-11,1193.8299560546875,,,,,,,3.8366000652313232,,
2017-03-12,1226.97998046875,,,,,,,3.8610401153564453,,
2017-03-13,1237.3699951171875,,,,,,,4.245510101318359,,
2017-03-14,1244.81005859375,,,,,,,4.173810005187988,,
2017-03-15,1251.6099853515625,,,,,,,4.1803998947143555,,
2017-03-16,1257.97998046875,,,,,,,4.383709907531738,,
2017-03-17,1180.1600341796875,,,,,,,4.233170032501221,,
2017-03-18,1114.0699462890625,,,,,,,4.1574602127075195,,
2017-03-19,1069.9100341796875,,,,,,,4.0271100997924805,,
2017-03-20,1063.030029296875,,,,,,,4.045420169830322,,
2017-03-21,1122.4300537109375,,,,,,,4.041059970855713,,
2017-03-22,1120.6500244140625,,,,,,,4.007050037384033,,
2017-03-23,1058.010009765625,,,,,,,4.002490043640137,,
2017-03-24,1040.469970703125,,,,,,,4.13070011138916,,
2017-03-25,975.760986328125,,,,,,,4.118919849395752,,
2017-03-26,1007.9600219726562,,,,,,,4.09876012802124,,
2017-03-27,1046.4000244140625,,,,,,,4.14346981048584,,
2017-03-28,1064.6500244140625,,,,,,,4.177149772644043,,
2017-03-29,1055.1300048828125,,,,,,,4.202010154724121,,
2017-03-30,1049.2900390625,,,,,,,7.044079780578613,,
2017-03-31,1074.9200439453125,,,,,,,7.074540138244629,,
2017-04-01,1091.719970703125,,,,,,,6.984220027923584,,
2017-04-02,1107.5899658203125,,,,,,,7.944149971008301,,
2017-04-03,1151.739990234375,,,,,,,8.63582992553711,,
2017-04-04,1156.43994140625,,,,,,,8.962369918823242,,
2017-04-05,1135.0899658203125,,,,,,,11.422499656677246,,
2017-04-06,1188.3699951171875,,,,,,,11.453800201416016,,
2017-04-07,1186.5799560546875,,,,,,,10.56029987335205,,
2017-04-08,1184.97998046875,,,,,,,10.351200103759766,,
2017-04-09,1197.2099609375,,,,,,,10.012299537658691,,
2017-04-10,1190.3399658203125,,,,,,,9.20125961303711,,
2017-04-11,1208.0699462890625,,,,,,,9.275870323181152,,
2017-04-12,1207.1400146484375,,,,,,,11.061599731445312,,
2017-04-13,1205.8900146484375,,,,,,,10.772199630737305,,
2017-04-14,1190.800048828125,,,,,,,10.506199836730957,,
2017-04-15,1188.0,,,,,,,11.002099990844727,,
2017-04-16,1187.219970703125,,,,,,,10.90369987487793,,
2017-04-17,1194.9000244140625,,,,,,,11.179800033569336,,
2017-04-18,1217.5699462890625,,,,,,,10.94219970703125,,
2017-04-19,1215.510009765625,,,,,,,10.34749984741211,,
2017-04-20,1240.7900390625,,,,,,,10.66349983215332,,
2017-04-21,1235.93994140625,,,,,,,11.536700248718262,,
2017-04-22,1235.56005859375,,,,,,,13.06820011138916,,
2017-04-23,1232.199951171875,,,,,,,14.406299591064453,,
2017-04-24,1250.93994140625,,,,,,,14.965499877929688,,
2017-04-25,1267.5799560546875,,,,,,,15.43019962310791,,
2017-04-26,1294.8299560546875,,,,,,,15.788000106811523,,
2017-04-27,1319.699951171875,,,,,,,15.003499984741211,,
2017-04-28,1331.280029296875,,,,,,,14.78380012512207,,
2017-04-29,1327.199951171875,,,,,,,15.766900062561035,,
2017-04-30,1347.9100341796875,,,,,,,16.07270050048828,,
2017-05-01,1434.3199462890625,,,,,,,16.365800857543945,,
2017-05-02,1473.9000244140625,,,,,,,16.231000900268555,,
2017-05-03,1492.77001953125,,,,,,,21.801799774169922,,
2017-05-04,1608.9100341796875,,,,,,,25.689599990844727,,
2017-05-05,1618.030029296875,,,,,,,27.846599578857422,,
2017-05-06,1578.800048828125,,,,,,,28.587099075317383,,
2017-05-07,1596.719970703125,,,,,,,31.368600845336914,,
2017-05-08,1723.3499755859375,,,,,,,30.738100051879883,,
2017-05-09,1833.489990234375,,,,,,,33.76060104370117,,
2017-05-10,1788.43994140625,,,,,,,37.3286018371582,,
2017-05-11,1873.9300537109375,,,,,,,32.90589904785156,,
2017-05-12,1856.1500244140625,,,,,,,31.67959976196289,,
2017-05-13,1812.989990234375,,,,,,,28.91200065612793,,
2017-05-14,1831.4200439453125,,,,,,,30.4507999420166,,
2017-05-15,1812.800048828125,,,,,,,28.93280029296875,,
2017-05-16,1785.93994140625,,,,,,,25.337600708007812,,
2017-05-17,1864.050048828125,,,,,,,25.949399948120117,,
2017-05-18,1904.47998046875,,,,,,,29.005300521850586,,
2017-05-19,2004.52001953125,,,,,,,28.41189956665039,,
2017-05-20,2084.72998046875,,,,,,,28.15690040588379,,
2017-05-21,2119.080078125,,,,,,,28.7367000579834,,
2017-05-22,2303.89990234375,,,,,,,27.504899978637695,,
2017-05-23,2320.820068359375,,,,,,,32.112098693847656,,
2017-05-24,2523.719970703125,,,,,,,35.16450119018555,,
2017-05-25,2763.7099609375,,,,,,,36.214900970458984,,
2017-05-26,2573.7900390625,,,,,,,31.315799713134766,,
2017-05-27,2260.199951171875,,,,,,,25.43079948425293,,
2017-05-28,2267.340087890625,,,,,,,26.072799682617188,,
2017-05-29,2307.050048828125,,,,,,,25.687999725341797,,
2017-05-30,2301.9599609375,,,,,,,26.134599685668945,,
2017-05-31,2311.080078125,,,,,,,25.57270050048828,,
2017-06-01,2448.389892578125,,,,,,,29.61989974975586,,
2017-06-02,2488.550048828125,,,,,,,29.888200759887695,,
2017-06-03,2581.909912109375,,,,,,,29.16939926147461,,
2017-06-04,2585.889892578125,,,,,,,27.939300537109375,,
2017-06-05,2686.81005859375,,,,,,,30.992900848388672,,
2017-06-06,2999.909912109375,,,,,,,31.33169937133789,,
2017-06-07,2869.3798828125,,,,,,,30.684900283813477,,
2017-06-08,2815.300048828125,,,,,,,30.342599868774414,,
2017-06-09,2901.7099609375,,,,,,,30.58930015563965,,
2017-06-10,2950.989990234375,,,,,,,30.58880043029785,,
2017-06-11,2996.60009765625,,,,,,,33.560699462890625,,
2017-06-12,2997.260009765625,,,,,,,33.230499267578125,,
2017-06-13,2789.0400390625,,,,,,,30.642900466918945,,
2017-06-14,2786.830078125,,,,,,,32.062801361083984,,
2017-06-15,2534.7099609375,,,,,,,30.374799728393555,,
2017-06-16,2539.919921875,,,,,,,35.70050048828125,,
2017-06-17,2685.18994140625,,,,,,,49.299598693847656,,
2017-06-18,2662.10009765625,,,,,,,47.44219970703125,,
2017-06-19,2662.85009765625,,,,,,,53.55099868774414,,
2017-06-20,2763.449951171875,,,,,,,51.46910095214844,,
2017-06-21,2772.010009765625,,,,,,,49.72829818725586,,
2017-06-22,2723.739990234375,,,,,,,48.85169982910156,,
2017-06-23,2765.169921875,,,,,,,48.423500061035156,,
2017-06-24,2757.93994140625,,,,,,,47.44329833984375,,
2017-06-25,2682.260009765625,,,,,,,46.215301513671875,,
2017-06-26,2615.25,,,,,,,44.34519958496094,,
2017-06-27,2552.449951171875,,,,,,,41.38850021362305,,
2017-06-28,2603.97998046875,,,,,,,43.61370086669922,,
2017-06-29,2588.830078125,,,,,,,42.830101013183594,,
2017-06-30,2559.25,,,,,,,41.746700286865234,,
2017-07-01,2515.27001953125,,,,,,,40.57830047607422,,
2017-07-02,2514.280029296875,,,,,,,43.26689910888672,,
2017-07-03,2595.0,,,,,,,48.403900146484375,,
2017-07-04,2631.590087890625,,,,,,,55.424400329589844,,
2017-07-05,2622.64990234375,,,,,,,56.034698486328125,,
2017-07-06,2616.719970703125,,,,,,,53.195499420166016,,
2017-07-07,2916.139892578125,,,,,,,51.13600158691406,,
2017-07-08,2571.340087890625,,,,,,,52.74509811401367,,
2017-07-09,2635.489990234375,,,,,,,53.308799743652344,,
2017-07-10,2537.159912109375,,,,,,,50.5348014831543,,
2017-07-11,2413.469970703125,,,,,,,47.389400482177734,,
2017-07-12,2423.7099609375,,,,,,,49.070499420166016,,
2017-07-13,2425.219970703125,,,,,,,49.04930114746094,,
2017-07-14,2363.25,,,,,,,46.477699279785156,,
2017-07-15,2231.139892578125,,,,,,,42.805301666259766,,
2017-07-16,2058.77001953125,,,,,,,41.96929931640625,,
2017-07-17,2230.489990234375,,,,,,,43.073001861572266,,
2017-07-18,2387.610107421875,,,,,,,45.33039855957031,,
2017-07-19,2397.169921875,,,,,,,44.418800354003906,,
2017-07-20,2900.699951171875,,,,,,,45.4474983215332,,
2017-07-21,2838.409912109375,,,,,,,47.4474983215332,,
2017-07-22,2862.419921875,,,,,,,46.79869842529297,,
2017-07-23,2832.179931640625,,,,,,,46.63970184326172,,
2017-07-24,2777.260009765625,,,,,,,44.811500549316406,,
2017-07-25,2768.080078125,,,,,,,44.78879928588867,,
2017-07-26,2610.760009765625,,,,,,,42.69860076904297,,
2017-07-27,2693.320068359375,,,,,,,42.61949920654297,,
2017-07-28,2897.449951171875,,,,,,,42.470298767089844,,
2017-07-29,2808.760009765625,,,,,,,41.34120178222656,,
2017-07-30,2758.530029296875,,,,,,,41.81769943237305,,
2017-07-31,2889.6201171875,,,,,,,44.03340148925781,,
2017-08-01,2921.35009765625,,,,,,,43.77000045776367,,
2017-08-02,2762.530029296875,,,,,,,43.206298828125,,
2017-08-03,2813.31005859375,,,,,,,43.16740036010742,,
2017-08-04,2899.330078125,,,,,,,43.71310043334961,,
2017-08-05,3290.010009765625,,,,,,,46.91659927368164,,
2017-08-06,3293.2900390625,,,,,,,47.301300048828125,,
2017-08-07,3397.679931640625,,,,,,,46.48400115966797,,
2017-08-08,3484.85009765625,,,,,,,49.36830139160156,,
2017-08-09,3422.760009765625,,,,,,,50.22639846801758,,
2017-08-10,3453.449951171875,,,,,,,48.50699996948242,,
2017-08-11,3679.719970703125,,,,,,,47.327301025390625,,
2017-08-12,3949.919921875,,,,,,,47.62350082397461,,
2017-08-13,4208.39013671875,,,,,,,48.07279968261719,,
2017-08-14,4325.1298828125,,,,,,,46.51089859008789,,
2017-08-15,4455.97021484375,,,,,,,45.83570098876953,,
2017-08-16,4381.22998046875,,,,,,,45.056400299072266,,
2017-08-17,4484.7001953125,,,,,,,44.832000732421875,,
2017-08-18,4370.1298828125,,,,,,,47.859500885009766,,
2017-08-19,4243.259765625,,,,,,,47.08169937133789,,
2017-08-20,4196.2900390625,,,,,,,47.54610061645508,,
2017-08-21,4109.14013671875,,,,,,,48.74760055541992,,
2017-08-22,4128.759765625,,,,,,,47.895198822021484,,
2017-08-23,4255.77978515625,,,,,,,54.77989959716797,,
2017-08-24,4376.39013671875,,,,,,,53.280399322509766,,
2017-08-25,4455.7001953125,,,,,,,52.13479995727539,,
2017-08-26,4379.27978515625,,,,,,,52.26029968261719,,
2017-08-27,4416.58984375,,,,,,,64.44229888916016,,
2017-08-28,4403.93017578125,,,,,,,64.91999816894531,,
2017-08-29,4625.68017578125,,,,,,,63.28630065917969,,
2017-08-30,4626.52001953125,,,,,,,64.21369934082031,,
2017-08-31,4736.0498046875,,,,,,,72.28070068359375,,
2017-09-01,4892.009765625,,,,,,,87.40589904785156,,
2017-09-02,4975.0400390625,,,,,,,92.06520080566406,,
2017-09-03,4714.080078125,,,,,,,82.82980346679688,,
2017-09-04,4591.6298828125,,,,,,,76.73210144042969,,
2017-09-05,4427.83984375,,,,,,,72.4437026977539,,
2017-09-06,4617.25,,,,,,,80.63899993896484,,
2017-09-07,4655.0400390625,,,,,,,81.05500030517578,,
2017-09-08,4661.0,,,,,,,80.1260986328125,,
2017-09-09,4308.81982421875,,,,,,,69.55380249023438,,
2017-09-10,4245.43994140625,,,,,,,65.95120239257812,,
2017-09-11,4261.669921875,,,,,,,67.23249816894531,,
2017-09-12,4344.64990234375,,,,,,,70.25299835205078,,
2017-09-13,4131.97998046875,,,,,,,64.59700012207031,,
2017-09-14,3920.60009765625,,,,,,,62.426700592041016,,
2017-09-15,3733.449951171875,,,,,,,50.647701263427734,,
2017-09-16,3808.840087890625,,,,,,,52.829200744628906,,
2017-09-17,3664.81005859375,,,,,,,49.88180160522461,,
2017-09-18,4079.22998046875,,,,,,,55.614898681640625,,
2017-09-19,4094.070068359375,,,,,,,55.88330078125,,
2017-09-20,4031.389892578125,,,,,,,53.829898834228516,,
2017-09-21,3916.419921875,,,,,,,52.31420135498047,,
2017-09-22,3758.27001953125,,,,,,,49.092098236083984,,
2017-09-23,3819.2099609375,,,,,,,49.78950119018555,,
2017-09-24,3796.14990234375,,,,,,,49.268699645996094,,
2017-09-25,3950.25,,,,,,,52.438899993896484,,
2017-09-26,3969.889892578125,,,,,,,53.70249938964844,,
2017-09-27,4210.0498046875,,,,,,,56.54059982299805,,
2017-09-28,4279.31005859375,,,,,,,56.67129898071289,,
2017-09-29,4214.6298828125,,,,,,,54.1599006652832,,
2017-09-30,4358.43017578125,,,,,,,55.234500885009766,,
2017-10-01,4403.740234375,,,,,,,55.161598205566406,,
2017-10-02,4470.22998046875,,,,,,,54.7848014831543,,
2017-10-03,4432.47021484375,,,,,,,53.59299850463867,,
2017-10-04,4352.31005859375,,,,,,,53.04610061645508,,
2017-10-05,4362.64013671875,,,,,,,51.865501403808594,,
2017-10-06,4413.27001953125,,,,,,,52.60309982299805,,
2017-10-07,4443.8798828125,,,,,,,52.74980163574219,,
2017-10-08,4624.14013671875,,,,,,,54.50510025024414,,
2017-10-09,4878.7099609375,,,,,,,53.38819885253906,,
2017-10-10,4922.169921875,,,,,,,51.67129898071289,,
2017-10-11,4873.72998046875,,,,,,,51.13639831542969,,
2017-10-12,5446.91015625,,,,,,,60.107601165771484,,
2017-10-13,5840.2998046875,,,,,,,60.961700439453125,,
2017-10-14,5837.7001953125,,,,,,,66.19300079345703,,
2017-10-15,5852.47998046875,,,,,,,70.09380340576172,,
2017-10-16,5776.22998046875,,,,,,,66.33580017089844,,
2017-10-17,5800.35009765625,,,,,,,64.69550323486328,,
2017-10-18,5603.81982421875,,,,,,,61.74760055541992,,
2017-10-19,5744.35009765625,,,,,,,61.292198181152344,,
2017-10-20,6060.10986328125,,,,,,,61.88420104980469,,
2017-10-21,6194.8798828125,,,,,,,60.520999908447266,,
2017-10-22,6076.259765625,,,,,,,58.650699615478516,,
2017-10-23,6075.58984375,,,,,,,56.77069854736328,,
2017-10-24,5935.52001953125,,,,,,,59.10129928588867,,
2017-10-25,5754.330078125,,,,,,,56.580101013183594,,
2017-10-26,5976.7998046875,,,,,,,57.14540100097656,,
2017-10-27,5988.39013671875,,,,,,,56.25400161743164,,
2017-10-28,5876.72021484375,,,,,,,56.13180160522461,,
2017-10-29,6255.7099609375,,,,,,,57.75199890136719,,
2017-10-30,6214.990234375,,,,,,,58.549598693847656,,
2017-10-31,6470.43017578125,,,,,,,56.78710174560547,,
2017-11-01,6767.31005859375,,,,,,,55.740699768066406,,
2017-11-02,7367.330078125,,,,,,,55.27750015258789,,
2017-11-03,7461.2900390625,,,,,,,56.29209899902344,,
2017-11-04,7492.85986328125,,,,,,,56.36880111694336,,
2017-11-05,7617.47998046875,,,,,,,55.47679901123047,,
2017-11-06,7445.77001953125,,,,,,,56.173099517822266,,
2017-11-07,7253.31982421875,,,,,,,63.81050109863281,,
2017-11-08,7776.419921875,,,,,,,64.06500244140625,,
2017-11-09,7446.830078125,329.4519958496094,,0.22179099917411804,0.0014149999478831887,0.03505999967455864,0.24823300540447235,66.83830261230469,670.135986328125,123.40499877929688
2017-11-10,7312.0,324.7179870605469,,0.2190680056810379,0.0014309999532997608,0.033348001539707184,0.23127999901771545,65.89640045166016,1034.77001953125,121.66500091552734
2017-11-11,6873.14990234375,319.4530029296875,,0.2144560068845749,0.0012570000253617764,0.029658999294042587,0.19768700003623962,63.71160125732422,1403.6600341796875,127.10600280761719
2017-11-12,6625.0498046875,319.15301513671875,,0.21021400392055511,0.0012100000167265534,0.027952000498771667,0.19837599992752075,62.309200286865234,2477.64990234375,133.6750030517578
2017-11-13,6811.18994140625,328.4150085449219,,0.2040809988975525,0.0012120000319555402,0.02630000002682209,0.20501400530338287,62.764400482177734,1501.1600341796875,136.5279998779297
2017-11-14,6764.97998046875,340.177001953125,,0.21369299292564392,0.0012390000047162175,0.026788000017404556,0.19996799528598785,63.812400817871094,1390.2099609375,124.20099639892578
2017-11-15,7342.25,340.9119873046875,,0.2131049931049347,0.0013510000426322222,0.027773000299930573,0.19351300597190857,65.52469635009766,1326.3900146484375,124.72200012207031
2017-11-16,7967.3798828125,336.15899658203125,,0.2717899978160858,0.001424000016413629,0.02817000076174736,0.18844400346279144,72.4791030883789,1210.3599853515625,128.08799743652344
2017-11-17,8004.58984375,334.9639892578125,,0.23940899968147278,0.0013940000208094716,0.027435999363660812,0.17153500020503998,71.11840057373047,1217.4200439453125,126.69999694824219
2017-11-18,7884.990234375,349.6159973144531,,0.2303989976644516,0.0013849999522790313,0.027122000232338905,0.17791199684143066,69.7656021118164,1388.1099853515625,135.01199340820312
2017-11-19,8101.91015625,371.2909851074219,,0.2362309992313385,0.001420999993570149,0.028478000313043594,0.17381200194358826,72.98079681396484,1262.3399658203125,133.6179962158203
2017-11-20,8336.8603515625,372.1369934082031,,0.2434300035238266,0.0014280000468716025,0.03229999914765358,0.1662829965353012,72.91840362548828,1236.010009765625,140.55099487304688
2017-11-21,8348.66015625,372.4700012207031,,0.24097399413585663,0.0014459999511018395,0.029709000140428543,0.16800500452518463,72.53450012207031,1224.1500244140625,142.21400451660156
2017-11-22,8302.259765625,381.4200134277344,,0.24084800481796265,0.002053000032901764,0.029033999890089035,0.1745689958333969,71.95099639892578,1335.25,173.44900512695312
2017-11-23,8267.400390625,425.5480041503906,,0.25009599328041077,0.0022460001055151224,0.02867799997329712,0.19033800065517426,76.39679718017578,1683.81005859375,172.91900634765625
2017-11-24,8374.16015625,480.9729919433594,,0.245388001203537,0.0019779999274760485,0.028596999123692513,0.1933789998292923,77.96829986572266,1782.8299560546875,162.94200134277344
2017-11-25,8790.919921875,485.1919860839844,,0.2556999921798706,0.0020719999447464943,0.03044700063765049,0.19324199855327606,89.36720275878906,1656.550048828125,170.10400390625
2017-11-26,9522.9296875,472.7229919433594,,0.2529140114784241,0.002131999935954809,0.039854999631643295,0.1859229952096939,88.93930053710938,1758.6099853515625,168.72000122070312
2017-11-27,9818.349609375,493.4049987792969,,0.25473299622535706,0.0020359999034553766,0.05712699890136719,0.1855420023202896,93.28620147705078,1742.4000244140625,173.39199829101562
2017-11-28,10125.7001953125,482.4800109863281,,0.3010840117931366,0.002363000065088272,0.13173000514507294,0.1921350061893463,96.03379821777344,1629.47998046875,203.2100067138672
2017-11-29,11517.400390625,522.3070068359375,,0.2978670001029968,0.002581000095233321,0.14690600335597992,0.1822959929704666,104.60900115966797,1673.22998046875,214.27499389648438
2017-11-30,10801.0,465.49700927734375,,0.2615239918231964,0.002271000063046813,0.12830300629138947,0.17679700255393982,93.53990173339844,1468.75,195.3939971923828
2017-12-01,11046.7001953125,472.6090087890625,,0.2588280141353607,0.002237000036984682,0.1313520073890686,0.1795639991760254,100.41200256347656,1482.6800537109375,191.8489990234375
2017-12-02,11320.2001953125,476.239013671875,,0.2592180073261261,0.0022120000794529915,0.1388690024614334,0.2221750020980835,103.79499816894531,1502.3699951171875,205.26400756835938
2017-12-03,11858.7001953125,482.8139953613281,,0.26307201385498047,0.0023399998899549246,0.1392199993133545,0.2555280029773712,106.39099884033203,1649.300048828125,209.08599853515625
2017-12-04,11657.2001953125,474.7770080566406,,0.25536200404167175,0.002474999986588955,0.14594599604606628,0.2532700002193451,104.23600006103516,1580.1099853515625,210.24200439453125
2017-12-05,12032.0,473.5580139160156,,0.25398799777030945,0.0026759998872876167,0.13640399277210236,0.3138769865036011,104.3030014038086,1623.1600341796875,272.64300537109375
2017-12-06,14369.099609375,462.7080078125,,0.2457049936056137,0.0026630000211298466,0.13285499811172485,0.35364899039268494,104.81800079345703,1530.6500244140625,316.6679992675781
2017-12-07,17899.69921875,441.3970031738281,,0.23375999927520752,0.002858000108972192,0.12417600303888321,0.3083530068397522,101.34300231933594,1454.72998046875,300.3219909667969
2017-12-08,18353.400390625,466.06201171875,,0.278672993183136,0.0028460000175982714,0.12072599679231644,0.2734859883785248,133.07000732421875,1731.3199462890625,284.8609924316406
2017-12-09,16783.0,504.1470031738281,,0.2556839883327484,0.0028460000175982714,0.1386599987745285,0.2677049934864044,171.55099487304688,1526.4000244140625,281.39801025390625
2017-12-10,15850.599609375,472.78900146484375,,0.24554799497127533,0.002741999924182892,0.11979400366544724,0.2670010030269623,155.6269989013672,1411.8399658203125,262.89898681640625
2017-12-11,17513.900390625,516.968994140625,,0.25277701020240784,0.002893999917432666,0.12138299643993378,0.2879509925842285,225.28700256347656,1453.489990234375,281.0329895019531
2017-12-12,17781.80078125,657.3179931640625,,0.43410199880599976,0.0033809999004006386,0.1380079984664917,0.27026399970054626,341.7239990234375,1638.2900390625,319.8970031738281
2017-12-13,17653.099609375,747.9929809570312,,0.5137680172920227,0.0038840000052005053,0.14185400307178497,0.2880130112171173,341.7950134277344,1702.530029296875,330.34600830078125
2017-12-14,17085.80078125,753.1209716796875,,0.8922669887542725,0.003717999905347824,0.24075299501419067,0.36684298515319824,311.3190002441406,2080.409912109375,335.5270080566406
2017-12-15,18154.099609375,697.1320190429688,,0.8617600202560425,0.00380899989977479,0.23320899903774261,0.3544520139694214,316.406005859375,1974.6600341796875,326.07598876953125
2017-12-16,19716.69921875,718.385009765625,,0.8159229755401611,0.006250999867916107,0.4471920132637024,0.3528600037097931,309.9010009765625,1890.06005859375,331.5429992675781
2017-12-17,20089.0,735.8250122070312,,0.7659810185432434,0.007627999875694513,0.5924170017242432,0.4444209933280945,332.5899963378906,1939.9300537109375,365.2439880371094
2017-12-18,19371.0,803.927978515625,,0.7920140027999878,0.006808999925851822,0.5264959931373596,0.4349069893360138,360.9330139160156,2353.639892578125,381.5119934082031
2017-12-19,19177.80078125,881.9439697265625,,0.86353600025177,0.006692999973893166,0.58958899974823,0.5086029767990112,375.2860107421875,2918.929931640625,406.03399658203125
2017-12-20,17934.69921875,845.06201171875,,0.7890440225601196,0.007067000027745962,0.5337049961090088,0.4387289881706238,349.60400390625,4355.6201171875,476.39801025390625
2017-12-21,17567.69921875,880.5430297851562,,1.2362200021743774,0.008767999708652496,0.5236189961433411,0.4664340019226074,339.739013671875,3909.0,470.2869873046875
2017-12-22,15943.400390625,827.6829833984375,,1.3791799545288086,0.007625000085681677,0.47897401452064514,0.4563310146331787,320.302001953125,3369.550048828125,423.4219970703125
2017-12-23,15603.2001953125,763.89501953125,,1.2080999612808228,0.008076000027358532,0.4503679871559143,0.7233859896659851,312.6679992675781,3479.7099609375,417.6470031738281
2017-12-24,14626.0,721.7689819335938,,1.1755800247192383,0.008948000147938728,0.41666099429130554,0.6043739914894104,291.00799560546875,3260.550048828125,391.0150146484375
2017-12-25,14593.0,782.52099609375,,1.1285200119018555,0.010728999972343445,0.43970000743865967,0.5845419764518738,286.7900085449219,3099.6201171875,365.86700439453125
2017-12-26,16461.19921875,786.7899780273438,,1.1913100481033325,0.009623000398278236,0.4300859868526459,0.5496370196342468,289.510986328125,3112.639892578125,384.77099609375
2017-12-27,16930.900390625,789.2529907226562,,1.468459963798523,0.009608999826014042,0.43082699179649353,0.5306689739227295,290.9440002441406,3108.320068359375,442.5950012207031
2017-12-28,15888.400390625,763.3189697265625,,1.5008000135421753,0.008856000378727913,0.4189339876174927,0.5136370062828064,273.177001953125,2896.780029296875,422.5069885253906
2017-12-29,15279.0,770.1170043945312,,2.2651500701904297,0.009476999752223492,0.5568789839744568,0.5184469819068909,258.0409851074219,2922.409912109375,387.56298828125
2017-12-30,14681.900390625,753.8150024414062,,2.854530096054077,0.00944599974900484,0.7773849964141846,0.5861279964447021,245.43299865722656,2791.550048828125,378.52099609375
2017-12-31,14377.400390625,760.3480224609375,,2.3919999599456787,0.00927400030195713,0.7544460296630859,0.6135380268096924,237.79100036621094,2627.949951171875,356.7659912109375
2018-01-01,14112.2001953125,782.530029296875,,2.3910300731658936,0.009062999859452248,0.7300509810447693,0.7361029982566833,236.63400268554688,2534.860107421875,363.7879943847656
2018-01-02,15444.599609375,914.8300170898438,,2.489190101623535,0.009597999975085258,0.7946460247039795,0.7643349766731262,263.625,2867.139892578125,387.7900085449219
2018-01-03,15572.7998046875,974.4710083007812,,3.2793800830841064,0.009584000334143639,1.085669994354248,0.7042499780654907,260.74200439453125,2958.469970703125,418.25799560546875
2018-01-04,15739.7001953125,1045.0799560546875,,3.841939926147461,0.010036000050604343,1.3272099494934082,1.0221500396728516,245.47500610351562,2610.199951171875,419.7179870605469
2018-01-05,17705.19921875,1075.3900146484375,,3.5646800994873047,0.01228300016373396,1.2524199485778809,1.2638599872589111,256.14801025390625,2648.320068359375,407.0350036621094
2018-01-06,17712.400390625,1060.7099609375,,3.236560106277466,0.0157880000770092,1.054010033607483,1.1922800540924072,323.114990234375,2829.68994140625,452.77099609375
2018-01-07,17579.599609375,1153.1700439453125,,3.4872500896453857,0.018773000687360764,1.0439599752426147,1.3217799663543701,305.5270080566406,3071.159912109375,495.83599853515625
2018-01-08,16537.900390625,1266.9300537109375,,3.363569974899292,0.017664000391960144,0.9993289709091187,1.4350199699401855,289.0690002441406,2810.320068359375,469.7049865722656
2018-01-09,15497.5,1320.97998046875,,2.5289599895477295,0.015568999573588371,0.919435977935791,1.4246699810028076,258.50299072265625,2502.8701171875,447.6050109863281
2018-01-10,14973.2998046875,1417.3800048828125,,2.158869981765747,0.013559999875724316,0.8162519931793213,1.2644799947738647,251.0540008544922,2961.199951171875,419.06500244140625
2018-01-11,15018.7998046875,1337.300048828125,,2.2489800453186035,0.013152999803423882,0.7915220260620117,1.2934800386428833,255.04800415039062,2976.489990234375,415.89599609375
2018-01-12,14229.900390625,1296.0400390625,,2.156820058822632,0.013338999822735786,0.9322689771652222,1.1414200067520142,243.5919952392578,2648.22998046875,394.7829895019531
2018-01-13,14659.5,1432.8800048828125,,2.1187000274658203,0.013652999885380268,0.9693250060081482,1.284000039100647,263.19500732421875,2850.27001953125,433.34600830078125
2018-01-14,14511.7998046875,1400.56005859375,,2.0185201168060303,0.013186999596655369,0.8819609880447388,1.1545900106430054,270.85198974609375,2746.610107421875,444.0140075683594
2018-01-15,14445.5,1390.5899658203125,,1.9008100032806396,0.0117790000513196,0.8845059871673584,1.037019968032837,245.00399780273438,2576.1298828125,444.3429870605469
2018-01-16,13843.099609375,1292.6300048828125,,1.7013800144195557,0.009863000363111496,0.7806209921836853,0.881771981716156,232.81700134277344,2406.860107421875,418.98699951171875
2018-01-17,11678.0,1090.22998046875,,1.376729965209961,0.007741000037640333,0.6785169839859009,0.768202006816864,197.7899932861328,1875.0799560546875,332.1189880371094
2018-01-18,12107.2998046875,1100.31005859375,,1.7331899404525757,0.008732999674975872,0.7110080122947693,0.819819986820221,207.01600646972656,1893.469970703125,347.114013671875
2018-01-19,11992.7998046875,1093.219970703125,,1.702139973640442,0.008434999734163284,0.6885200142860413,0.9082270264625549,202.0749969482422,1870.780029296875,367.9570007324219
2018-01-20,13103.0,1167.1099853515625,,1.6283299922943115,0.008648999966681004,0.7262420058250427,1.2193000316619873,214.58799743652344,2124.449951171875,403.489013671875
2018-01-21,12895.900390625,1155.6800537109375,,1.5762300491333008,0.008438000455498695,0.7063909769058228,1.195639967918396,211.23500061035156,2033.699951171875,389.1109924316406
2018-01-22,11966.400390625,1089.0999755859375,,1.4284100532531738,0.0076060001738369465,0.6314849853515625,1.0158599615097046,195.24600219726562,1815.4200439453125,356.0369873046875
2018-01-23,11377.599609375,1023.22998046875,,1.4347200393676758,0.0070489998906850815,0.5922309756278992,0.8628389835357666,186.30599975585938,1700.3399658203125,321.69500732421875
2018-01-24,11501.400390625,1062.43994140625,,1.4249600172042847,0.007216999772936106,0.6360089778900146,0.8341159820556641,186.2790069580078,1703.3399658203125,323.1929931640625
2018-01-25,11785.7001953125,1104.6600341796875,,1.3848400115966797,0.007763000205159187,0.6830229759216309,0.8326629996299744,185.42300415039062,1707.699951171875,327.9960021972656
2018-01-26,11656.7001953125,1080.5999755859375,,1.3260200023651123,0.007981999777257442,0.6528480052947998,0.787676990032196,182.89199829101562,1678.6300048828125,328.7799987792969
2018-01-27,11614.900390625,1121.97998046875,,1.2394800186157227,0.007544999942183495,0.6329560279846191,0.8463730216026306,183.1540069580078,1665.81005859375,332.82598876953125
2018-01-28,12040.2998046875,1257.77001953125,,1.4381200075149536,0.007681000046432018,0.6819459795951843,0.8559330105781555,194.6790008544922,1762.3399658203125,337.1579895019531
2018-01-29,11875.599609375,1256.699951171875,,1.4052499532699585,0.007521999999880791,0.6693729758262634,0.7615249752998352,194.38600158691406,1763.239990234375,336.6860046386719
2018-01-30,11307.2001953125,1184.6300048828125,,1.328179955482483,0.00699200015515089,0.6247990131378174,0.7000049948692322,181.51800537109375,1662.0699462890625,318.0090026855469
2018-01-31,10381.599609375,1128.6600341796875,,1.1909300088882446,0.006219000089913607,0.5502520203590393,0.624019980430603,167.0679931640625,1522.8699951171875,284.0199890136719
2018-02-01,10288.7998046875,1161.3499755859375,,1.162600040435791,0.006089999806135893,0.5353220105171204,0.6234009861946106,165.81399536132812,1503.300048828125,279.7829895019531
2018-02-02,9142.2802734375,1035.77001953125,,0.9606419801712036,0.005022999830543995,0.4194599986076355,0.5238369703292847,142.56199645996094,1272.5,249.2729949951172
2018-02-03,9430.75,991.9429931640625,,0.9747989773750305,0.005495000164955854,0.5016390085220337,0.5447919964790344,165.55499267578125,1314.4300537109375,256.9750061035156
2018-02-04,9334.8701171875,969.031982421875,,0.9529470205307007,0.0053170002065598965,0.48014000058174133,0.5257539749145508,173.79600524902344,1286.97998046875,257.3900146484375
2018-02-05,8364.83984375,856.64599609375,,0.8338660001754761,0.004470000043511391,0.399522989988327,0.4370979964733124,153.5240020751953,1172.699951171875,221.73699951171875
2018-02-06,7850.7001953125,796.4390258789062,,0.7860040068626404,0.004420999903231859,0.3787190020084381,0.43851399421691895,146.11399841308594,978.9119873046875,213.46099853515625
2018-02-07,8509.1103515625,851.2000122070312,,0.8054779767990112,0.004800000227987766,0.37721899151802063,0.4436439871788025,157.8979949951172,1040.489990234375,231.25
2018-02-08,8558.76953125,845.0859985351562,,0.8069700002670288,0.004871999844908714,0.3675040006637573,0.4331269860267639,151.08099365234375,1345.199951171875,253.1199951171875
2018-02-09,8736.98046875,884.0040283203125,,0.9544280171394348,0.005011000204831362,0.3941330015659332,0.44001999497413635,163.97999572753906,1342.4100341796875,260.8389892578125
2018-02-10,9122.5498046875,917.4000244140625,,1.3005900382995605,0.0054410002194345,0.46276599168777466,0.48011401295661926,169.32899475097656,1394.81005859375,271.8240051269531
2018-02-11,8616.1298828125,859.2880249023438,,1.0750999450683594,0.0051830001175403595,0.40519601106643677,0.43564900755882263,155.7310028076172,1306.199951171875,249.44200134277344
2018-02-12,8985.919921875,875.93701171875,,1.1067299842834473,0.005508000031113625,0.39330700039863586,0.519707977771759,163.34800720214844,1302.6600341796875,251.41400146484375
2018-02-13,8958.4697265625,870.708984375,,1.0829299688339233,0.0056779999285936356,0.38701799511909485,0.624750018119812,162.37399291992188,1289.4200439453125,248.875
2018-02-14,9518.5400390625,926.4290161132812,,1.1650999784469604,0.006785999983549118,0.4013209939002991,0.5879160165786743,218.2310028076172,1384.06005859375,276.6619873046875
2018-02-15,10234.7998046875,951.947998046875,,1.1639599800109863,0.007947999984025955,0.41668701171875,0.5793579816818237,237.8769989013672,1400.7099609375,304.7829895019531
2018-02-16,10324.099609375,950.0050048828125,,1.1518399715423584,0.00748499995097518,0.41240400075912476,0.6666010022163391,236.08799743652344,1558.6600341796875,302.10101318359375
2018-02-17,11139.5,976.594970703125,,1.2175899744033813,0.007321999873965979,0.4280740022659302,0.6839010119438171,233.4510040283203,1568.6400146484375,334.7130126953125
2018-02-18,11349.7998046875,982.9329833984375,,1.2073400020599365,0.007143999915570021,0.4200100004673004,0.7813569903373718,232.6439971923828,1641.4000244140625,327.7699890136719
2018-02-19,11273.7998046875,957.7769775390625,,1.1664299964904785,0.006938000209629536,0.39660799503326416,0.8759070038795471,226.9669952392578,1553.81005859375,319.7309875488281
2018-02-20,11958.5,965.2650146484375,,1.1744799613952637,0.008287999778985977,0.40432900190353394,0.820339024066925,253.8979949951172,1569.030029296875,321.72698974609375
2018-02-21,11418.5,912.375,,1.0958800315856934,0.0073910001665353775,0.3835130035877228,0.7342709898948669,235.41000366210938,1423.93994140625,339.68701171875
2018-02-22,11039.099609375,875.926025390625,,1.047320008277893,0.006868999917060137,0.37211599946022034,0.7138410210609436,222.76800537109375,1350.3399658203125,327.28399658203125
2018-02-23,10487.2998046875,886.3179931640625,,1.027209997177124,0.006949000060558319,0.35124000906944275,0.6766930222511292,216.1320037841797,1319.3299560546875,299.4429931640625
2018-02-24,10597.2001953125,879.531005859375,,1.0139399766921997,0.006897999905049801,0.3524880111217499,0.7184029817581177,220.3070068359375,1309.3800048828125,295.489990234375
2018-02-25,9923.2197265625,853.14599609375,,0.9675970077514648,0.006411000154912472,0.35457199811935425,0.6998270153999329,225.5489959716797,1210.199951171875,284.03900146484375
2018-02-26,10475.0,880.3920288085938,,0.9709060192108154,0.006498999893665314,0.34695500135421753,0.6983479857444763,234.41700744628906,1274.8599853515625,300.3280029296875
2018-02-27,10878.5,896.2589721679688,,0.9725800156593323,0.006574000231921673,0.3411889970302582,0.7351800203323364,224.20899963378906,1297.68994140625,309.1029968261719
2018-02-28,11089.7998046875,890.1079711914062,,0.9555500149726868,0.006450999993830919,0.3361630141735077,0.740327000617981,223.50999450683594,1275.6600341796875,305.7460021972656
2018-03-01,11052.2998046875,880.302001953125,,0.9537960290908813,0.006320000160485506,0.3119730055332184,0.6808559894561768,214.697998046875,1303.449951171875,315.6730041503906
2018-03-02,11189.0,876.3779907226562,,0.9339119791984558,0.006231999956071377,0.3070580065250397,0.6737989783287048,213.12899780273438,1303.6600341796875,351.385986328125
2018-03-03,11528.2001953125,868.4539794921875,,0.9265120029449463,0.005756000056862831,0.309128999710083,0.6694309711456299,217.76300048828125,1302.800048828125,374.72100830078125
2018-03-04,11512.599609375,867.9500122070312,,1.0263099670410156,0.005501999985426664,0.30358800292015076,0.6401090025901794,214.1199951171875,1289.719970703125,369.0710144042969
2018-03-05,11704.099609375,869.9199829101562,,1.0802099704742432,0.005535000003874302,0.31772300601005554,0.6080930233001709,215.97799682617188,1291.8800048828125,379.67999267578125
2018-03-06,11500.099609375,853.8170166015625,,0.9913060069084167,0.005135999992489815,0.3030189871788025,0.5836899876594543,210.51300048828125,1264.18994140625,368.8890075683594
2018-03-07,10929.5,825.6069946289062,,0.9306589961051941,0.00470399996265769,0.28759801387786865,0.5675190091133118,199.27499389648438,1218.8399658203125,364.75201416015625
2018-03-08,10147.400390625,773.7670288085938,,0.888562023639679,0.004418000113219023,0.25435400009155273,0.5235400199890137,188.14700317382812,1113.6099853515625,338.1289978027344
2018-03-09,9466.349609375,729.156005859375,,0.8561819791793823,0.004145999904721975,0.22511500120162964,0.49236199259757996,189.9149932861328,1071.6500244140625,288.0899963378906
2018-03-10,9531.3203125,748.031005859375,,0.8604429960250854,0.004379000049084425,0.22655799984931946,0.5113139748573303,194.6479949951172,1087.300048828125,295.7919921875
2018-03-11,9711.8896484375,735.8309936523438,,0.8404070138931274,0.00431999983265996,0.22732199728488922,0.5166879892349243,193.4770050048828,1157.0699462890625,287.1679992675781
2018-03-12,9937.5,742.5139770507812,,0.8383280038833618,0.004273000173270702,0.2373420000076294,0.5634210109710693,193.33999633789062,1152.56005859375,287.0899963378906
2018-03-13,9470.3798828125,713.7349853515625,,0.8057289719581604,0.004234000109136105,0.22914600372314453,0.5656419992446899,181.8699951171875,1100.0699462890625,266.35101318359375
2018-03-14,9355.849609375,702.7839965820312,,0.7990800142288208,0.004017999861389399,0.23314699530601501,0.5774059891700745,177.5469970703125,1073.1199951171875,251.83099365234375
2018-03-15,8428.349609375,620.6160278320312,,0.7306730151176453,0.003619000082835555,0.2016109973192215,0.44459500908851624,167.33200073242188,954.4110107421875,225.96099853515625
2018-03-16,8585.150390625,623.1680297851562,,0.7117800116539001,0.003654999891296029,0.18678799271583557,0.44216200709342957,171.25799560546875,1053.6300048828125,222.38099670410156
2018-03-17,8346.5302734375,609.1510009765625,,0.6894339919090271,0.0035500000230968,0.1791599988937378,0.4239940047264099,165.21800231933594,1028.72998046875,215.843994140625
2018-03-18,8245.509765625,551.6400146484375,,0.6775910258293152,0.003280000062659383,0.16195900738239288,0.3803260028362274,156.1540069580078,948.2760009765625,209.63299560546875
2018-03-19,8675.8701171875,558.0999755859375,,0.7490800023078918,0.0035039999056607485,0.19764800369739532,0.38631001114845276,163.0489959716797,997.2760009765625,222.0019989013672
2018-03-20,9051.01953125,567.0900268554688,,0.7367590069770813,0.0037269999738782644,0.21200400590896606,0.40178900957107544,173.3000030517578,1072.4200439453125,233.2740020751953
2018-03-21,9177.3701171875,589.6069946289062,,0.7206100225448608,0.0038330000825226307,0.2275020033121109,0.4558030068874359,175.26100158691406,1082.3499755859375,235.89999389648438
2018-03-22,9100.7099609375,577.5659790039062,,0.70135098695755,0.003725999966263771,0.22196899354457855,0.4575749933719635,172.30599975585938,1064.219970703125,223.6790008544922
2018-03-23,8879.6201171875,540.4869995117188,,0.6631109714508057,0.0035600000992417336,0.20281200110912323,0.4273329973220825,167.83200073242188,1019.4299926757812,214.3300018310547
2018-03-24,8996.1796875,545.3820190429688,,0.6796079874038696,0.0037269999738782644,0.20118999481201172,0.43327200412750244,168.6529998779297,1030.4300537109375,217.23800659179688
2018-03-25,8682.009765625,535.8209838867188,,0.6572129726409912,0.003575999988242984,0.18912799656391144,0.41807401180267334,162.7209930419922,991.072021484375,214.39999389648438
2018-03-26,8530.080078125,526.3790283203125,,0.644120991230011,0.0035409999545663595,0.18542100489139557,0.4136219918727875,160.99400329589844,975.6129760742188,212.67999267578125
2018-03-27,8232.7802734375,491.4590148925781,,0.6043319702148438,0.003283000085502863,0.16922500729560852,0.3723689913749695,149.62100219726562,926.3829956054688,197.9010009765625
2018-03-28,8122.89013671875,466.21099853515625,,0.5940229892730713,0.003244000021368265,0.1655990034341812,0.3596769869327545,140.125,897.6290283203125,201.52000427246094
2018-03-29,7994.330078125,450.81298828125,,0.5786399841308594,0.0031769999768584967,0.1606139987707138,0.3543179929256439,132.61000061035156,867.31298828125,200.8280029296875
2018-03-30,7276.66015625,409.9289855957031,,0.5312759876251221,0.0028899998869746923,0.15178200602531433,0.3061090111732483,124.9020004272461,766.9730224609375,180.41299438476562
2018-03-31,7207.85009765625,418.4679870605469,,0.5294060111045837,0.002896999940276146,0.16055899858474731,0.29832398891448975,123.87200164794922,735.8170166015625,181.9720001220703
2018-04-01,7060.9501953125,400.52801513671875,,0.5154370069503784,0.0028689999599009752,0.1608249992132187,0.2845839858055115,117.83300018310547,699.0499877929688,182.1060028076172
2018-04-02,7135.47021484375,395.1709899902344,,0.5104460120201111,0.002814000006765127,0.1587969958782196,0.2790839970111847,121.41600036621094,686.0250244140625,181.52099609375
2018-04-03,7530.93994140625,418.9679870605469,,0.5626980066299438,0.0029929999727755785,0.17343799769878387,0.29826900362968445,136.44700622558594,719.7730102539062,191.10000610351562
2018-04-04,7469.8798828125,417.47198486328125,,0.5631170272827148,0.0030060000717639923,0.17917199432849884,0.3004480004310608,134.61000061035156,711.27197265625,189.4720001220703
2018-04-05,6933.81982421875,387.71600341796875,,0.5058820247650146,0.0027910000644624233,0.1562040001153946,0.308896005153656,121.28700256347656,655.52197265625,174.8939971923828
2018-04-06,6857.490234375,385.19500732421875,,0.498089998960495,0.002736999886110425,0.15048100054264069,0.2900330126285553,119.93399810791016,646.083984375,175.37100219726562
2018-04-07,7050.5400390625,393.0589904785156,,0.4956670105457306,0.0028649999294430017,0.15146900713443756,0.30545398592948914,119.37999725341797,652.593994140625,172.73500061035156
2018-04-08,7111.56005859375,402.5899963378906,,0.5014179944992065,0.0029070000164210796,0.15845200419425964,0.33045899868011475,118.55000305175781,659.8090209960938,174.15199279785156
2018-04-09,7178.10986328125,429.2510070800781,,0.51214200258255,0.00292899995110929,0.16565600037574768,0.33965200185775757,122.4260025024414,680.5969848632812,179.13400268554688
2018-04-10,6872.41015625,415.88800048828125,,0.4936450123786926,0.003073000116273761,0.15782000124454498,0.3579759895801544,115.4000015258789,657.010986328125,167.38299560546875
2018-04-11,6968.31982421875,430.5400085449219,,0.548454999923706,0.0034990001004189253,0.1664309948682785,0.3755500018596649,119.09400177001953,666.5800170898438,169.16099548339844
2018-04-12,7899.22998046875,493.0580139160156,,0.6445180177688599,0.0037980000488460064,0.2145249992609024,0.3904320001602173,129.3350067138672,734.4819946289062,191.94400024414062
2018-04-13,8183.9599609375,526.469970703125,,0.6931120157241821,0.0042940001003444195,0.21838200092315674,0.4194979965686798,133.0399932861328,781.1279907226562,201.17100524902344
2018-04-14,8140.7099609375,512.0239868164062,,0.6615080237388611,0.004217999987304211,0.206495001912117,0.4182249903678894,129.33900451660156,760.4760131835938,197.1929931640625
2018-04-15,8338.419921875,531.7020263671875,,0.6825339794158936,0.004614000208675861,0.22344399988651276,0.4271189868450165,132.0449981689453,785.3519897460938,203.9340057373047
2018-04-16,8371.150390625,534.197021484375,,0.6871650218963623,0.004920000210404396,0.2566460072994232,0.4277540147304535,132.62600708007812,797.8800048828125,203.01199340820312
2018-04-17,8285.9599609375,518.031005859375,,0.6773560047149658,0.004869000054895878,0.27264100313186646,0.44263899326324463,139.6529998779297,784.4920043945312,202.06500244140625
2018-04-18,8197.7998046875,525.0919799804688,,0.7214260101318359,0.005468000192195177,0.26236799359321594,0.44751399755477905,140.85299682617188,893.572021484375,232.7209930419922
2018-04-19,8298.6904296875,567.8889770507812,,0.7919759750366211,0.005824000108987093,0.2738359868526459,0.48279500007629395,146.86700439453125,983.583984375,239.01400756835938
2018-04-20,8880.23046875,618.7150268554688,,0.9383540153503418,0.00595800019800663,0.30164098739624023,0.49130699038505554,155.7239990234375,1142.5,271.98199462890625
2018-04-21,8997.5703125,621.8880004882812,,0.9250209927558899,0.005886999890208244,0.3075520098209381,0.4945800006389618,156.61000061035156,1172.280029296875,271.4079895019531
2018-04-22,9001.6396484375,640.7670288085938,,0.9119009971618652,0.005772999953478575,0.29687899351119995,0.5072849988937378,152.22999572753906,1250.510009765625,283.9930114746094
2018-04-23,8958.5498046875,646.7000122070312,,0.8862900137901306,0.0057069999165833,0.2896229922771454,0.5060200095176697,152.76800537109375,1443.27001953125,287.1130065917969
2018-04-24,9732.6103515625,708.875,,0.9656100273132324,0.0059079998172819614,0.3186990022659302,0.5401750206947327,165.9429931640625,1560.93994140625,298.07598876953125
2018-04-25,9745.3203125,707.06201171875,,0.9327710270881653,0.005919000133872032,0.3128049969673157,0.5330489873886108,165.08700561523438,1437.1800537109375,293.5559997558594
2018-04-26,9281.509765625,663.1810302734375,,0.8524140119552612,0.005675999913364649,0.2949720025062561,0.49152201414108276,153.822998046875,1420.4100341796875,277.25299072265625
2018-04-27,9375.4697265625,684.8679809570312,,0.8596410155296326,0.0057390001602470875,0.3074690103530884,0.49038800597190857,153.61900329589844,1422.06005859375,268.6300048828125
2018-04-28,9412.08984375,691.4420166015625,,0.8875910043716431,0.005621999967843294,0.36495399475097656,0.4858250021934509,153.3260040283203,1418.6099853515625,265.5069885253906
2018-04-29,9531.490234375,697.7559814453125,,0.9049450159072876,0.005557999946177006,0.3879010081291199,0.5242249965667725,155.62100219726562,1477.31005859375,262.90899658203125
2018-04-30,9477.1396484375,694.4390258789062,,0.8767880201339722,0.005534000229090452,0.3642970025539398,0.5955039858818054,154.08099365234375,1440.9599609375,259.0719909667969
2018-05-01,9255.8798828125,674.4030151367188,,0.8420689702033997,0.0052720000967383385,0.36326101422309875,0.5640900135040283,148.5449981689453,1351.280029296875,242.44900512695312
2018-05-02,9256.51953125,688.8419799804688,,0.8642799854278564,0.005415000021457672,0.37670400738716125,0.5790550112724304,152.88699340820312,1480.5799560546875,252.71600341796875
2018-05-03,9798.330078125,784.3410034179688,,0.8929160237312317,0.0056489999406039715,0.3897489905357361,0.5806350111961365,163.9969940185547,1536.800048828125,257.6189880371094
2018-05-04,9779.2001953125,803.7459716796875,,0.9276949763298035,0.005555000156164169,0.3707770109176636,0.59517502784729,170.3780059814453,1538.4599609375,248.3990020751953
2018-05-05,9964.5,827.4550170898438,,0.922353982925415,0.00534699996933341,0.37360501289367676,0.6057180166244507,181.6280059814453,1753.1099853515625,245.4810028076172
2018-05-06,9940.1396484375,835.0570068359375,,0.9186750054359436,0.005259000230580568,0.36593300104141235,0.579571008682251,182.88299560546875,1838.489990234375,242.43899536132812
2018-05-07,9665.849609375,795.7579956054688,,0.8712360262870789,0.005016999784857035,0.349947988986969,0.576308012008667,171.91700744628906,1781.469970703125,235.84300231933594
2018-05-08,9462.75,774.2490234375,,0.846992015838623,0.005355999805033207,0.34821900725364685,0.6052460074424744,167.9810028076172,1693.3499755859375,234.57000732421875
2018-05-09,9374.759765625,759.5289916992188,,0.8199689984321594,0.005324000027030706,0.3284260034561157,0.5665889978408813,159.61700439453125,1679.030029296875,232.47799682617188
2018-05-10,9396.0400390625,766.7479858398438,,0.8089140057563782,0.005295999813824892,0.3279080092906952,0.5805619955062866,160.33599853515625,1669.8299560546875,233.27099609375
2018-05-11,9052.9599609375,736.9769897460938,,0.761326014995575,0.005036000162363052,0.2994619905948639,0.5422790050506592,149.44500732421875,1556.6400146484375,218.47799682617188
2018-05-12,8664.8603515625,691.4110107421875,,0.7149180173873901,0.004668000154197216,0.2834100127220154,0.47952699661254883,144.41900634765625,1501.6500244140625,205.72500610351562
2018-05-13,8773.5498046875,741.31201171875,,0.7589769959449768,0.004621999803930521,0.2901510000228882,0.5078480243682861,147.24600219726562,1507.8800048828125,213.78199768066406
2018-05-14,8881.1201171875,742.1699829101562,,0.7569829821586609,0.00455900002270937,0.2860879898071289,0.5193880200386047,152.15499877929688,1501.6400146484375,219.12100219726562
2018-05-15,8836.1904296875,739.052001953125,,0.7522690296173096,0.004788000136613846,0.27875998616218567,0.5402870178222656,149.38299560546875,1456.3499755859375,218.8260040283203
2018-05-16,8508.4296875,710.2000122070312,,0.7140809893608093,0.004550000187009573,0.26018598675727844,0.5093430280685425,140.6510009765625,1359.3599853515625,205.1060028076172
2018-05-17,8445.5400390625,718.8330078125,,0.7146180272102356,0.004480000119656324,0.2631109952926636,0.4895240068435669,141.16600036621094,1335.4100341796875,204.68600463867188
2018-05-18,8274.1201171875,695.031005859375,,0.6856250166893005,0.004377000033855438,0.2468090057373047,0.4661549925804138,137.05499267578125,1218.0,211.5330047607422
2018-05-19,8372.0595703125,715.5780029296875,,0.6904500126838684,0.0044280001893639565,0.2483540028333664,0.4694809913635254,137.50100708007812,1208.989990234375,204.20599365234375
2018-05-20,8562.41015625,723.7529907226562,,0.704613983631134,0.004476000089198351,0.2607850134372711,0.4668000042438507,140.31500244140625,1306.949951171875,205.31199645996094
2018-05-21,8557.51953125,719.2780151367188,,0.703050971031189,0.0044189998880028725,0.2611689865589142,0.45981499552726746,139.6439971923828,1301.550048828125,203.83299255371094
2018-05-22,8423.25,700.9760131835938,,0.68293297290802,0.004280999768525362,0.2500759959220886,0.42509400844573975,135.60499572753906,1233.699951171875,198.95199584960938
2018-05-23,8054.66015625,651.635986328125,,0.6491209864616394,0.004273999948054552,0.2261500060558319,0.38464999198913574,129.33200073242188,1153.9100341796875,179.5260009765625
2018-05-24,7738.60009765625,610.8179931640625,,0.6402580142021179,0.003713000100106001,0.21330200135707855,0.3644610047340393,124.37100219726562,1078.3599853515625,177.50900268554688
2018-05-25,7659.14013671875,617.1859741210938,,0.6362079977989197,0.0036069999914616346,0.21063600480556488,0.3680430054664612,124.2020034790039,1073.050048828125,173.65899658203125
2018-05-26,7595.16015625,606.1749877929688,,0.6264939904212952,0.0035689999349415302,0.20549200475215912,0.37870699167251587,122.2509994506836,1046.489990234375,168.59500122070312
2018-05-27,7381.740234375,590.3280029296875,,0.612883985042572,0.0034799999557435513,0.19643600285053253,0.36461299657821655,118.8479995727539,1009.7899780273438,170.16600036621094
2018-05-28,7419.0498046875,576.0490112304688,,0.60978102684021,0.0034469999372959137,0.19497700035572052,0.3492259979248047,119.08300018310547,1005.6500244140625,168.21600341796875
2018-05-29,7526.419921875,572.2639770507812,,0.6107490062713623,0.0034459999296814203,0.2087389975786209,0.35339298844337463,121.96299743652344,1003.510009765625,166.33299255371094
2018-05-30,7573.77001953125,583.135986328125,,0.6276789903640747,0.0035059999208897352,0.21802300214767456,0.3607879877090454,122.3759994506836,1025.6400146484375,161.2740020751953
2018-05-31,7608.89990234375,585.5380249023438,,0.6216359734535217,0.003512999974191189,0.2300570011138916,0.3520500063896179,120.59400177001953,1027.72998046875,159.16900634765625
2018-06-01,7604.72998046875,589.093017578125,,0.6248239874839783,0.003469000104814768,0.22918400168418884,0.3586040139198303,120.19599914550781,1010.3400268554688,158.55099487304688
2018-06-02,7695.830078125,597.0770263671875,,0.6489819884300232,0.0035840000491589308,0.22953100502490997,0.3704549968242645,123.89399719238281,1093.8599853515625,167.2740020751953
2018-06-03,7754.89013671875,624.5130004882812,,0.6735939979553223,0.0037499999161809683,0.23676100373268127,0.37308499217033386,127.36799621582031,1190.5699462890625,176.11000061035156
2018-06-04,7753.81982421875,623.4290161132812,,0.7036229968070984,0.003759999992325902,0.23122799396514893,0.36346399784088135,126.32599639892578,1206.530029296875,170.50999450683594
2018-06-05,7643.22998046875,611.3300170898438,,0.6838399767875671,0.0037219999358057976,0.22172799706459045,0.3423750102519989,122.00599670410156,1158.72998046875,168.68699645996094
2018-06-06,7680.43017578125,611.6430053710938,,0.6816679835319519,0.003800000064074993,0.2208620011806488,0.34403499960899353,122.13800048828125,1157.3299560546875,167.802001953125
2018-06-07,7741.27001953125,616.1439819335938,,0.6882230043411255,0.003836000105366111,0.21935099363327026,0.33441001176834106,123.1780014038086,1166.25,171.08599853515625
2018-06-08,7698.18994140625,608.8109741210938,,0.6796680092811584,0.003783999942243099,0.21084100008010864,0.32054200768470764,121.94599914550781,1149.800048828125,165.23800659179688
2018-06-09,7683.580078125,608.5830078125,,0.6788930296897888,0.003711000084877014,0.20966799557209015,0.31022998690605164,121.0250015258789,1137.3199462890625,160.04200744628906
2018-06-10,7499.5498046875,594.344970703125,,0.6595140099525452,0.003594999900087714,0.2015170007944107,0.29691800475120544,117.56199645996094,1087.4599609375,154.98899841308594
2018-06-11,6910.18017578125,536.8579711914062,,0.604066014289856,0.0032470000442117453,0.18193699419498444,0.2642109990119934,108.84700012207031,975.8330078125,140.18800354003906
2018-06-12,6907.9599609375,538.9550170898438,,0.6021389961242676,0.0032730000093579292,0.182888001203537,0.26902899146080017,108.05799865722656,960.14599609375,138.45799255371094
2018-06-13,6631.66015625,501.9049987792969,,0.5646420121192932,0.003114999970421195,0.16681799292564392,0.23176999390125275,100.947998046875,881.1309814453125,126.46399688720703
2018-06-14,6707.14013671875,523.5449829101562,,0.5705900192260742,0.0030159999150782824,0.17652100324630737,0.2463649958372116,102.41699981689453,898.9349975585938,133.5570068359375
2018-06-15,6681.080078125,521.3049926757812,,0.5600619912147522,0.0029819998890161514,0.17221799492835999,0.24067699909210205,101.11499786376953,897.0919799804688,133.3159942626953
2018-06-16,6592.490234375,503.2229919433594,,0.5392929911613464,0.0029559999238699675,0.16462799906730652,0.23101499676704407,98.34639739990234,861.4580078125,128.23300170898438
2018-06-17,6589.10986328125,507.6409912109375,,0.5388810038566589,0.002945000072941184,0.16447700560092926,0.2275959998369217,98.6572036743164,865.0819702148438,127.18299865722656
2018-06-18,6781.14013671875,521.7960205078125,,0.547793984413147,0.0030799999367445707,0.1675110012292862,0.21911700069904327,99.81340026855469,892.9619750976562,129.04400634765625
2018-06-19,6822.5,542.35302734375,,0.5580589771270752,0.0030739998910576105,0.1699029952287674,0.22369900345802307,100.81999969482422,918.198974609375,130.1529998779297
2018-06-20,6821.56005859375,541.0150146484375,,0.5505539774894714,0.003046999918296933,0.16733099520206451,0.24140599370002747,99.20459747314453,906.47900390625,126.35099792480469
2018-06-21,6810.93994140625,543.7169799804688,,0.5470070242881775,0.003031000029295683,0.16375699639320374,0.2341649979352951,98.86949920654297,900.719970703125,124.08499908447266
2018-06-22,6747.080078125,527.1939697265625,,0.535090982913971,0.0030040000565350056,0.15901899337768555,0.21304799616336823,97.12370300292969,876.3800048828125,123.85299682617188
2018-06-23,6224.81982421875,479.1289978027344,,0.4967130124568939,0.002713999943807721,0.14327900111675262,0.19742700457572937,86.36119842529297,776.8900146484375,119.27200317382812
2018-06-24,6223.77978515625,475.3590087890625,,0.4937250018119812,0.002710999920964241,0.13859200477600098,0.1938380002975464,83.38860321044922,767.0180053710938,124.39700317382812
2018-06-25,6327.3701171875,470.343994140625,,0.4911099970340729,0.0025760000571608543,0.13825400173664093,0.18904000520706177,86.0728988647461,774.6489868164062,129.53399658203125
2018-06-26,6290.16015625,461.2130126953125,,0.48287200927734375,0.0025770000647753477,0.13605499267578125,0.18511299788951874,82.497802734375,757.7020263671875,129.62399291992188
2018-06-27,6180.0,444.2430114746094,,0.4727579951286316,0.0025080000050365925,0.12800000607967377,0.17575600743293762,81.33930206298828,719.9299926757812,130.2550048828125
2018-06-28,6170.41015625,443.6180114746094,,0.47168299555778503,0.002503999974578619,0.1285029947757721,0.17557400465011597,81.03910064697266,720.2440185546875,133.99000549316406
2018-06-29,6261.66015625,441.7929992675781,,0.45833998918533325,0.002492000116035342,0.12743599712848663,0.18345999717712402,80.17849731445312,729.5479736328125,127.84300231933594
2018-06-30,6465.509765625,458.7969970703125,,0.48014700412750244,0.00254100002348423,0.138372004032135,0.22722500562667847,83.24430084228516,762.9190063476562,135.0970001220703
2018-07-01,6432.85009765625,457.1390075683594,,0.4662800133228302,0.002553999889642,0.14573100209236145,0.23003800213336945,81.60749816894531,752.9099731445312,133.8040008544922
2018-07-02,6683.85986328125,479.1300048828125,,0.4889239966869354,0.0027209999971091747,0.16193599998950958,0.25284600257873535,86.2708969116211,798.3060302734375,142.86000061035156
2018-07-03,6671.3701171875,483.85400390625,,0.5156959891319275,0.002764000091701746,0.1666869968175888,0.2608950138092041,89.27680206298828,819.3720092773438,143.93099975585938
2018-07-04,6771.919921875,481.4360046386719,,0.503603994846344,0.002724000019952655,0.15990400314331055,0.24776099622249603,89.11620330810547,808.22900390625,146.5
2018-07-05,6749.5400390625,483.2250061035156,,0.49740201234817505,0.0026950000319629908,0.154571995139122,0.24142099916934967,86.67050170898438,779.135009765625,141.2209930419922
2018-07-06,6700.93994140625,479.6520080566406,,0.48147299885749817,0.002618999918922782,0.1487489938735962,0.23174700140953064,84.59649658203125,748.6729736328125,139.08099365234375
2018-07-07,6863.990234375,491.6600036621094,,0.4924769997596741,0.0026459998916834593,0.15037299692630768,0.25575900077819824,86.20189666748047,775.822998046875,135.63400268554688
2018-07-08,6885.91015625,503.1990051269531,,0.49489501118659973,0.0026710000820457935,0.15138499438762665,0.2526879906654358,86.6781005859375,784.43701171875,140.0050048828125
2018-07-09,6838.68017578125,490.85198974609375,,0.4807739853858948,0.0026489999145269394,0.14611099660396576,0.2532530128955841,83.25779724121094,757.3709716796875,141.16000366210938
2018-07-10,6767.740234375,478.3179931640625,,0.47433599829673767,0.0026229999493807554,0.14065399765968323,0.2365259975194931,80.88269805908203,739.2020263671875,136.86000061035156
2018-07-11,6444.9599609375,447.3160095214844,,0.4525449872016907,0.002474999986588955,0.13392500579357147,0.21548600494861603,80.7968978881836,713.7589721679688,129.86900329589844
2018-07-12,6397.10009765625,446.50201416015625,,0.449972003698349,0.0024250000715255737,0.13155999779701233,0.21177999675273895,78.59410095214844,706.9760131835938,126.11299896240234
2018-07-13,6310.5498046875,442.3630065917969,,0.44450798630714417,0.0023560000117868185,0.14172899723052979,0.21706299483776093,78.43460083007812,708.7479858398438,124.64600372314453
2018-07-14,6298.18994140625,439.4339904785156,,0.441646009683609,0.002383999992161989,0.13989099860191345,0.20362700521945953,77.54180145263672,707.051025390625,123.8219985961914
2018-07-15,6403.4599609375,454.0010070800781,,0.4489870071411133,0.00241499999538064,0.14551100134849548,0.20166300237178802,79.64920043945312,731.5679931640625,125.86699676513672
2018-07-16,6741.75,480.6579895019531,,0.48340100049972534,0.0028689999599009752,0.1567550003528595,0.22318899631500244,84.59590148925781,806.9290161132812,135.37600708007812
2018-07-17,7387.240234375,508.7799987792969,,0.5166040062904358,0.003260999917984009,0.17461900413036346,0.2543410062789917,90.30970001220703,863.2949829101562,146.96400451660156
2018-07-18,7534.990234375,513.4329833984375,,0.5195599794387817,0.004313999786973,0.19292999804019928,0.25575700402259827,93.64990234375,880.9849853515625,149.36099243164062
2018-07-19,7494.4599609375,483.239990234375,,0.49123701453208923,0.003949999809265137,0.18949900567531586,0.24418699741363525,88.82939910888672,840.4329833984375,143.6840057373047
2018-07-20,7594.669921875,469.3070068359375,,0.476485013961792,0.003836000105366111,0.18264999985694885,0.23508599400520325,86.68199920654297,823.39501953125,139.54800415039062
2018-07-21,7437.64013671875,468.0830078125,,0.4587549865245819,0.0035310001112520695,0.16884100437164307,0.2229910045862198,85.24500274658203,797.0599975585938,132.6179962158203
2018-07-22,7537.9501953125,470.89801025390625,,0.46098899841308594,0.003582000033929944,0.17781400680541992,0.22388799488544464,84.63050079345703,820.0999755859375,133.2790069580078
2018-07-23,7771.5,469.7659912109375,,0.4617829918861389,0.0036379999946802855,0.1793929934501648,0.2139270007610321,86.05460357666016,828.3939819335938,140.0260009765625
2018-07-24,8424.26953125,481.1419982910156,,0.46681898832321167,0.003667999990284443,0.17675699293613434,0.20730799436569214,89.28520202636719,871.469970703125,148.01400756835938
2018-07-25,8416.8701171875,482.8680114746094,,0.4655260145664215,0.003659999929368496,0.17530399560928345,0.26249799132347107,89.92240142822266,870.655029296875,148.3040008544922
2018-07-26,8290.330078125,483.6960144042969,,0.46698299050331116,0.003645000047981739,0.1747400015592575,0.28113099932670593,88.02220153808594,855.969970703125,144.62899780273438
2018-07-27,8262.66015625,473.22198486328125,,0.4594860076904297,0.003461000043898821,0.16870899498462677,0.28334900736808777,85.21829986572266,829.4240112304688,142.07400512695312
2018-07-28,8222.849609375,471.593994140625,,0.456169992685318,0.003470000112429261,0.16622799634933472,0.28677400946617126,84.62809753417969,826.4340209960938,141.27000427246094
2018-07-29,8272.259765625,470.3559875488281,,0.4571399986743927,0.003476999932900071,0.16477200388908386,0.34681299328804016,85.20709991455078,835.6170043945312,141.35000610351562
2018-07-30,8235.5,467.9519958496094,,0.45454901456832886,0.0033519999124109745,0.16323399543762207,0.35873401165008545,84.71289825439453,829.864990234375,135.7010040283203
2018-07-31,8181.52978515625,457.2449951171875,,0.44612398743629456,0.003324999939650297,0.15418699383735657,0.31372299790382385,82.93949890136719,816.72998046875,134.1540069580078
2018-08-01,7769.0400390625,435.4570007324219,,0.4591340124607086,0.003160000080242753,0.14503799378871918,0.308804988861084,80.7334976196289,779.9500122070312,129.3990020751953
2018-08-02,7712.77001953125,425.03399658203125,,0.44764500856399536,0.003163000103086233,0.1424809992313385,0.31733301281929016,78.53800201416016,773.7310180664062,130.50100708007812
2018-08-03,7562.14013671875,420.54901123046875,,0.44363299012184143,0.0029690000228583813,0.13483500480651855,0.3101530075073242,77.56639862060547,732.7990112304688,122.55000305175781
2018-08-04,7497.490234375,420.1860046386719,,0.4430580139160156,0.002964999992400408,0.1345909982919693,0.28699401021003723,77.8228988647461,735.0369873046875,121.0270004272461
2018-08-05,7102.77001953125,413.71600341796875,,0.4345940053462982,0.0029150000773370266,0.13202999532222748,0.25743699073791504,75.0010986328125,715.5159912109375,117.6760025024414
2018-08-06,7166.5498046875,414.5400085449219,,0.43579399585723877,0.0029090000316500664,0.13640399277210236,0.2593179941177368,76.58589935302734,718.6510009765625,119.88200378417969
2018-08-07,7146.56005859375,411.4049987792969,,0.4159170091152191,0.002827000105753541,0.1331000030040741,0.25801700353622437,75.22779846191406,712.3359985351562,117.8030014038086
2018-08-08,6746.85009765625,380.6709899902344,,0.38087499141693115,0.002669000066816807,0.12559400498867035,0.23609299957752228,68.16280364990234,660.0540161132812,108.03800201416016
2018-08-09,6625.72998046875,370.9460144042969,,0.3596540093421936,0.002592999953776598,0.1270820051431656,0.30053699016571045,65.57740020751953,619.5440063476562,101.94499969482422
2018-08-10,6591.259765625,367.0450134277344,,0.3479729890823364,0.002609000075608492,0.12496600300073624,0.312034010887146,64.93009948730469,612.656982421875,101.16400146484375
2018-08-11,6455.740234375,334.2640075683594,,0.32120999693870544,0.002460000105202198,0.11666899919509888,0.28159400820732117,59.79869842529297,582.5910034179688,96.99320220947266
2018-08-12,6409.85009765625,328.5899963378906,,0.3093760013580322,0.0024399999529123306,0.1147880032658577,0.2888830006122589,61.7057991027832,580.7979736328125,95.61720275878906
2018-08-13,6537.0498046875,323.5509948730469,,0.31068000197410583,0.0024510000366717577,0.11571399867534637,0.29830801486968994,60.597801208496094,591.864013671875,97.4000015258789
2018-08-14,6287.93994140625,286.364990234375,,0.27961501479148865,0.0023250000085681677,0.10277900099754333,0.27258598804473877,57.0536003112793,534.9819946289062,88.02549743652344
2018-08-15,6588.490234375,303.5899963378906,,0.3017440140247345,0.00241199997253716,0.1010809987783432,0.2791450023651123,58.947898864746094,540.4920043945312,94.02330017089844
2018-08-16,6473.5,298.47601318359375,,0.3009580075740814,0.002369999885559082,0.09857200086116791,0.2794030010700226,57.426998138427734,538.2659912109375,92.64710235595703
2018-08-17,6582.5,316.1700134277344,,0.3736189901828766,0.002478000009432435,0.10991699993610382,0.29418501257896423,61.514400482177734,597.0120239257812,101.16300201416016
2018-08-18,6617.35009765625,320.4460144042969,,0.369953989982605,0.002498999936506152,0.11247699707746506,0.29741400480270386,62.034000396728516,606.9229736328125,104.9020004272461
2018-08-19,6537.97998046875,307.0979919433594,,0.3530789911746979,0.002472999971359968,0.1043580025434494,0.3118230104446411,58.741798400878906,579.60400390625,98.8563003540039
2018-08-20,6536.919921875,304.37200927734375,,0.35168901085853577,0.0024850000627338886,0.10372799634933472,0.30546900629997253,58.55120086669922,575.6339721679688,102.0530014038086
2018-08-21,6500.8701171875,285.9700012207031,,0.33809998631477356,0.0024309998843818903,0.09605100005865097,0.33466601371765137,56.79790115356445,540.0170288085938,96.51190185546875
2018-08-22,6816.7900390625,297.4859924316406,,0.35012200474739075,0.002517000073567033,0.10012800246477127,0.34876999258995056,59.01139831542969,570.6099853515625,98.56230163574219
2018-08-23,6546.5400390625,279.5459899902344,,0.32881298661231995,0.002397000091150403,0.09333900362253189,0.3221740126609802,57.80910110473633,531.9979858398438,91.37999725341797
2018-08-24,6719.9599609375,283.302001953125,,0.3285839855670929,0.002435999922454357,0.09436299651861191,0.3418560028076172,58.2781982421875,537.5440063476562,94.2666015625
2018-08-25,6789.6298828125,283.5150146484375,,0.33153000473976135,0.0024389999452978373,0.09500700235366821,0.33850499987602234,58.214599609375,542.0280151367188,96.33180236816406
2018-08-26,6774.75,279.5249938964844,,0.3283270001411438,0.0024129999801516533,0.09462500363588333,0.33678799867630005,58.10540008544922,536.489013671875,95.3021011352539
2018-08-27,6884.64013671875,285.6029968261719,,0.33778101205825806,0.0024679999332875013,0.10079500079154968,0.3360849916934967,60.424400329589844,546.3569946289062,104.63400268554688
2018-08-28,7109.56005859375,297.3999938964844,,0.356797993183136,0.002618999918922782,0.10665500164031982,0.33963900804519653,63.39720153808594,570.9819946289062,107.74800109863281
2018-08-29,7113.2998046875,297.0710144042969,,0.3537450134754181,0.0026199999265372753,0.108924001455307,0.3371970057487488,63.38970184326172,567.2509765625,108.12999725341797
2018-08-30,7072.68994140625,291.2430114746094,,0.3466399908065796,0.0032689999788999557,0.10714399814605713,0.31413599848747253,62.03459930419922,556.52197265625,105.99400329589844
2018-08-31,7057.169921875,284.5509948730469,,0.3389880061149597,0.0048489999026060104,0.10275600105524063,0.33251601457595825,62.25490188598633,546.7579956054688,117.48899841308594
2018-09-01,7242.2900390625,301.1440124511719,,0.3526569902896881,0.0067529999651014805,0.1089010015130043,0.3343200087547302,67.25070190429688,628.0819702148438,124.19000244140625
2018-09-02,7306.31005859375,298.6860046386719,,0.3495410084724426,0.006554000079631805,0.10718200355768204,0.3416120111942291,66.90139770507812,653.6890258789062,124.9229965209961
2018-09-03,7317.93994140625,295.59100341796875,,0.34368398785591125,0.005549999885261059,0.10519299656152725,0.31133800745010376,66.19850158691406,650.6890258789062,135.5800018310547
2018-09-04,7388.259765625,291.5799865722656,,0.34031999111175537,0.005322999786585569,0.1065090000629425,0.30928200483322144,68.97720336914062,643.4359741210938,139.78599548339844
2018-09-05,7388.43017578125,288.1629943847656,,0.33410000801086426,0.005394000094383955,0.10621699690818787,0.3005329966545105,68.1187973022461,631.7650146484375,140.0989990234375
2018-09-06,6755.14013671875,231.7550048828125,,0.30532699823379517,0.005092000123113394,0.08942899852991104,0.28402599692344666,58.32099914550781,530.2490234375,117.9729995727539
2018-09-07,6555.2900390625,233.89599609375,,0.305307000875473,0.0054419999942183495,0.08964499831199646,0.2893010079860687,58.116600036621094,525.9990234375,119.75199890136719
2018-09-08,6534.25,220.36700439453125,,0.2962070107460022,0.00585799990221858,0.0851299986243248,0.2761330008506775,57.606300354003906,508.9639892578125,114.93800354003906
2018-09-09,6446.259765625,207.66600036621094,,0.2912609875202179,0.005843000020831823,0.08114799857139587,0.2554819881916046,56.39979934692383,493.9519958496094,110.72899627685547
2018-09-10,6374.97998046875,201.88299560546875,,0.2821129858493805,0.006932999938726425,0.0781330019235611,0.254831999540329,56.06529998779297,486.98199462890625,109.14700317382812
2018-09-11,6398.919921875,198.50599670410156,,0.27491700649261475,0.006930999923497438,0.07474999874830246,0.2672730088233948,54.7848014831543,476.1300048828125,109.2020034790039
2018-09-12,6363.8701171875,185.58700561523438,,0.27262601256370544,0.0064570000395178795,0.0707940012216568,0.27194300293922424,52.41170120239258,440.927001953125,106.00700378417969
2018-09-13,6535.41015625,214.0019989013672,,0.28465500473976135,0.00660899979993701,0.07093100249767303,0.2762959897518158,55.049198150634766,472.58099365234375,116.12699890136719
2018-09-14,6596.10009765625,222.79400634765625,,0.2849409878253937,0.006657999940216541,0.07071900367736816,0.27297401428222656,58.4390983581543,472.74798583984375,117.37100219726562
2018-09-15,6561.72021484375,226.60400390625,,0.2835640013217926,0.006266999989748001,0.07036499679088593,0.27913299202919006,58.40079879760742,458.8059997558594,122.22200012207031
2018-09-16,6544.330078125,222.80299377441406,,0.28184598684310913,0.0065310001373291016,0.06998100131750107,0.2808369994163513,57.368099212646484,450.20001220703125,118.77200317382812
2018-09-17,6540.2099609375,224.26100158691406,,0.2833609879016876,0.006546999793499708,0.07027000188827515,0.2822149991989136,57.750099182128906,460.4930114746094,120.21399688720703
2018-09-18,6384.18017578125,213.35699462890625,,0.3326529860496521,0.006279999855905771,0.07022000104188919,0.3057189881801605,55.100799560546875,443.7569885253906,113.00499725341797
2018-09-19,6448.4599609375,213.87100219726562,,0.3347339928150177,0.006031000055372715,0.07441399991512299,0.34487399458885193,54.92300033569336,438.7080078125,112.93099975585938
2018-09-20,6529.259765625,224.8179931640625,,0.47746700048446655,0.005900000222027302,0.08266100287437439,0.4245089888572693,57.15370178222656,462.06500244140625,116.3030014038086
2018-09-21,6794.330078125,248.38800048828125,,0.7693799734115601,0.005960999988019466,0.08990799635648727,0.37412500381469727,62.057098388671875,506.4429931640625,124.24299621582031
2018-09-22,6814.56005859375,251.1959991455078,,0.609112024307251,0.005816999822854996,0.08839000016450882,0.3537839949131012,61.70869827270508,505.28900146484375,125.20700073242188
2018-09-23,6766.14990234375,247.46400451660156,,0.5950250029563904,0.005907000042498112,0.09322500228881836,0.347555011510849,63.1870002746582,504.1409912109375,127.70800018310547
2018-09-24,6713.56005859375,245.10800170898438,,0.5803769826889038,0.006066999863833189,0.09135399758815765,0.353736013174057,61.339298248291016,490.7650146484375,123.22599792480469
2018-09-25,6603.64013671875,228.32699584960938,,0.5460609793663025,0.005793999880552292,0.0823030024766922,0.34731099009513855,58.14759826660156,462.35400390625,116.4020004272461
2018-09-26,6585.91015625,221.43699645996094,,0.5667110085487366,0.005752999801188707,0.08287099748849869,0.3771289885044098,59.62009811401367,542.5269775390625,117.58399963378906
2018-09-27,6712.10009765625,230.60699462890625,,0.5509219765663147,0.005909999832510948,0.08763600140810013,0.3499760031700134,64.29499816894531,585.3610229492188,121.0790023803711
2018-09-28,6785.02978515625,231.7480010986328,,0.5488049983978271,0.00596500001847744,0.08832699805498123,0.3496460020542145,64.42259979248047,572.5789794921875,121.5510025024414
2018-09-29,6643.10009765625,234.01400756835938,,0.587431013584137,0.005898000206798315,0.08637099713087082,0.3347339928150177,62.025299072265625,553.4810180664062,117.03700256347656
2018-09-30,6643.77978515625,236.98599243164062,,0.6187019944190979,0.005909999832510948,0.08680400252342224,0.33293500542640686,62.38850021362305,545.5460205078125,116.72100067138672
2018-10-01,6653.2998046875,234.14500427246094,,0.6023370027542114,0.006023999769240618,0.0858059972524643,0.3332740068435669,61.729698181152344,539.9450073242188,117.00599670410156
2018-10-02,6611.83984375,231.16700744628906,,0.577144980430603,0.005963999778032303,0.08468099683523178,0.32726800441741943,61.252201080322266,547.4910278320312,119.82099914550781
2018-10-03,6571.4599609375,226.45799255371094,,0.53609699010849,0.00582600012421608,0.08240500092506409,0.321603000164032,59.57550048828125,531.635986328125,117.59600067138672
2018-10-04,6603.31005859375,226.1479949951172,,0.5471609830856323,0.0057669999077916145,0.08278899639844894,0.3225589990615845,59.04899978637695,529.93798828125,116.25900268554688
2018-10-05,6623.6201171875,228.31900024414062,,0.5304319858551025,0.005743999965488911,0.08309099823236465,0.36667999625205994,59.127201080322266,522.5139770507812,115.09700012207031
2018-10-06,6628.5400390625,227.92599487304688,,0.5208820104598999,0.005770000163465738,0.08372899889945984,0.37705299258232117,58.9197998046875,521.677001953125,115.2959976196289
2018-10-07,6641.490234375,226.3699951171875,,0.4902679920196533,0.005574999842792749,0.08515100181102753,0.3410530090332031,58.36439895629883,519.3889770507812,115.33000183105469
2018-10-08,6675.06005859375,230.76499938964844,,0.49659299850463867,0.005652000196278095,0.08816900104284286,0.3473919928073883,59.82440185546875,530.916015625,116.27200317382812
2018-10-09,6661.41015625,230.16099548339844,,0.4911330044269562,0.005638999864459038,0.08751100301742554,0.34422698616981506,59.52909851074219,528.552978515625,114.9280014038086
2018-10-10,6640.2900390625,227.70700073242188,,0.47915101051330566,0.005648000165820122,0.08643200248479843,0.3567599952220917,58.664100646972656,517.2219848632812,113.6709976196289
2018-10-11,6586.740234375,225.61000061035156,,0.4614970088005066,0.005547000095248222,0.08455199748277664,0.3484399914741516,57.97639846801758,511.7699890136719,114.16899871826172
2018-10-12,6328.5,199.4010009765625,,0.4395439922809601,0.005282999947667122,0.07587999850511551,0.31470799446105957,53.82149887084961,451.9259948730469,103.63500213623047
2018-10-13,6308.509765625,201.2790069580078,,0.4256240129470825,0.0052720000967383385,0.07489000260829926,0.3237450122833252,54.2775993347168,450.2239990234375,102.98799896240234
2018-10-14,6363.2099609375,201.82699584960938,,0.42499199509620667,0.005222999956458807,0.07377500087022781,0.3341040015220642,53.838600158691406,451.92401123046875,103.35199737548828
2018-10-15,6965.06005859375,222.1179962158203,,0.47213301062583923,0.005456999875605106,0.07862400263547897,0.35065698623657227,57.46200180053711,487.21099853515625,111.27200317382812
2018-10-16,6673.58984375,212.17300415039062,,0.47099000215530396,0.005222000181674957,0.07662499696016312,0.36764299869537354,55.4817008972168,467.1700134277344,108.33200073242188
2018-10-17,6601.2099609375,211.125,,0.4785209894180298,0.005024999845772982,0.07827100157737732,0.38312000036239624,54.26490020751953,459.8680114746094,107.82499694824219
2018-10-18,6567.5400390625,208.47000122070312,,0.4746220111846924,0.004728999920189381,0.07795500010251999,0.39692801237106323,53.986698150634766,454.71099853515625,106.62300109863281
2018-10-19,6493.68017578125,204.66299438476562,,0.4606249928474426,0.00456599984318018,0.0764629989862442,0.3801940083503723,53.599998474121094,443.4259948730469,104.65899658203125
2018-10-20,6497.72021484375,206.2220001220703,,0.4618990123271942,0.004557999782264233,0.0771460011601448,0.37273699045181274,53.46179962158203,448.47698974609375,104.72200012207031
2018-10-21,6556.3798828125,208.15499877929688,,0.46362900733947754,0.004602000117301941,0.07753600180149078,0.37851500511169434,53.773101806640625,455.9570007324219,106.14199829101562
2018-10-22,6543.7998046875,206.9320068359375,,0.458187997341156,0.004534999839961529,0.0765099972486496,0.3920080065727234,53.114200592041016,452.52801513671875,106.05400085449219
2018-10-23,6506.009765625,205.1510009765625,,0.47159600257873535,0.004401000216603279,0.07613900303840637,0.4822140038013458,52.87350082397461,449.7879943847656,109.75199890136719
2018-10-24,6521.990234375,205.58099365234375,,0.4670700132846832,0.004162999801337719,0.07565200328826904,0.43766701221466064,53.007999420166016,448.1809997558594,109.09500122070312
2018-10-25,6504.64990234375,204.1320037841797,,0.46276599168777466,0.003920999821275473,0.07434500008821487,0.4428060054779053,52.510101318359375,443.5790100097656,106.96399688720703
2018-10-26,6498.2900390625,204.77999877929688,,0.46028798818588257,0.003984000068157911,0.07395999878644943,0.44588398933410645,52.4833984375,441.53399658203125,106.65499877929688
2018-10-27,6507.41015625,206.08200073242188,,0.46037599444389343,0.004255999810993671,0.07379200309515,0.457753986120224,52.360599517822266,439.822998046875,105.04399871826172
2018-10-28,6502.27978515625,205.91900634765625,,0.46393099427223206,0.004188000224530697,0.07329600304365158,0.4472239911556244,52.17219924926758,442.2330017089844,106.5780029296875
2018-10-29,6503.60009765625,205.5970001220703,,0.46212801337242126,0.004064000211656094,0.07321500033140182,0.43981999158859253,52.03020095825195,440.90399169921875,104.89900207519531
2018-10-30,6364.990234375,198.1219940185547,,0.44830599427223206,0.0039079999551177025,0.07002399861812592,0.45961201190948486,49.47719955444336,422.97198486328125,102.74299621582031
2018-10-31,6349.16015625,198.33799743652344,,0.4504010081291199,0.003872999921441078,0.06982900202274323,0.5277349948883057,49.94049835205078,424.6159973144531,104.96499633789062
2018-11-01,6547.14013671875,203.75399780273438,,0.4563030004501343,0.003951000049710274,0.07146400213241577,0.5834019780158997,51.027801513671875,432.5830078125,105.56500244140625
2018-11-02,6396.85986328125,201.2689971923828,,0.46145099401474,0.003809999907389283,0.07304000109434128,0.5242030024528503,51.6598014831543,469.8840026855469,106.05500030517578
2018-11-03,6400.06982421875,200.74000549316406,,0.4591349959373474,0.003785999957472086,0.07262100279331207,0.5546600222587585,51.361000061035156,483.6650085449219,107.39299774169922
2018-11-04,6388.6298828125,211.27200317382812,,0.4707219898700714,0.0037879999727010727,0.07730700075626373,0.5432990193367004,55.13669967651367,586.041015625,112.06700134277344
2018-11-05,6480.58984375,210.81900024414062,,0.4974119961261749,0.0037440001033246517,0.07887999713420868,0.5134159922599792,54.708099365234375,578.2269897460938,112.88899993896484
2018-11-06,6463.5498046875,218.45199584960938,,0.5605469942092896,0.0037320000119507313,0.0809520035982132,0.49155500531196594,55.945098876953125,628.5070190429688,113.58599853515625
2018-11-07,6552.16015625,221.65199279785156,,0.5493190288543701,0.0037189999129623175,0.08130999654531479,0.48958900570869446,56.157100677490234,638.552001953125,113.6520004272461
2018-11-08,6536.919921875,218.33799743652344,,0.5392820239067078,0.003659999929368496,0.07942400127649307,0.5224189758300781,54.46289825439453,619.1599731445312,111.81600189208984
2018-11-09,6456.4599609375,213.3159942626953,,0.5155090093612671,0.0033730000723153353,0.07742899656295776,0.4999989867210388,52.724300384521484,594.7949829101562,108.66400146484375
2018-11-10,6437.27978515625,213.85699462890625,,0.5111759901046753,0.0033470001071691513,0.07599200308322906,0.5273460149765015,52.69850158691406,562.905029296875,107.21099853515625
2018-11-11,6423.25,212.99899291992188,,0.5083180069923401,0.003286000108346343,0.07737299799919128,0.5252320170402527,52.47010040283203,555.7760009765625,106.60299682617188
2018-11-12,6434.2099609375,212.6230010986328,,0.5255360007286072,0.003172999946400523,0.0772159993648529,0.5652999877929688,51.68130111694336,536.89599609375,107.31400299072266
2018-11-13,6395.27001953125,210.51499938964844,,0.5251449942588806,0.0030869999900460243,0.07596500217914581,0.6212790012359619,50.967498779296875,542.677001953125,106.28299713134766
2018-11-14,6371.5498046875,207.0449981689453,,0.5106459856033325,0.0029539999086409807,0.07344099879264832,0.6140660047531128,50.299198150634766,525.2659912109375,104.86399841308594
2018-11-15,5774.81982421875,184.25100708007812,,0.48456498980522156,0.002816000021994114,0.06524500250816345,0.5594969987869263,44.242000579833984,453.6180114746094,92.27230072021484
2018-11-16,5657.02001953125,181.35000610351562,,0.4850820004940033,0.002819000044837594,0.0640529990196228,0.538860023021698,43.96110153198242,423.4339904785156,88.97650146484375
2018-11-17,5578.580078125,175.8509979248047,,0.4967299997806549,0.002770999912172556,0.06106200069189072,0.5158939957618713,42.488800048828125,394.38299560546875,88.25890350341797
2018-11-18,5653.60986328125,179.15199279785156,,0.5221329927444458,0.002644999884068966,0.06293299794197083,0.5325009822845459,42.97949981689453,412.8659973144531,91.46510314941406
2018-11-19,5620.77978515625,177.1790008544922,,0.5101270079612732,0.0027169999666512012,0.06190299987792969,0.5257480144500732,42.33940124511719,415.14898681640625,89.45059967041016
2018-11-20,4951.60986328125,151.2530059814453,,0.49651598930358887,0.0024369999300688505,0.05273199826478958,0.41993600130081177,37.91080093383789,336.5,74.43710327148438
2018-11-21,4675.72998046875,138.88999938964844,,0.4561440050601959,0.0025049999821931124,0.04822999984025955,0.37745800614356995,34.67060089111328,246.67300415039062,70.2427978515625
2018-11-22,4629.64013671875,137.74000549316406,,0.44820600748062134,0.002481000032275915,0.04853200167417526,0.3849489986896515,34.89950180053711,238.9980010986328,70.43800354003906
2018-11-23,4396.419921875,127.02799987792969,,0.4282050132751465,0.0024190000258386135,0.0446619987487793,0.3513300120830536,33.025001525878906,212.45599365234375,66.79779815673828
2018-11-24,4413.08984375,126.78800201416016,,0.41676199436187744,0.0023900000378489494,0.044300999492406845,0.33939599990844727,33.14670181274414,217.03900146484375,68.29389953613281
2018-11-25,4120.8701171875,118.88099670410156,,0.38633298873901367,0.0022619999945163727,0.03883599862456322,0.2844890058040619,31.914100646972656,189.25100708007812,59.34619903564453
2018-11-26,4107.14013671875,118.20099639892578,,0.38869601488113403,0.0022539999336004257,0.03937799856066704,0.284512996673584,32.11320114135742,215.7689971923828,59.975799560546875
2018-11-27,3862.9599609375,111.84200286865234,,0.3676449954509735,0.0021059999708086252,0.03698199987411499,0.30702298879623413,31.349199295043945,192.99400329589844,58.46670150756836
2018-11-28,4385.89990234375,126.0479965209961,,0.4015829861164093,0.002302000066265464,0.04410799965262413,0.35020801424980164,35.97829818725586,198.5500030517578,65.7416000366211
2018-11-29,4413.0205078125,123.22972106933594,,0.3924649953842163,0.0022770001087337732,0.04451800137758255,0.3844180107116699,35.53849411010742,191.1499481201172,64.75336456298828
2018-11-30,4322.9765625,119.42376708984375,,0.3810189962387085,0.002254999941214919,0.042309001088142395,0.38826000690460205,34.25259017944336,187.50393676757812,62.14043426513672
2018-12-01,4309.37744140625,120.8414535522461,,0.3770560026168823,0.0022789998911321163,0.042520999908447266,0.34494200348854065,35.154850006103516,177.8252716064453,61.148101806640625
2018-12-02,4301.51953125,120.56204986572266,,0.3783920109272003,0.002271000063046813,0.043285999447107315,0.3445889949798584,35.13786315917969,180.25535583496094,61.81024932861328
2018-12-03,4155.9794921875,116.61906433105469,,0.36859801411628723,0.002386000007390976,0.04188400134444237,0.3183960020542145,33.8102912902832,172.6138153076172,59.40363693237305
2018-12-04,4075.627685546875,113.14291381835938,,0.3614310026168823,0.0023789999540895224,0.03984199836850166,0.3101870119571686,32.149879455566406,160.3335418701172,58.82756805419922
2018-12-05,3969.535888671875,110.5986099243164,,0.3533090054988861,0.002257999964058399,0.037714000791311264,0.29298898577690125,31.386568069458008,149.8535919189453,57.11720275878906
2018-12-06,3874.966064453125,104.1034927368164,,0.34249499440193176,0.0022269999608397484,0.03550099954009056,0.2702159881591797,30.408763885498047,131.78927612304688,53.54779815673828
2018-12-07,3512.59033203125,96.08984375,,0.31105899810791016,0.0021389999892562628,0.030796999111771584,0.22321200370788574,26.90794563293457,116.57368469238281,46.59001541137695
2018-12-08,3506.04345703125,97.05988311767578,,0.3181850016117096,0.0021569998934865,0.03180700168013573,0.24431799352169037,26.62774085998535,109.9570541381836,49.048912048339844
2018-12-09,3685.3056640625,98.90003204345703,,0.32014399766921997,0.0021440000273287296,0.03251500055193901,0.2462410032749176,26.913270950317383,112.17756652832031,49.26510238647461
2018-12-10,3647.33251953125,96.2573013305664,,0.316210001707077,0.002119000069797039,0.03206799924373627,0.24290400743484497,26.12583351135254,110.95811462402344,48.229339599609375
2018-12-11,3513.18505859375,92.7823257446289,,0.3103429973125458,0.0021009999327361584,0.030433999374508858,0.22583800554275513,24.952085494995117,107.05274200439453,44.67729187011719
2018-12-12,3534.228515625,92.24055480957031,,0.3111500144004822,0.002136999974027276,0.03111499920487404,0.24143299460411072,25.250564575195312,105.80146789550781,44.97158432006836
2018-12-13,3489.739501953125,91.11160278320312,,0.3077999949455261,0.002119000069797039,0.0307219997048378,0.22828499972820282,24.659683227539062,102.43241882324219,44.06123733520508
2018-12-14,3329.555908203125,87.14494323730469,,0.3001500070095062,0.002085000043734908,0.0295570008456707,0.21026800572872162,23.754459381103516,91.9755859375,42.418827056884766
2018-12-15,3275.3779296875,85.34274291992188,,0.29137200117111206,0.0021210000850260258,0.028567999601364136,0.2070930004119873,24.116273880004883,83.03642272949219,39.36595153808594
2018-12-16,3305.753173828125,87.56812286376953,,0.29416900873184204,0.002145000034943223,0.029696999117732048,0.21949100494384766,26.72523307800293,83.47602844238281,40.6446418762207
2018-12-17,3597.91796875,96.8050537109375,,0.33650100231170654,0.002715999959036708,0.03384999930858612,0.23772500455379486,30.403738021850586,92.93745422363281,44.89109802246094
2018-12-18,3701.349365234375,101.32023620605469,,0.35016199946403503,0.002689999993890524,0.034912001341581345,0.27114400267601013,30.14215660095215,105.776611328125,47.48155975341797
2018-12-19,3949.322998046875,108.54905700683594,,0.39333000779151917,0.002770999912172556,0.03826500102877617,0.31269800662994385,31.76934051513672,144.0957794189453,50.65934371948242
2018-12-20,4191.228515625,117.17012786865234,,0.38897401094436646,0.002778999973088503,0.039886001497507095,0.3451789915561676,33.258155822753906,200.07810974121094,55.10572814941406
2018-12-21,4198.4296875,119.09416198730469,,0.38408899307250977,0.002744999947026372,0.045510001480579376,0.34112799167633057,34.28339767456055,229.0127410888672,55.78447723388672
2018-12-22,4014.1826171875,116.7594985961914,,0.36296799778938293,0.002560999942943454,0.042155999690294266,0.3113059997558594,31.855911254882812,206.44671630859375,52.3317985534668
2018-12-23,4085.7236328125,133.07530212402344,,0.3814760148525238,0.0025889999233186245,0.04485499858856201,0.3201949894428253,34.147010803222656,209.8595428466797,54.51139450073242
2018-12-24,4271.79248046875,157.668701171875,,0.44847699999809265,0.002638000063598156,0.049281999468803406,0.33123698830604553,36.55831527709961,213.71533203125,58.17073059082031
2018-12-25,4089.5615234375,140.99758911132812,,0.4084390103816986,0.0025549998972564936,0.04567499831318855,0.32172200083732605,33.40159606933594,183.0314178466797,56.40398406982422
2018-12-26,3893.359619140625,136.67724609375,,0.39133399724960327,0.002495999913662672,0.04303500056266785,0.31884101033210754,32.20487594604492,186.33631896972656,52.046329498291016
2018-12-27,3874.4169921875,132.67706298828125,,0.37960800528526306,0.002486000070348382,0.041689999401569366,0.31077900528907776,31.363218307495117,177.1915283203125,49.371559143066406
2018-12-28,3956.135986328125,137.6470184326172,,0.37941598892211914,0.0024470000062137842,0.04263399913907051,0.3016220033168793,33.35983657836914,176.18984985351562,51.108856201171875
2018-12-29,3963.7587890625,147.03433227539062,,0.3839370012283325,0.002445999998599291,0.04394000023603439,0.31884801387786865,33.338653564453125,175.27841186523438,50.08224868774414
2018-12-30,3901.908935546875,140.6890869140625,,0.3711470067501068,0.0024019998963922262,0.043664999306201935,0.31466400623321533,32.37809753417969,165.3460693359375,48.893577575683594
2018-12-31,3868.742919921875,140.18115234375,,0.37379300594329834,0.0023950000759214163,0.04336399957537651,0.3021929860115051,32.00060272216797,163.52188110351562,48.47301483154297
2019-01-01,3850.913818359375,141.3975067138672,,0.3647710084915161,0.002392000053077936,0.04254699870944023,0.30197998881340027,32.09758377075195,168.7682647705078,48.36887741088867
2019-01-02,3947.981201171875,156.92913818359375,,0.3780210018157959,0.0024580000899732113,0.045563001185655594,0.3182690143585205,33.7933235168457,174.23353576660156,53.197391510009766
2019-01-03,3935.68505859375,155.86305236816406,,0.37450501322746277,0.0024139999877661467,0.04525899887084961,0.3722490072250366,33.42070388793945,175.46414184570312,52.33226013183594
2019-01-04,3865.9345703125,156.8789825439453,,0.3646419942378998,0.002397000091150403,0.044091999530792236,0.45003798604011536,33.02334976196289,165.37069702148438,50.89449691772461
2019-01-05,3904.903076171875,160.82489013671875,,0.361068993806839,0.0023499999660998583,0.045570001006126404,0.44355499744415283,36.14344024658203,166.359130859375,51.64704895019531
2019-01-06,4093.29736328125,159.37144470214844,,0.36965999007225037,0.0023709998931735754,0.049637001007795334,0.4029049873352051,39.95914077758789,170.75271606445312,55.000343322753906
2019-01-07,4092.613525390625,158.45042419433594,,0.37790998816490173,0.0023350000847131014,0.05074400082230568,0.40997499227523804,39.647560119628906,168.32928466796875,55.261497497558594
2019-01-08,4109.02099609375,153.6257781982422,,0.3709920048713684,0.002320999978110194,0.05002100020647049,0.42459601163864136,40.95065689086914,164.85931396484375,54.93108367919922
2019-01-09,4068.403564453125,153.62225341796875,,0.373522013425827,0.0023070001043379307,0.05274000018835068,0.435930997133255,40.27861404418945,162.53659057617188,54.54532241821289
2019-01-10,4064.066650390625,152.1482696533203,,0.3819490075111389,0.0022950000129640102,0.05463600158691406,0.40669500827789307,39.52403259277344,164.39772033691406,53.50455093383789
2019-01-11,3713.8818359375,130.1659393310547,,0.33772599697113037,0.0021490000654011965,0.04515700042247772,0.4638499915599823,34.09872817993164,134.7850341796875,46.75434112548828
2019-01-12,3698.978271484375,128.66612243652344,,0.3363809883594513,0.002157999901100993,0.04462999850511551,0.46900200843811035,32.938995361328125,138.55088806152344,46.05302047729492
2019-01-13,3674.760009765625,126.26787567138672,,0.33359599113464355,0.002171000000089407,0.04381199926137924,0.45191699266433716,33.13856506347656,135.79608154296875,45.50562286376953
2019-01-14,3727.836181640625,130.8567352294922,,0.3379420042037964,0.0021979999728500843,0.04448400065302849,0.4980739951133728,32.73394775390625,136.9587860107422,46.387245178222656
2019-01-15,3720.1533203125,130.74356079101562,,0.33649998903274536,0.0021879998967051506,0.04438500106334686,0.5571110248565674,32.706947326660156,134.6835479736328,46.40671920776367
2019-01-16,3685.777099609375,127.11824798583984,,0.3347960114479065,0.0021410000044852495,0.045246999710798264,0.5413219928741455,32.24639129638672,131.1820068359375,46.19488525390625
2019-01-17,3680.135986328125,124.27072143554688,,0.330161988735199,0.0021470000501722097,0.04622200131416321,0.4986810088157654,31.94688606262207,131.8909454345703,46.356868743896484
2019-01-18,3682.52001953125,123.84169006347656,,0.32949399948120117,0.0021170000545680523,0.04530800133943558,0.5079960227012634,31.940603256225586,131.0939178466797,45.69973373413086
2019-01-19,3758.533447265625,125.90422821044922,,0.333748996257782,0.00215999991632998,0.04644099995493889,0.5008509755134583,33.11235809326172,131.68580627441406,46.55584716796875
2019-01-20,3743.387939453125,125.07038879394531,,0.3321470022201538,0.00215300009585917,0.04598100110888481,0.4972899854183197,33.35414505004883,130.99639892578125,46.38200378417969
2019-01-21,3608.8408203125,119.71543884277344,,0.32259300351142883,0.002122000092640519,0.04367100074887276,0.5242840051651001,31.389184951782227,124.34527587890625,44.75570297241211
2019-01-22,3620.74658203125,119.66434478759766,,0.32107800245285034,0.0021120000164955854,0.04408000037074089,0.5653960108757019,32.019771575927734,131.4987335205078,46.03541564941406
2019-01-23,3623.06787109375,119.42279815673828,,0.3203029930591583,0.002067999914288521,0.04411200061440468,0.5516300201416016,32.386165618896484,134.70449829101562,45.972991943359375
2019-01-24,3616.08740234375,118.0321044921875,,0.31889599561691284,0.0020729999523609877,0.043487001210451126,0.5110989809036255,33.0421257019043,132.2902069091797,46.507083892822266
2019-01-25,3612.927734375,117.80299377441406,,0.3190689980983734,0.0021830000914633274,0.043248001486063004,0.5185099840164185,33.2095947265625,129.84329223632812,47.107635498046875
2019-01-26,3654.93310546875,118.08411407470703,,0.3193260133266449,0.0021520000882446766,0.04353899881243706,0.4914129972457886,33.95001220703125,129.6563720703125,46.862701416015625
2019-01-27,3612.67138671875,116.68540954589844,,0.3152660131454468,0.0020959998946636915,0.04267999902367592,0.4697690010070801,33.34574890136719,127.53508758544922,46.65571975708008
2019-01-28,3586.7509765625,113.688232421875,,0.30987799167633057,0.0020280000753700733,0.04131799936294556,0.4346500039100647,32.71674728393555,123.03539276123047,46.693199157714844
2019-01-29,3476.0654296875,107.16578674316406,,0.2962160110473633,0.001970000099390745,0.039420001208782196,0.46263599395751953,31.457534790039062,113.53565979003906,44.07046890258789
2019-01-30,3495.1748046875,109.4529800415039,,0.3240639865398407,0.001970000099390745,0.04007500037550926,0.4534440040588379,32.08937454223633,119.75407409667969,44.725730895996094
2019-01-31,3504.804931640625,110.45835876464844,,0.33383500576019287,0.001986999996006489,0.04028699919581413,0.440093994140625,32.43729782104492,120.43569946289062,44.56416320800781
2019-02-01,3501.9541015625,108.63871002197266,,0.3118950128555298,0.0019280000124126673,0.039135999977588654,0.42824798822402954,33.44944381713867,118.1522216796875,44.20570755004883
2019-02-02,3523.287353515625,110.65387725830078,,0.31157800555229187,0.001955999992787838,0.03931700065732002,0.43146800994873047,34.557167053222656,122.00370788574219,43.80470657348633
2019-02-03,3521.38818359375,110.82735443115234,,0.31123799085617065,0.0019570000004023314,0.03941100090742111,0.41622599959373474,34.56844711303711,121.9732894897461,43.72533416748047
2019-02-04,3476.223876953125,108.70103454589844,,0.3050589859485626,0.0019320000428706408,0.03859499841928482,0.40922701358795166,34.42838668823242,120.56281280517578,43.114051818847656
2019-02-05,3478.148193359375,108.1347885131836,,0.3012779951095581,0.0019130000146105886,0.038346998393535614,0.4304400086402893,34.38839340209961,119.9107894897461,43.47499084472656
2019-02-06,3469.091796875,107.56930541992188,,0.2994909882545471,0.0019020000472664833,0.03799299895763397,0.4222419857978821,34.34730529785156,120.0052261352539,43.374855041503906
2019-02-07,3427.945556640625,106.05887603759766,,0.2946169972419739,0.0018899999558925629,0.037181999534368515,0.40629100799560547,33.59257888793945,117.56552124023438,43.780479431152344
2019-02-08,3695.614013671875,119.80581665039062,,0.31530800461769104,0.0019570000004023314,0.041207000613212585,0.44317400455474854,43.90346908569336,131.224365234375,49.5487060546875
2019-02-09,3679.94140625,120.68973541259766,,0.3134140074253082,0.001996000064536929,0.0419900007545948,0.47901201248168945,45.86474609375,130.47872924804688,48.755882263183594
2019-02-10,3695.0361328125,124.85362243652344,,0.31134000420570374,0.0019529999699443579,0.042994000017642975,0.4800330102443695,47.09407043457031,129.0228729248047,49.82889938354492
2019-02-11,3695.613037109375,124.87153625488281,,0.31003400683403015,0.0019460000330582261,0.042771998792886734,0.452690988779068,46.881832122802734,127.69316864013672,49.91179656982422
2019-02-12,3668.5869140625,123.46829986572266,,0.3074769973754883,0.0019109999993816018,0.04199099913239479,0.4340290129184723,44.14329147338867,123.58497619628906,49.407371520996094
2019-02-13,3669.74658203125,125.55069732666016,,0.31132200360298157,0.0019099999917671084,0.04230999946594238,0.44404399394989014,44.51005172729492,126.9367904663086,50.74150848388672
2019-02-14,3646.256591796875,124.45198822021484,,0.3061000108718872,0.001908999984152615,0.04135499894618988,0.4454450011253357,42.5533561706543,124.6690902709961,49.63516616821289
2019-02-15,3647.795166015625,123.66012573242188,,0.30461400747299194,0.0019150000298395753,0.04136599972844124,0.4423910081386566,43.6757926940918,123.41278076171875,48.65492630004883
2019-02-16,3652.84130859375,124.13481140136719,,0.3035160005092621,0.0019290000200271606,0.04125399887561798,0.4448379874229431,44.18357849121094,123.32658386230469,48.436832427978516
2019-02-17,3680.537353515625,134.46009826660156,,0.30493399500846863,0.001993000041693449,0.041843999177217484,0.47293901443481445,44.649574279785156,125.04435729980469,48.12992477416992
2019-02-18,3936.6650390625,147.68658447265625,,0.32773900032043457,0.002124000107869506,0.04668999835848808,0.4826210141181946,49.21957778930664,147.24081420898438,52.23411560058594
2019-02-19,4010.87939453125,149.9299774169922,,0.34367600083351135,0.0021389999892562628,0.04802599921822548,0.47929900884628296,49.18318176269531,150.8613739013672,53.59519577026367
2019-02-20,4000.486328125,149.55433654785156,,0.3336069881916046,0.0020810000132769346,0.04766499996185303,0.4741309881210327,52.158390045166016,148.57655334472656,52.63759231567383
2019-02-21,4010.009521484375,149.35232543945312,,0.3328689932823181,0.0020779999904334545,0.04777900129556656,0.4758340120315552,51.835323333740234,147.91896057128906,52.31678771972656
2019-02-22,4006.538330078125,149.26861572265625,,0.32343998551368713,0.002070999937132001,0.04616300016641617,0.45944300293922424,50.027671813964844,145.70892333984375,52.7098388671875
2019-02-23,4166.2861328125,159.12586975097656,,0.3338930010795593,0.002111000008881092,0.04888499900698662,0.46286699175834656,51.88578414916992,153.25616455078125,53.81678771972656
2019-02-24,4210.6416015625,165.54962158203125,,0.34158098697662354,0.0021250001154839993,0.05045999959111214,0.46486398577690125,53.415828704833984,157.6469268798828,56.82745361328125
2019-02-25,3913.707275390625,142.52557373046875,,0.3378550112247467,0.002044999971985817,0.04456799849867821,0.4706380069255829,47.19085693359375,139.38258361816406,50.19007110595703
2019-02-26,3891.578857421875,139.9764404296875,,0.33430999517440796,0.002050000010058284,0.04401899874210358,0.47570300102233887,46.517333984375,139.0509796142578,50.09551239013672
2019-02-27,3888.802490234375,141.3362274169922,,0.3224189877510071,0.00203300011344254,0.04382200166583061,0.44784900546073914,46.138301849365234,135.51805114746094,50.002872467041016
2019-02-28,3906.058349609375,138.84713745117188,,0.31700399518013,0.0020240000449121,0.04372499883174896,0.4452280104160309,46.92005920410156,134.5056915283203,50.20981216430664
2019-03-01,3907.79541015625,138.99526977539062,,0.3239459991455078,0.0020200000144541264,0.044112998992204666,0.44226300716400146,48.98780059814453,134.82620239257812,50.16024398803711
2019-03-02,3874.607421875,137.18479919433594,,0.3193010091781616,0.0020129999611526728,0.04353199899196625,0.4380030035972595,49.64073944091797,133.4595489501953,50.05693054199219
2019-03-03,3875.483642578125,135.8492889404297,,0.3165000081062317,0.0020240000449121,0.04299600049853325,0.4329580068588257,49.38588333129883,133.2830352783203,50.272159576416016
2019-03-04,3867.3818359375,132.72914123535156,,0.3131200075149536,0.002010999945923686,0.04247700050473213,0.4274739921092987,48.6493034362793,132.32350158691406,50.464237213134766
2019-03-05,3903.916748046875,138.22998046875,,0.31787899136543274,0.002002999885007739,0.04335299879312515,0.4329969882965088,54.02388381958008,134.15858459472656,50.615325927734375
2019-03-06,3919.510498046875,139.9688262939453,,0.3208329975605011,0.0019920000340789557,0.043469998985528946,0.4401710033416748,56.26727294921875,134.02239990234375,50.90369415283203
2019-03-07,3939.373291015625,140.85787963867188,,0.31989800930023193,0.0020149999763816595,0.043581001460552216,0.477539986371994,58.99951934814453,135.0274658203125,52.098602294921875
2019-03-08,3950.43212890625,139.4990997314453,,0.3163850009441376,0.001998000079765916,0.043793998658657074,0.5139610171318054,57.6500244140625,133.573486328125,51.384708404541016
2019-03-09,3987.23779296875,139.11941528320312,,0.3177480101585388,0.0020149999763816595,0.04695099964737892,0.48347800970077515,59.285743713378906,136.3831024169922,51.39677429199219
2019-03-10,3966.17431640625,138.2703094482422,,0.31579500436782837,0.0020039998926222324,0.04675399884581566,0.5461490154266357,58.25138854980469,134.15823364257812,51.01462173461914
2019-03-11,3966.384765625,137.35340881347656,,0.31457599997520447,0.002005999907851219,0.04852500185370445,0.5148569941520691,57.848880767822266,133.4021453857422,50.970619201660156
2019-03-12,3926.88916015625,135.27346801757812,,0.31177300214767456,0.00203000009059906,0.04821600019931793,0.5066710114479065,57.263145446777344,130.6634979248047,51.47206497192383
2019-03-13,3926.59765625,134.6117706298828,,0.32011398673057556,0.002053000032901764,0.048583999276161194,0.4894919991493225,57.21018981933594,129.7225799560547,52.3336181640625
2019-03-14,3946.50439453125,135.18084716796875,,0.3163619935512543,0.0020439999643713236,0.04825200140476227,0.49845701456069946,57.75611114501953,135.73561096191406,52.923553466796875
2019-03-15,3968.54296875,138.3951416015625,,0.3160650134086609,0.0020580000709742308,0.050829000771045685,0.4970470070838928,59.386192321777344,146.74159240722656,53.65060043334961
2019-03-16,4077.036376953125,144.55844116210938,,0.32241299748420715,0.0020989999175071716,0.051876001060009,0.4959059953689575,62.093448638916016,160.69082641601562,55.3746337890625
2019-03-17,4054.1220703125,142.37191772460938,,0.3207390010356903,0.002090000081807375,0.05176199972629547,0.48804599046707153,61.98963928222656,158.66891479492188,54.81073760986328
2019-03-18,4071.556640625,142.2672119140625,,0.32066699862480164,0.0020940001122653484,0.05113400146365166,0.4864470064640045,62.77064895629883,166.67469787597656,54.00035858154297
2019-03-19,4082.216064453125,140.9890594482422,,0.32059499621391296,0.0021059999708086252,0.05369099974632263,0.4854680001735687,60.947174072265625,163.18719482421875,55.15141677856445
2019-03-20,4089.4619140625,140.94557189941406,,0.3207769989967346,0.0020920000970363617,0.053922999650239944,0.4937970042228699,60.95704650878906,162.33338928222656,56.737674713134766
2019-03-21,4097.35986328125,141.00323486328125,,0.3208500146865845,0.002073999959975481,0.054958000779151917,0.4867370128631592,61.08232879638672,161.2923583984375,55.98158264160156
2019-03-22,4053.90673828125,138.79429626464844,,0.315091997385025,0.002073999959975481,0.059172000735998154,0.4691469967365265,60.284576416015625,161.0851287841797,54.255985260009766
2019-03-23,4049.882568359375,139.38539123535156,,0.3136659860610962,0.0020800000056624413,0.06472700089216232,0.4679810106754303,61.70700454711914,170.051513671875,54.368438720703125
2019-03-24,4040.69970703125,138.3756103515625,,0.3124530017375946,0.0020800000056624413,0.06434699892997742,0.46375399827957153,61.247283935546875,167.09141540527344,54.1761474609375
2019-03-25,4038.8408203125,137.69534301757812,,0.3097360134124756,0.002065999899059534,0.06185000017285347,0.4889479875564575,60.926551818847656,166.70199584960938,54.08097839355469
2019-03-26,3985.080810546875,135.46035766601562,,0.3050599992275238,0.002061000093817711,0.062369998544454575,0.4820129871368408,59.65300750732422,161.94464111328125,53.06303787231445
2019-03-27,4087.066162109375,141.07546997070312,,0.3126150071620941,0.0020890000741928816,0.06833100318908691,0.5036659836769104,62.288082122802734,174.16873168945312,55.025489807128906
2019-03-28,4094.902099609375,141.0079345703125,,0.3124519884586334,0.0020920000970363617,0.06759300082921982,0.5158969759941101,62.22245788574219,173.09568786621094,54.733184814453125
2019-03-29,4113.5009765625,142.5492401123047,,0.3116439878940582,0.0021019999403506517,0.07277700304985046,0.5043249726295471,61.532344818115234,172.15611267089844,54.09944152832031
2019-03-30,4296.806640625,149.6132354736328,,0.32678401470184326,0.00216599996201694,0.07371199876070023,0.5179150104522705,64.1090087890625,177.7309112548828,56.39556121826172
2019-03-31,4113.0234375,142.189208984375,,0.3111709952354431,0.002099999925121665,0.07212500274181366,0.5356400012969971,60.850318908691406,169.03526306152344,56.49732971191406
2019-04-01,4164.953125,142.73399353027344,,0.31377699971199036,0.0025319999549537897,0.07275599986314774,0.5590100288391113,60.985172271728516,169.31289672851562,59.9892578125
2019-04-02,4905.95458984375,165.22682189941406,,0.35587000846862793,0.002862999914214015,0.08546700328588486,0.6001430153846741,77.41172790527344,240.1094512939453,69.8200454711914
2019-04-03,5307.00341796875,178.32205200195312,,0.37127000093460083,0.0036559998989105225,0.09995800256729126,0.6053500175476074,97.49525451660156,342.8700256347656,72.32653045654297
2019-04-04,5063.15966796875,164.92921447753906,,0.3489769995212555,0.004095999989658594,0.09408800303936005,0.5837609767913818,89.33838653564453,317.3706970214844,66.87574005126953
2019-04-05,5053.509765625,167.2203826904297,,0.37406399846076965,0.003754999954253435,0.092228002846241,0.5810189843177795,89.58201599121094,299.7414855957031,69.18177795410156
2019-04-06,5205.82177734375,172.51577758789062,,0.36344099044799805,0.003593999892473221,0.09368100017309189,0.5864390134811401,96.7413558959961,328.4366760253906,70.10771942138672
2019-04-07,5235.1865234375,175.21316528320312,,0.3653869926929474,0.0035170000046491623,0.09128600358963013,0.5879250168800354,95.39466857910156,326.1107177734375,70.0909194946289
2019-04-08,5318.83642578125,184.3778533935547,,0.36703601479530334,0.0034370000939816236,0.0916220024228096,0.588703989982605,93.82284545898438,326.91796875,72.50745391845703
2019-04-09,5289.91796875,180.2542266845703,,0.35830700397491455,0.0030700000934302807,0.08701799809932709,0.5688989758491516,89.49773406982422,309.952880859375,71.21981811523438
2019-04-10,5421.6513671875,183.13427734375,,0.3597779870033264,0.0030799999367445707,0.09247899800539017,0.5386899709701538,90.35243225097656,312.0942687988281,71.69961547851562
2019-04-11,5354.2255859375,177.48748779296875,,0.35485100746154785,0.003031000029295683,0.09071599692106247,0.5220580101013184,88.52174377441406,306.0687255859375,71.1702880859375
2019-04-12,5103.2744140625,166.1275177001953,,0.3308680057525635,0.0028729999903589487,0.08537600189447403,0.5154510140419006,80.26605987548828,287.0138854980469,71.18222045898438
2019-04-13,5127.1220703125,166.3624267578125,,0.33444398641586304,0.0029060000088065863,0.08550699800252914,0.5416240096092224,81.102783203125,286.4983215332031,66.9041748046875
2019-04-14,5184.01611328125,168.59103393554688,,0.3294210135936737,0.002902999985963106,0.0854789987206459,0.5468239784240723,82.9375228881836,289.5429382324219,67.29888916015625
2019-04-15,5196.60693359375,168.81845092773438,,0.3315509855747223,0.00292299990542233,0.08563400059938431,0.5287399888038635,83.84815216064453,332.28253173828125,67.05876922607422
2019-04-16,5238.9453125,167.66632080078125,,0.3273079991340637,0.002856000093743205,0.08386000245809555,0.5156199932098389,81.83829498291016,324.8426818847656,70.12733459472656
2019-04-17,5274.275390625,168.93858337402344,,0.3403269946575165,0.0028609998989850283,0.08455999940633774,0.5073840022087097,82.00177764892578,321.6910705566406,69.97234344482422
2019-04-18,5319.986328125,175.36532592773438,,0.3452889919281006,0.002957999939098954,0.08388300240039825,0.5243620276451111,83.20145416259766,314.36474609375,69.94930267333984
2019-04-19,5336.68017578125,173.97889709472656,,0.3371469974517822,0.002948000095784664,0.08178199827671051,0.5382360219955444,83.18848419189453,310.08038330078125,69.5352554321289
2019-04-20,5358.49072265625,176.705810546875,,0.3332130014896393,0.002902999985963106,0.0795150026679039,0.5319259762763977,82.89277648925781,309.64678955078125,70.24454498291016
2019-04-21,5359.9248046875,174.4207763671875,,0.32962700724601746,0.0029060000088065863,0.07797800004482269,0.5163459777832031,81.8905029296875,303.3308410644531,70.09021759033203
2019-04-22,5422.6875,173.06912231445312,,0.32934999465942383,0.002824000082910061,0.07937599718570709,0.5183629989624023,77.88958740234375,295.8963623046875,69.3546142578125
2019-04-23,5633.80224609375,176.8507843017578,,0.3283959925174713,0.002856000093743205,0.08033300191164017,0.5035009980201721,79.46178436279297,308.4710388183594,71.01168823242188
2019-04-24,5642.04443359375,171.57321166992188,,0.3212819993495941,0.002778999973088503,0.07583999633789062,0.48148301243782043,75.23564910888672,291.8480529785156,70.84308624267578
2019-04-25,5542.23828125,166.51341247558594,,0.3061619997024536,0.0026199999265372753,0.07603000104427338,0.5001350045204163,74.50772094726562,284.03472900390625,67.87923431396484
2019-04-26,5383.63427734375,158.0290069580078,,0.299019992351532,0.0025259999092668295,0.07082799822092056,0.4571160078048706,74.51300811767578,274.97723388671875,63.76262664794922
2019-04-27,5310.75,160.58941650390625,,0.30030399560928345,0.0025450000539422035,0.071602001786232,0.45903798937797546,73.3286361694336,266.5936584472656,63.523887634277344
2019-04-28,5326.23193359375,159.5653839111328,,0.30046600103378296,0.0025629999581724405,0.0706460028886795,0.4574030041694641,72.48282623291016,267.5808410644531,63.0341911315918
2019-04-29,5311.27490234375,158.33392333984375,,0.2998479902744293,0.0025510000996291637,0.06897000223398209,0.45110100507736206,70.2292251586914,255.55010986328125,61.793365478515625
2019-04-30,5363.25732421875,162.4322509765625,,0.3116309940814972,0.0025190000887960196,0.07034599781036377,0.4736250042915344,74.66829681396484,268.2265930175781,62.19499588012695
2019-05-01,5418.00390625,164.06068420410156,,0.311585009098053,0.0025510000996291637,0.07077000290155411,0.48942598700523376,75.420654296875,278.6528015136719,64.97765350341797
2019-05-02,5522.2626953125,162.93701171875,,0.30555298924446106,0.002655999967828393,0.06971000134944916,0.47718700766563416,74.5236587524414,280.1643981933594,65.82493591308594
2019-05-03,5865.8818359375,170.06874084472656,,0.31329798698425293,0.002753000007942319,0.07193700224161148,0.5218380093574524,80.41926574707031,297.1560363769531,68.4048843383789
2019-05-04,5886.8935546875,170.64593505859375,,0.31565698981285095,0.0027830000035464764,0.07195399701595306,0.5147799849510193,82.01958465576172,311.6567687988281,68.35281372070312
2019-05-05,5833.86279296875,165.3999786376953,,0.3055190145969391,0.0027089999057352543,0.06796599924564362,0.520907998085022,78.15052795410156,298.90960693359375,68.45491790771484
2019-05-06,5802.95751953125,175.76010131835938,,0.30575400590896606,0.00266100000590086,0.06847099959850311,0.5841500163078308,76.39363861083984,294.7187805175781,67.32977294921875
2019-05-07,5988.17822265625,180.3944091796875,,0.3064279854297638,0.0026320000179111958,0.0686430037021637,0.6120120286941528,78.00873565673828,298.4431457519531,69.7833480834961
2019-05-08,5989.98095703125,172.1835479736328,,0.30149999260902405,0.002572000026702881,0.06498999893665314,0.6116420030593872,75.318115234375,287.2640686035156,67.42172241210938
2019-05-09,6183.0390625,172.88040161132812,,0.302172988653183,0.002553999889642,0.06506899744272232,0.6971560120582581,75.93289184570312,292.7216796875,68.11223602294922
2019-05-10,6434.61767578125,175.88526916503906,,0.30220699310302734,0.002558999927714467,0.0648370012640953,0.7233330011367798,78.7241439819336,294.2432556152344,68.39615631103516
2019-05-11,7333.0029296875,203.46664428710938,,0.336324006319046,0.0027989998925477266,0.07843200117349625,0.7312359809875488,94.54438018798828,377.0111389160156,79.69928741455078
2019-05-12,7503.8720703125,201.88148498535156,,0.3276839852333069,0.0028200000524520874,0.07675399631261826,0.6975529789924622,93.17626953125,375.38287353515625,79.71314239501953
2019-05-13,8047.4130859375,205.0982666015625,,0.330485999584198,0.0028230000752955675,0.07661200314760208,0.6846579909324646,92.37200927734375,401.3448486328125,81.65788269042969
2019-05-14,8268.712890625,217.87464904785156,,0.41728898882865906,0.003198999911546707,0.0845709964632988,0.9230870008468628,93.37297821044922,407.5784912109375,84.43390655517578
2019-05-15,8216.423828125,247.44659423828125,,0.46080198884010315,0.003317000111564994,0.09490200132131577,0.8772510290145874,103.1400146484375,407.71356201171875,94.412841796875
2019-05-16,8320.82421875,275.3944396972656,,0.4746190011501312,0.0035210000351071358,0.10040199756622314,0.9361000061035156,106.20565032958984,443.6763000488281,96.76158142089844
2019-05-17,7929.1455078125,266.9796142578125,,0.42350900173187256,0.003186000045388937,0.09082499891519547,0.9787600040435791,97.2586669921875,409.99713134765625,87.37398529052734
2019-05-18,7447.27197265625,246.36276245117188,,0.391526997089386,0.0030539999715983868,0.08487900346517563,0.9575899839401245,89.87495422363281,370.369384765625,82.90888214111328
2019-05-19,8261.94140625,263.7409973144531,,0.42338699102401733,0.0031950001139193773,0.08822900056838989,1.0422309637069702,96.54276275634766,428.8540344238281,90.97664642333984
2019-05-20,8200.9677734375,261.55126953125,,0.4174560010433197,0.003186000045388937,0.08699300140142441,1.1289379596710205,95.33937072753906,421.41986083984375,90.62881469726562
2019-05-21,8062.16796875,262.1075439453125,,0.4031049907207489,0.003111999947577715,0.08644299954175949,1.2314889430999756,92.44412994384766,439.3836975097656,92.42431640625
2019-05-22,7997.6123046875,258.8018493652344,,0.40742799639701843,0.003091000020503998,0.08545999974012375,1.466101050376892,92.00270080566406,422.9064636230469,91.20816040039062
2019-05-23,7943.79150390625,247.61663818359375,,0.38312599062919617,0.0029800001066178083,0.0806950032711029,1.3632559776306152,89.7386703491211,406.6329345703125,85.19774627685547
2019-05-24,8140.7197265625,255.25933837890625,,0.3926829993724823,0.0030219999607652426,0.0833749994635582,1.423656940460205,102.74993133544922,421.013427734375,87.26594543457031
2019-05-25,8117.92578125,257.3568420410156,,0.3935999870300293,0.003011000109836459,0.0825589969754219,1.3394980430603027,104.10557556152344,414.5563659667969,87.64814758300781
2019-05-26,8687.5205078125,269.1665344238281,,0.4098590016365051,0.003114999970421195,0.08693599700927734,1.1826410293579102,112.6732177734375,436.3406982421875,92.2110366821289
2019-05-27,8907.1748046875,278.50726318359375,,0.4403739869594574,0.003206999972462654,0.09347599744796753,1.266767978668213,120.69171142578125,456.25238037109375,98.85905456542969
2019-05-28,8807.0166015625,274.3208312988281,,0.4538869857788086,0.0031679999083280563,0.09324800223112106,1.3341410160064697,117.89189147949219,443.74688720703125,98.52786254882812
2019-05-29,8755.8525390625,273.75628662109375,,0.45327699184417725,0.0031510000117123127,0.09376899898052216,1.2750259637832642,117.87444305419922,462.7779235839844,96.07169342041016
2019-05-30,9008.314453125,287.2016296386719,,0.4694580137729645,0.003599999938160181,0.09676799923181534,1.221426010131836,119.74174499511719,478.5259094238281,98.39370727539062
2019-05-31,8586.6591796875,268.6599426269531,,0.44017699360847473,0.00344299990683794,0.0899370014667511,1.0524259805679321,114.62804412841797,445.1076965332031,93.52030944824219
2019-06-01,8625.6005859375,273.5579833984375,,0.44084298610687256,0.0035200000274926424,0.09281499683856964,1.0524410009384155,115.6069107055664,448.5997314453125,93.7220687866211
2019-06-02,8809.3037109375,272.8072204589844,,0.4458650052547455,0.003447999944910407,0.09751900285482407,1.0441440343856812,116.24699401855469,449.7621154785156,96.24263000488281
2019-06-03,8743.5,270.3341064453125,,0.4595789909362793,0.0034099998883903027,0.09834200143814087,1.0127149820327759,115.90577697753906,446.747314453125,95.79527282714844
2019-06-04,8210.9853515625,252.5116424560547,,0.4254150092601776,0.0032130000181496143,0.08844699710607529,0.9316250085830688,107.37293243408203,408.2131042480469,89.66777038574219
2019-06-05,7901.84912109375,248.1381378173828,,0.4071570038795471,0.0030980000738054514,0.08511699736118317,1.0771180391311646,104.84400177001953,411.6891174316406,86.604736328125
2019-06-06,7937.3408203125,249.9445037841797,,0.4205540120601654,0.0031240000389516354,0.08397900313138962,1.2388319969177246,111.33433532714844,402.9980773925781,87.1480712890625
2019-06-07,8126.1533203125,254.352294921875,,0.4305320084095001,0.0031950001139193773,0.08767200261354446,1.239385962486267,120.63969421386719,410.48626708984375,89.69512176513672
2019-06-08,8076.89111328125,252.3773956298828,,0.4251149892807007,0.003191000083461404,0.08659400045871735,1.1994179487228394,119.49824523925781,405.1043701171875,88.73123931884766
2019-06-09,7975.97412109375,245.9728240966797,,0.4136129915714264,0.003218000056222081,0.08427800238132477,1.155079960823059,119.13320922851562,396.5028076171875,87.97367095947266
2019-06-10,8031.90966796875,247.66217041015625,,0.4046719968318939,0.0031349998898804188,0.08568499982357025,1.1942479610443115,129.7088165283203,399.11932373046875,87.38867950439453
2019-06-11,8026.39404296875,248.66258239746094,,0.40205299854278564,0.0031429999507963657,0.08916900306940079,1.194200038909912,138.14874267578125,397.0223388671875,87.84471130371094
2019-06-12,8196.6484375,261.017578125,,0.4031830132007599,0.003094000043347478,0.09655400365591049,1.1636079549789429,142.70640563964844,399.86578369140625,90.40815734863281
2019-06-13,8311.5673828125,262.1631164550781,,0.40745899081230164,0.0031679999083280563,0.0969879999756813,1.9456069469451904,136.88600158691406,423.4293518066406,91.677734375
2019-06-14,8710.63671875,265.37139892578125,,0.40751200914382935,0.0031419999431818724,0.0912489965558052,1.880627989768982,133.1774444580078,422.2000732421875,90.76290130615234
2019-06-15,8859.1279296875,271.5055847167969,,0.41285398602485657,0.003203999949619174,0.09273800253868103,1.787727952003479,139.186279296875,425.59002685546875,95.03033447265625
2019-06-16,9335.8671875,278.1431884765625,,0.4388760030269623,0.0033360000234097242,0.09427899867296219,1.7812620401382446,138.7944793701172,440.4988098144531,97.64151763916016
2019-06-17,9416.4072265625,275.44256591796875,,0.4593850076198578,0.0032250001095235348,0.09390799701213837,2.028960943222046,137.27732849121094,438.6004333496094,99.69279479980469
2019-06-18,9348.3740234375,274.32025146484375,,0.4544990062713623,0.003198999911546707,0.09369800239801407,2.0244109630584717,135.92283630371094,432.3377685546875,99.09465789794922
2019-06-19,9299.62109375,270.3333740234375,,0.4381209909915924,0.003154000034555793,0.09158200025558472,1.9018629789352417,139.34060668945312,420.24835205078125,102.1937255859375
2019-06-20,9594.419921875,274.0735168457031,,0.4367139935493469,0.003203999949619174,0.0902630016207695,1.8831499814987183,137.08358764648438,417.3164367675781,108.6093521118164
2019-06-21,10144.556640625,295.3033142089844,,0.4463120102882385,0.0032510000746697187,0.09129399806261063,1.7885090112686157,141.07347106933594,441.1614685058594,109.99435424804688
2019-06-22,11157.345703125,315.1897277832031,,0.5054669976234436,0.0033539999276399612,0.09783399850130081,1.9291950464248657,146.43467712402344,522.09130859375,118.70865631103516
2019-06-23,11246.14453125,318.565673828125,,0.4881330132484436,0.003496000077575445,0.10214400291442871,1.8962210416793823,142.56011962890625,496.9180603027344,120.07380676269531
2019-06-24,11065.896484375,312.329345703125,,0.4721809923648834,0.0034310000482946634,0.0990699976682663,1.880836009979248,138.6890106201172,476.6675720214844,119.4334716796875
2019-06-25,11790.9169921875,318.1263122558594,,0.47355300188064575,0.0033950000070035458,0.09824199974536896,2.4090189933776855,138.1245574951172,483.92730712890625,117.81812286376953
2019-06-26,13796.4892578125,361.398681640625,,0.4943099915981293,0.003449999960139394,0.10690999776124954,2.4168789386749268,138.3216094970703,514.716064453125,112.41470336914062
2019-06-27,13311.14453125,343.4334411621094,,0.47064799070358276,0.003495000069960952,0.09954900294542313,2.520256996154785,132.0428466796875,490.6845397949219,105.08667755126953
2019-06-28,12445.1748046875,313.03155517578125,,0.4279940128326416,0.0035230000503361225,0.08969099819660187,2.9778709411621094,122.02327728271484,439.6204528808594,102.26432800292969
2019-06-29,12400.91015625,322.0435485839844,,0.4297110140323639,0.0034860000014305115,0.09108900278806686,4.541814804077148,135.74449157714844,443.6170959472656,101.77495574951172
2019-06-30,12178.3837890625,322.7895812988281,,0.42917999625205994,0.0034459999296814203,0.09116800129413605,4.094571113586426,136.25967407226562,447.300537109375,100.48836517333984
2019-07-01,11206.439453125,301.0261535644531,,0.4176180064678192,0.003324999939650297,0.08589500188827515,3.760809898376465,126.02436828613281,418.57403564453125,93.58311462402344
2019-07-02,10912.1884765625,295.6558532714844,,0.4097369909286499,0.0033599999733269215,0.08459799736738205,3.8184309005737305,123.29338836669922,421.1091003417969,88.83393096923828
2019-07-03,11968.078125,303.342041015625,,0.4092389941215515,0.0033360000234097242,0.08379200100898743,3.7889580726623535,123.73639678955078,422.7281494140625,92.06185150146484
2019-07-04,12006.0751953125,303.9611511230469,,0.40865498781204224,0.0033569999504834414,0.08300700038671494,3.620145082473755,126.67379760742188,423.8468933105469,93.07946014404297
2019-07-05,11395.6611328125,293.921142578125,,0.3887290060520172,0.00447099981829524,0.07809100300073624,3.699769973754883,120.64836883544922,408.0817565917969,91.99293518066406
2019-07-06,11620.96484375,295.9914245605469,,0.40837401151657104,0.003967999946326017,0.08028999716043472,3.631666898727417,121.29405975341797,416.2275695800781,98.97308349609375
2019-07-07,11541.6201171875,310.1393127441406,,0.3988870084285736,0.003657999914139509,0.0802609995007515,3.5131399631500244,120.32526397705078,415.069091796875,107.18321990966797
2019-07-08,12345.8330078125,314.26788330078125,,0.40268999338150024,0.0036440000403672457,0.08225899934768677,3.5522260665893555,125.08201599121094,420.7862243652344,107.3181381225586
2019-07-09,12779.1318359375,318.2231140136719,,0.40654900670051575,0.0036150000523775816,0.08082100003957748,3.3767120838165283,124.16542053222656,428.36004638671875,104.5443115234375
2019-07-10,13129.529296875,313.0694580078125,,0.39792001247406006,0.003599999938160181,0.07832200080156326,3.223022937774658,120.10431671142578,421.53375244140625,101.60061645507812
2019-07-11,12144.623046875,290.02105712890625,,0.36363399028778076,0.0034260000102221966,0.07201100140810013,3.1368119716644287,108.57040405273438,390.4401550292969,94.92097473144531
2019-07-12,11905.4873046875,278.8555908203125,,0.34978899359703064,0.0033680000342428684,0.0708409994840622,3.2651610374450684,106.3561019897461,359.7796630859375,98.4223861694336
2019-07-13,11841.95703125,276.68524169921875,,0.34508299827575684,0.003350999904796481,0.07091899961233139,3.2651491165161133,105.59156799316406,354.84600830078125,98.27629852294922
2019-07-14,11451.2041015625,269.6412353515625,,0.3348639905452728,0.003258999902755022,0.06718400120735168,3.2401740550994873,101.68443298339844,346.3674621582031,94.416259765625
2019-07-15,11052.7666015625,235.02565002441406,,0.32178300619125366,0.0031330001074820757,0.06030000001192093,2.844985008239746,92.63166046142578,322.2755126953125,90.31957244873047
2019-07-16,10996.6328125,234.5138397216797,,0.3202419877052307,0.0031250000465661287,0.060982998460531235,2.771493911743164,92.06021118164062,317.3022766113281,89.38761138916016
2019-07-17,9963.134765625,217.9756317138672,,0.32218098640441895,0.0031769999768584967,0.05791100114583969,2.5741400718688965,93.04772186279297,304.0939025878906,80.0881118774414
2019-07-18,10736.8427734375,229.23939514160156,,0.32650598883628845,0.0031449999660253525,0.059512000530958176,2.7900309562683105,103.1461181640625,321.3488464355469,85.2486572265625
2019-07-19,10716.98046875,226.9404754638672,,0.32450899481773376,0.0031349998898804188,0.060805998742580414,2.7529330253601074,101.17887878417969,316.3939514160156,84.30963897705078
2019-07-20,11048.662109375,234.19845581054688,,0.34047698974609375,0.0031870000530034304,0.06513199955224991,2.7224080562591553,104.61331939697266,337.2783508300781,87.53948974609375
2019-07-21,10841.8876953125,229.86166381835938,,0.33586999773979187,0.0031659998930990696,0.06421399861574173,2.6692121028900146,101.46703338623047,330.4670104980469,87.43547058105469
2019-07-22,10651.791015625,226.86257934570312,,0.33166998624801636,0.003100000089034438,0.062066998332738876,2.5866570472717285,100.2451171875,323.6246337890625,85.37703704833984
2019-07-23,10346.748046875,218.51805114746094,,0.32234901189804077,0.003003000048920512,0.05955599993467331,2.5012691020965576,95.47981262207031,314.3080139160156,83.69129180908203
2019-07-24,9908.796875,217.53543090820312,,0.31647101044654846,0.0029170000925660133,0.059115998446941376,2.464463949203491,96.41960906982422,305.8147888183594,81.81864166259766
2019-07-25,10154.25390625,224.2541961669922,,0.32136300206184387,0.003017999930307269,0.06057300046086311,2.5168299674987793,95.84864807128906,310.6256103515625,83.59232330322266
2019-07-26,9916.517578125,220.23638916015625,,0.32450801134109497,0.0029490001033991575,0.06291300058364868,2.425676107406616,94.54645538330078,319.0316162109375,81.04552459716797
2019-07-27,10167.3203125,223.5172576904297,,0.3262850046157837,0.0030300000216811895,0.06367699801921844,2.4605939388275146,95.6519775390625,321.7006530761719,83.1028823852539
2019-07-28,9575.544921875,212.04183959960938,,0.31277400255203247,0.002887000096961856,0.05999999865889549,2.2859339714050293,90.41407775878906,311.2914123535156,82.932373046875
2019-07-29,9681.6484375,213.9320526123047,,0.3138119876384735,0.002896999940276146,0.06197499856352806,2.244028091430664,91.39435577392578,312.6158447265625,80.74223327636719
2019-07-30,9701.759765625,213.61407470703125,,0.3204070031642914,0.0028880001045763493,0.0611799992620945,2.177947998046875,92.19244384765625,320.2572021484375,80.21005249023438
2019-07-31,10085.6279296875,218.65414428710938,,0.3224650025367737,0.002908000024035573,0.06091399863362312,2.2190489768981934,99.48381042480469,329.29974365234375,82.45154571533203
2019-08-01,10446.919921875,218.81265258789062,,0.32085099816322327,0.0029589999467134476,0.06028800085186958,2.2271780967712402,100.25748443603516,329.052734375,82.54878234863281
2019-08-02,10657.953125,222.1825714111328,,0.3188759982585907,0.0029750000685453415,0.05893599987030029,2.4461019039154053,99.1995849609375,331.4440612792969,85.48069763183594
2019-08-03,10946.78125,224.62322998046875,,0.3196510076522827,0.002959999954327941,0.058364998549222946,2.7229371070861816,96.84276580810547,339.62493896484375,88.69642639160156
2019-08-04,11009.20703125,224.227294921875,,0.32292500138282776,0.002983999904245138,0.05818499997258186,2.5991010665893555,95.39308166503906,337.4638671875,89.15681457519531
2019-08-05,11895.091796875,235.63528442382812,,0.33141401410102844,0.0031620000954717398,0.05836300179362297,2.62923002243042,105.5912857055664,350.8248596191406,94.68663787841797
2019-08-06,12273.8212890625,239.11590576171875,,0.32494598627090454,0.0033160001039505005,0.05667800083756447,2.5220279693603516,98.97561645507812,352.3037109375,96.88713836669922
2019-08-07,12036.990234375,229.6565704345703,,0.3155730068683624,0.0030499999411404133,0.05407499894499779,2.4906070232391357,93.73897552490234,342.2203674316406,97.6051025390625
2019-08-08,11979.419921875,226.77471923828125,,0.3126179873943329,0.003011999884620309,0.05293300002813339,2.4039840698242188,91.72232818603516,339.7862548828125,97.59649658203125
2019-08-09,11970.4580078125,221.3643341064453,,0.30821800231933594,0.0029329999815672636,0.05205800011754036,2.2963380813598633,90.35707092285156,334.5715637207031,95.28076934814453
2019-08-10,11915.6552734375,213.73483276367188,,0.30474698543548584,0.00292899995110929,0.053137000650167465,2.382179021835327,87.11417388916016,323.13629150390625,94.60187530517578
2019-08-11,11523.5791015625,216.59864807128906,,0.30618101358413696,0.002901999978348613,0.05592799931764603,2.4711029529571533,91.03135681152344,340.1868896484375,92.33975219726562
2019-08-12,11528.189453125,216.14256286621094,,0.3035280108451843,0.0029009999707341194,0.0547959990799427,2.4638760089874268,89.70867919921875,338.0924072265625,92.27625274658203
2019-08-13,11420.0498046875,211.38441467285156,,0.3011780083179474,0.0028899998869746923,0.053011998534202576,2.442807912826538,86.32353210449219,348.50152587890625,91.43673706054688
2019-08-14,10889.556640625,209.06643676757812,,0.29721999168395996,0.0028299998957663774,0.05349599942564964,2.5578699111938477,85.5505142211914,353.7008056640625,85.51295471191406
2019-08-15,10437.4111328125,189.462158203125,,0.2682409882545471,0.002753000007942319,0.048016998916864395,2.4317619800567627,78.50770568847656,320.9156188964844,82.7773208618164
2019-08-16,10524.349609375,188.9055938720703,,0.26545199751853943,0.002713999943807721,0.04753600060939789,2.4447391033172607,77.16976928710938,316.1533203125,83.51747131347656
2019-08-17,10452.625,186.70314025878906,,0.26804599165916443,0.002689999993890524,0.048044998198747635,2.397439956665039,75.33065795898438,312.8258056640625,83.69644165039062
2019-08-18,10487.0703125,197.52249145507812,,0.28871798515319824,0.002730000065639615,0.05120899900794029,2.549614906311035,77.55828094482422,322.9688415527344,88.06974792480469
2019-08-19,10916.0537109375,203.56015014648438,,0.28909099102020264,0.002827000105753541,0.05081300064921379,2.5911149978637695,78.50802612304688,326.88427734375,90.65831756591797
2019-08-20,10947.0419921875,203.0159912109375,,0.28324100375175476,0.0028069999534636736,0.050331000238657,2.5372860431671143,77.44202423095703,325.7250061035156,90.98080444335938
2019-08-21,10798.7294921875,197.02743530273438,,0.27576500177383423,0.0027699999045580626,0.049226000905036926,2.388000011444092,75.46507263183594,316.2823486328125,86.34451293945312
2019-08-22,10232.99609375,194.41551208496094,,0.2733420133590698,0.0027310000732541084,0.05116099864244461,2.2886059284210205,74.57101440429688,312.870361328125,83.3497085571289
2019-08-23,10442.443359375,195.906494140625,,0.2775680124759674,0.0028989999555051327,0.05026699975132942,2.307197093963623,75.6928482055664,317.5774230957031,83.65322875976562
2019-08-24,10418.0205078125,194.7849884033203,,0.276542991399765,0.002725000027567148,0.051190998405218124,2.2615699768066406,75.6932144165039,316.2749328613281,82.1766128540039
2019-08-25,10304.6220703125,192.163330078125,,0.27492401003837585,0.0028880001045763493,0.052604999393224716,2.1878349781036377,74.7339859008789,310.7371826171875,82.20098114013672
2019-08-26,10512.328125,193.4421844482422,,0.27743199467658997,0.002828999888151884,0.050944000482559204,2.1629209518432617,74.98611450195312,315.08941650390625,83.48772430419922
2019-08-27,10381.328125,188.9631805419922,,0.27104198932647705,0.002788000041618943,0.049949999898672104,2.164001941680908,73.93386840820312,312.4962158203125,79.72837829589844
2019-08-28,10279.3662109375,187.93087768554688,,0.2702929973602295,0.002633000025525689,0.05033300071954727,2.110969066619873,73.04862213134766,309.4792785644531,79.5331039428711
2019-08-29,9756.7861328125,173.99639892578125,,0.2610909938812256,0.0025239998940378428,0.04583499953150749,1.9021910429000854,67.43074798583984,292.247314453125,72.32820892333984
2019-08-30,9656.1240234375,170.7735137939453,,0.2573249936103821,0.0024870000779628754,0.04585599899291992,1.8917670249938965,65.43724060058594,283.956298828125,68.08980560302734
2019-08-31,9673.220703125,174.323974609375,,0.2605069875717163,0.0025289999321103096,0.04558499902486801,1.849249005317688,65.26631927490234,283.94793701171875,68.12996673583984
2019-09-01,9796.755859375,173.6968536376953,,0.2596589922904968,0.002532999962568283,0.04535700008273125,1.802770972251892,66.77418518066406,283.573974609375,74.31924438476562
2019-09-02,10396.591796875,180.1452178955078,,0.2624650001525879,0.002615999896079302,0.04611299932003021,1.8856970071792603,67.55126190185547,295.5244445800781,73.64060974121094
2019-09-03,10736.1044921875,182.34799194335938,,0.26527899503707886,0.002724000019952655,0.04739899933338165,1.9310319423675537,70.70952606201172,305.47174072265625,75.44873046875
2019-09-04,10762.64453125,180.1365966796875,,0.2631849944591522,0.0026950000319629908,0.04678900167346001,1.8597129583358765,69.23666381835938,301.9755554199219,74.91090393066406
2019-09-05,10627.26953125,176.16390991210938,,0.26070699095726013,0.0026920000091195107,0.04554300010204315,1.8611769676208496,67.62285614013672,296.2703857421875,76.32164764404297
2019-09-06,10898.76171875,177.7187042236328,,0.25933200120925903,0.0026400000788271427,0.044762998819351196,1.8223470449447632,67.88983154296875,301.0353088378906,79.53265380859375
2019-09-07,10558.673828125,180.8516082763672,,0.2624880075454712,0.0025690000038594007,0.046585001051425934,1.809931993484497,70.29487609863281,305.16644287109375,78.74201202392578
2019-09-08,10595.6376953125,182.97708129882812,,0.2649730145931244,0.0025599999353289604,0.04765300080180168,1.9017930030822754,71.10938262939453,309.7891845703125,79.54988861083984
2019-09-09,10450.3115234375,184.1494598388672,,0.26369398832321167,0.0025100000202655792,0.047210998833179474,1.8706090450286865,70.80872344970703,310.72369384765625,77.51295471191406
2019-09-10,10394.353515625,184.0634307861328,,0.26364898681640625,0.002489000093191862,0.04814000055193901,1.8291250467300415,72.67292785644531,310.64581298828125,75.98249816894531
2019-09-11,10215.9482421875,181.75746154785156,,0.2598319947719574,0.0024510000366717577,0.04663899913430214,1.8270599842071533,71.41376495361328,306.6543884277344,74.4141616821289
2019-09-12,10442.25390625,181.99856567382812,,0.2570149898529053,0.002445999998599291,0.04641399905085564,1.7468509674072266,70.14852905273438,302.68408203125,75.48541259765625
2019-09-13,10441.4892578125,181.498291015625,,0.25632598996162415,0.0024319998919963837,0.045795001089572906,1.7137750387191772,69.71765899658203,301.0611267089844,76.91072845458984
2019-09-14,10422.1337890625,188.44692993164062,,0.264492005109787,0.0024510000366717577,0.04708800092339516,1.6358250379562378,71.16039276123047,307.7929382324219,76.98004150390625
2019-09-15,10387.03515625,190.3993377685547,,0.2648580074310303,0.002486000070348382,0.04711399972438812,1.65077805519104,71.23120880126953,307.8362121582031,76.30150604248047
2019-09-16,10386.8671875,198.20497131347656,,0.2639229893684387,0.002491000108420849,0.047662001103162766,1.6408510208129883,73.26958465576172,309.67681884765625,76.45630645751953
2019-09-17,10296.771484375,213.73194885253906,,0.29455599188804626,0.0026149998884648085,0.050429001450538635,1.6601580381393433,76.63707733154297,326.83282470703125,75.46593475341797
2019-09-18,10275.9287109375,216.7115020751953,,0.32203400135040283,0.0029929999727755785,0.05492100119590759,1.847965955734253,79.65522003173828,332.8913269042969,82.01044464111328
2019-09-19,10295.6689453125,222.87168884277344,,0.3138140141963959,0.0027340000960975885,0.054614000022411346,1.9100170135498047,78.0499267578125,324.63232421875,81.76316833496094
2019-09-20,10285.8720703125,221.5985565185547,,0.30245500802993774,0.002715999959036708,0.052556999027729034,1.8788609504699707,77.04866790771484,325.0715026855469,77.72148132324219
2019-09-21,10188.09765625,220.9582977294922,,0.2975730001926422,0.002672000089660287,0.05334800109267235,1.8894050121307373,75.5663070678711,318.1009521484375,74.01386260986328
2019-09-22,10074.4443359375,216.08624267578125,,0.28967300057411194,0.002609000075608492,0.0519540011882782,1.8895349502563477,73.55011749267578,312.6797790527344,74.10967254638672
2019-09-23,10074.23828125,211.84051513671875,,0.28611400723457336,0.0026000000070780516,0.04955499991774559,1.8893890380859375,74.0531005859375,308.4659423828125,73.18870544433594
2019-09-24,9804.3173828125,203.50054931640625,,0.27286800742149353,0.0025019999593496323,0.04666600003838539,2.0649468898773193,67.60664367675781,294.0632629394531,70.31986999511719
2019-09-25,8744.828125,174.7197723388672,,0.24896200001239777,0.0022430000826716423,0.04033400118350983,1.927649974822998,58.35749435424805,235.1395721435547,61.30318832397461
2019-09-26,8515.685546875,171.69264221191406,,0.2504569888114929,0.002228999976068735,0.04028699919581413,1.7631479501724243,57.833927154541016,229.2652130126953,60.204227447509766
2019-09-27,8271.5205078125,175.61077880859375,,0.24630600214004517,0.0022279999684542418,0.03992399945855141,1.6769609451293945,56.69869613647461,223.96987915039062,58.487728118896484
2019-09-28,8285.6171875,175.7787322998047,,0.24504700303077698,0.0022479998879134655,0.03976599872112274,1.7082680463790894,56.574928283691406,231.8486328125,58.274269104003906
2019-09-29,8261.70703125,175.21022033691406,,0.24334800243377686,0.0023360000923275948,0.03891700133681297,1.753641963005066,55.88847732543945,229.20863342285156,58.071720123291016
2019-09-30,8314.2314453125,179.87220764160156,,0.26014599204063416,0.0024160000029951334,0.03928700089454651,1.7706910371780396,56.159523010253906,230.2633819580078,57.20204162597656
2019-10-01,8497.6923828125,185.0455322265625,,0.26052600145339966,0.0024969999212771654,0.03995800018310547,1.8995280265808105,57.56550598144531,236.07810974121094,58.18669891357422
2019-10-02,8393.0419921875,180.8261260986328,,0.2548840045928955,0.0024109999649226665,0.03951599821448326,2.021117925643921,56.886688232421875,226.56072998046875,56.71333694458008
2019-10-03,8414.2275390625,180.79920959472656,,0.2535029947757721,0.002365000080317259,0.03972800076007843,2.0347890853881836,56.9116096496582,225.98020935058594,56.954158782958984
2019-10-04,8260.0556640625,178.5520782470703,,0.25624701380729675,0.002363000065088272,0.04038500040769577,1.9984079599380493,57.523277282714844,225.71388244628906,57.993896484375
2019-10-05,8215.5263671875,177.71324157714844,,0.25650501251220703,0.0023769999388605356,0.03999299928545952,1.9825769662857056,57.42682647705078,224.193359375,57.858238220214844
2019-10-06,8161.41015625,177.3645477294922,,0.2577050030231476,0.0023620000574737787,0.04032300040125847,2.2686359882354736,56.94423294067383,224.13070678710938,56.829986572265625
2019-10-07,8308.4501953125,182.35635375976562,,0.279092013835907,0.0024079999420791864,0.04189800098538399,2.4884729385375977,58.65361022949219,238.354736328125,57.21857452392578
2019-10-08,8332.71484375,184.35997009277344,,0.28356900811195374,0.00241800001822412,0.042180001735687256,2.627469062805176,58.3152961730957,239.05047607421875,57.04943084716797
2019-10-09,8627.7060546875,194.3004913330078,,0.28372499346733093,0.0024019998963922262,0.04331300035119057,2.941925048828125,59.932804107666016,240.36972045898438,57.60977554321289
2019-10-10,8625.2724609375,193.8969268798828,,0.2815510034561157,0.002400000113993883,0.04264099895954132,2.811619997024536,59.408851623535156,240.1189727783203,57.604095458984375
2019-10-11,8721.7802734375,195.3188018798828,,0.2759360074996948,0.002382999984547496,0.04216499999165535,2.8055500984191895,58.242374420166016,233.99237060546875,56.342193603515625
2019-10-12,8415.2421875,186.3048858642578,,0.2789599895477295,0.002382999984547496,0.04123599827289581,2.776331901550293,56.93097686767578,228.095703125,55.26849365234375
2019-10-13,8470.98828125,185.07591247558594,,0.28170499205589294,0.0026179999113082886,0.04180099815130234,2.6466569900512695,57.726322174072266,228.90122985839844,54.26359939575195
2019-10-14,8390.208984375,187.30361938476562,,0.29659000039100647,0.0026360000483691692,0.04216200113296509,2.665086030960083,57.32960891723633,229.08680725097656,53.78214645385742
2019-10-15,8410.71484375,187.75987243652344,,0.2982650101184845,0.0025649999734014273,0.04194800183176994,2.5956599712371826,57.37456512451172,229.13510131835938,53.63450622558594
2019-10-16,8216.8125,181.66860961914062,,0.29208600521087646,0.002618999918922782,0.03995199874043465,2.418581008911133,55.55139923095703,225.7617950439453,55.3084602355957
2019-10-17,8134.83154296875,178.89955139160156,,0.3024809956550598,0.0029319999739527702,0.03953300043940544,2.4849650859832764,55.126426696777344,221.4342041015625,60.703765869140625
2019-10-18,8138.41357421875,178.17979431152344,,0.30234000086784363,0.002862999914214015,0.03959399834275246,2.505373001098633,55.03578186035156,221.2800750732422,58.3458137512207
2019-10-19,8082.62939453125,175.6082305908203,,0.2992289960384369,0.002795000094920397,0.03967199847102165,2.400023937225342,54.464229583740234,216.08242797851562,56.31981658935547
2019-10-20,8281.818359375,176.71868896484375,,0.29705101251602173,0.0027749999426305294,0.039618998765945435,2.4414639472961426,55.44245910644531,227.03616333007812,57.11326217651367
2019-10-21,8296.6943359375,177.74172973632812,,0.29471999406814575,0.002812999999150634,0.03955899924039841,2.674997091293335,55.55565643310547,236.7276153564453,59.38092041015625
2019-10-22,8296.6513671875,175.6500244140625,,0.30148398876190186,0.0027759999502450228,0.040109001100063324,2.823568105697632,55.288387298583984,234.57640075683594,58.658809661865234
2019-10-23,8092.99951171875,172.4205780029297,,0.2927370071411133,0.0025869999080896378,0.038979001343250275,2.692960023880005,53.81858825683594,228.58441162109375,57.557064056396484
2019-10-24,7532.86767578125,164.14756774902344,,0.2812809944152832,0.0025530001148581505,0.03810900077223778,2.790092945098877,50.469451904296875,218.42721557617188,54.59417724609375
2019-10-25,8691.5400390625,183.0001220703125,,0.29994699358940125,0.002713999943807721,0.04179900139570236,2.9334640502929688,57.32029342651367,265.02813720703125,60.030006408691406
2019-10-26,10021.744140625,195.9425048828125,,0.31029000878334045,0.002858000108972192,0.04317700117826462,2.9928390979766846,61.7293586730957,277.12249755859375,64.40350341796875
2019-10-27,9749.529296875,188.15533447265625,,0.3014810085296631,0.0027469999622553587,0.04298499971628189,2.7654519081115723,61.87487030029297,265.959716796875,61.04884338378906
2019-10-28,9805.1181640625,187.88316345214844,,0.3028370141983032,0.002722000004723668,0.0445530004799366,2.8912830352783203,61.91228485107422,274.806396484375,61.579219818115234
2019-10-29,9516.1806640625,191.8467559814453,,0.30798399448394775,0.0027280000504106283,0.04381899908185005,2.7687981128692627,60.655860900878906,295.4685363769531,63.074684143066406
2019-10-30,9426.8740234375,191.1119384765625,,0.30518001317977905,0.002681999932974577,0.04433700069785118,2.676215887069702,60.89046096801758,303.6143493652344,59.884727478027344
2019-10-31,9383.1611328125,188.7512664794922,,0.3023790121078491,0.002675000112503767,0.042791999876499176,2.7592010498046875,60.081844329833984,296.56060791015625,60.49870681762695
2019-11-01,9275.6572265625,185.05970764160156,,0.2964870035648346,0.0026390000712126493,0.042858000844717026,2.8008038997650146,58.75156021118164,284.489501953125,61.39109802246094
2019-11-02,9377.486328125,185.70895385742188,,0.29903900623321533,0.002650999929755926,0.04274500161409378,2.7576351165771484,59.33478546142578,295.2253112792969,63.38001251220703
2019-11-03,9379.806640625,185.0242156982422,,0.29717299342155457,0.0026740001048892736,0.04268399998545647,2.719388961791992,58.96686553955078,303.130859375,65.19035339355469
2019-11-04,9505.0517578125,188.02293395996094,,0.2999489903450012,0.002644999884068966,0.04325700178742409,2.729180097579956,62.17682647705078,293.9796447753906,63.75320053100586
2019-11-05,9457.41796875,191.25782775878906,,0.3045240044593811,0.002650999929755926,0.04492799937725067,2.6999399662017822,63.9970588684082,295.7974548339844,63.74925231933594
2019-11-06,9423.2373046875,193.54725646972656,,0.3116050064563751,0.0026499999221414328,0.046105001121759415,2.8095510005950928,64.26874542236328,307.36273193359375,64.68830108642578
2019-11-07,9368.4765625,191.86109924316406,,0.3132779896259308,0.0027340000960975885,0.04501799866557121,2.748500108718872,64.41033935546875,306.6746826171875,66.2760238647461
2019-11-08,9272.759765625,188.81597900390625,,0.2926119863986969,0.0027310000732541084,0.04383699968457222,2.7312190532684326,62.44664764404297,294.61163330078125,63.73627471923828
2019-11-09,8891.818359375,185.83853149414062,,0.2824710011482239,0.002741999924182892,0.04275500029325485,2.8569600582122803,62.15303421020508,284.1042785644531,62.48233413696289
2019-11-10,9103.826171875,190.9206085205078,,0.28311699628829956,0.002785000018775463,0.0442270003259182,2.847662925720215,64.59861755371094,296.03533935546875,64.5514144897461
2019-11-11,9081.279296875,190.3384246826172,,0.28172698616981506,0.0027799999807029963,0.04412199929356575,2.782536029815674,64.33972930908203,297.0106201171875,64.21824645996094
2019-11-12,8853.7685546875,187.94802856445312,,0.2770420014858246,0.002735000103712082,0.044631000608205795,2.865159034729004,62.47447204589844,291.6424865722656,65.74169921875
2019-11-13,8836.841796875,189.33187866210938,,0.2756649851799011,0.002725000027567148,0.044043999165296555,3.0777719020843506,62.057071685791016,289.66107177734375,65.7061767578125
2019-11-14,8826.943359375,188.6345977783203,,0.27386799454689026,0.002698000054806471,0.043549999594688416,3.1800200939178467,61.21624755859375,287.0138854980469,65.87561798095703
2019-11-15,8730.873046875,186.2518310546875,,0.27104899287223816,0.0026889999862760305,0.04443199932575226,3.084414005279541,60.47163009643555,280.2736511230469,65.78266906738281
2019-11-16,8591.9970703125,184.1552734375,,0.26544299721717834,0.002675000112503767,0.04465499892830849,3.0470519065856934,59.1802978515625,269.50433349609375,63.024078369140625
2019-11-17,8727.7890625,188.19134521484375,,0.2693850100040436,0.0027179999742656946,0.04642299935221672,3.0104970932006836,60.66939163208008,274.0400695800781,63.18132400512695
2019-11-18,8653.2802734375,186.92715454101562,,0.26551398634910583,0.0027149999514222145,0.04665200039744377,2.9790170192718506,60.077110290527344,269.79931640625,62.60394287109375
2019-11-19,8408.5166015625,182.5279998779297,,0.25856301188468933,0.0026080000679939985,0.044450998306274414,2.861185073852539,57.59451675415039,253.91741943359375,60.37889099121094
2019-11-20,8237.240234375,178.99314880371094,,0.2591390013694763,0.002698000054806471,0.04279400035738945,2.8313159942626953,56.65969467163086,248.6194610595703,59.594051361083984
2019-11-21,8110.09814453125,176.20921325683594,,0.2535119950771332,0.0025659999810159206,0.041248999536037445,2.7128679752349854,55.43587875366211,246.8153076171875,58.512489318847656
2019-11-22,7697.3828125,163.02809143066406,,0.24641700088977814,0.0025190000887960196,0.03868500143289566,2.5894880294799805,51.38973617553711,229.25502014160156,54.952022552490234
2019-11-23,7442.2587890625,154.1015625,,0.23618799448013306,0.002506999997422099,0.038423001766204834,2.4608640670776367,48.70744323730469,217.363525390625,52.71929931640625
2019-11-24,7408.5771484375,153.96591186523438,,0.23637300729751587,0.0025100000202655792,0.03891599923372269,2.469660997390747,48.7819938659668,217.90899658203125,52.32941436767578
2019-11-25,7319.85693359375,150.2079620361328,,0.22592300176620483,0.0023690001107752323,0.03718400001525879,2.379225015640259,47.26742172241211,215.29591369628906,52.1730842590332
2019-11-26,7320.23046875,150.0047607421875,,0.22321200370788574,0.0023419999051839113,0.037073999643325806,2.3563060760498047,47.5400390625,214.93177795410156,52.27850341796875
2019-11-27,7619.693359375,154.88720703125,,0.22849799692630768,0.0023580000270158052,0.039799999445676804,2.2874128818511963,48.517147064208984,224.122802734375,57.04067611694336
2019-11-28,7730.07275390625,156.61358642578125,,0.23113100230693817,0.0023799999617040157,0.03999000042676926,2.328200101852417,48.55413055419922,226.24264526367188,57.139251708984375
2019-11-29,7781.1796875,156.84840393066406,,0.23163600265979767,0.0024580000899732113,0.04204000160098076,2.3616700172424316,49.32228088378906,225.6875762939453,56.09754180908203
2019-11-30,7836.10205078125,156.69129943847656,,0.2336149960756302,0.0024739999789744616,0.04226800054311752,2.3575689792633057,49.28376388549805,226.7573699951172,56.50130844116211
2019-12-01,7571.6162109375,152.49192810058594,,0.22652499377727509,0.002394000068306923,0.04042600095272064,2.243208885192871,48.301143646240234,219.25755310058594,54.7960319519043
2019-12-02,7474.81884765625,152.11695861816406,,0.22720299661159515,0.002311999909579754,0.0397690013051033,2.1753830909729004,47.81046676635742,218.92343139648438,54.40909957885742
2019-12-03,7418.85888671875,150.3104248046875,,0.22317899763584137,0.0022559999488294125,0.03876100108027458,2.2009270191192627,46.622554779052734,217.1620635986328,55.2879638671875
2019-12-04,7539.78466796875,150.68081665039062,,0.2217700034379959,0.0022410000674426556,0.03853299841284752,2.1414220333099365,46.5357666015625,216.60450744628906,55.35561752319336
2019-12-05,7743.431640625,153.1553955078125,,0.22657500207424164,0.002305000089108944,0.038979001343250275,2.106218099594116,46.74615478515625,221.6564483642578,54.61841583251953
2019-12-06,7546.99658203125,149.67051696777344,,0.22585800290107727,0.0022799998987466097,0.03832300007343292,2.104978084564209,45.70335006713867,215.2685089111328,55.6156120300293
2019-12-07,7589.95166015625,149.79971313476562,,0.22889100015163422,0.0022479998879134655,0.0392489992082119,2.1096460819244385,46.20798873901367,215.80987548828125,55.12129211425781
2019-12-08,7634.6064453125,152.39292907714844,,0.2337370067834854,0.002340999897569418,0.0392410010099411,2.0933709144592285,46.5076789855957,216.94627380371094,55.43014144897461
2019-12-09,7618.091796875,151.9139404296875,,0.2313240021467209,0.0022509999107569456,0.03897399827837944,2.0926170349121094,46.065433502197266,215.43466186523438,54.51443862915039
2019-12-10,7424.02294921875,148.56446838378906,,0.2262510061264038,0.0022219999227672815,0.0375560000538826,2.2764549255371094,45.103614807128906,210.09378051757812,54.83464050292969
2019-12-11,7324.15625,147.1392059326172,,0.22474199533462524,0.002240000059828162,0.03732600063085556,2.2993481159210205,44.931793212890625,209.95396423339844,53.9330940246582
2019-12-12,7266.6396484375,145.75164794921875,,0.22269199788570404,0.0021979999728500843,0.03693100064992905,2.1951711177825928,44.283878326416016,208.79873657226562,54.0900764465332
2019-12-13,7293.560546875,145.8571014404297,,0.22100700438022614,0.002208000048995018,0.03737200051546097,2.130671977996826,44.50291061401367,212.8190460205078,53.454349517822266
2019-12-14,7308.83642578125,145.52908325195312,,0.22174200415611267,0.0022040000185370445,0.03752699866890907,2.093985080718994,44.65840530395508,213.22845458984375,52.755184173583984
2019-12-15,7181.07568359375,143.92535400390625,,0.22007399797439575,0.002171000000089407,0.036802999675273895,2.119239091873169,44.314151763916016,209.96607971191406,52.108551025390625
2019-12-16,7171.1689453125,143.224853515625,,0.21890799701213837,0.0021840000990778208,0.036715999245643616,2.0892510414123535,43.866947174072266,208.40028381347656,51.245052337646484
2019-12-17,6964.0751953125,134.01153564453125,,0.20765900611877441,0.0021520000882446766,0.03428500145673752,2.00640606880188,40.4158821105957,198.1102294921875,49.67835235595703
2019-12-18,7324.98486328125,133.3941650390625,,0.19751200079917908,0.002191999927163124,0.034662000834941864,1.8807209730148315,41.0999870300293,190.68162536621094,48.728214263916016
2019-12-19,7346.6025390625,134.19064331054688,,0.19725699722766876,0.0021989999804645777,0.03479300066828728,1.8883440494537354,41.12337112426758,191.99012756347656,49.24811935424805
2019-12-20,7257.921875,129.7563018798828,,0.19796699285507202,0.0021410000044852495,0.034008998423814774,1.9244149923324585,40.5880012512207,190.80645751953125,47.907554626464844
2019-12-21,7223.22607421875,129.1476593017578,,0.19617299735546112,0.002088000066578388,0.034074001014232635,1.9296989440917969,40.33557891845703,189.2550811767578,47.17230987548828
2019-12-22,7518.033203125,133.1600341796875,,0.1973699927330017,0.0021200000774115324,0.034494999796152115,1.9470460414886475,42.25456237792969,197.67898559570312,48.09528350830078
2019-12-23,7656.17626953125,134.73175048828125,,0.19813400506973267,0.002136999974027276,0.03458400070667267,1.9576139450073242,42.54795837402344,197.61087036132812,48.774200439453125
2019-12-24,7535.716796875,131.6722869873047,,0.19688500463962555,0.002114000031724572,0.03505000099539757,1.886733055114746,41.68458557128906,194.1299285888672,48.39202880859375
2019-12-25,7357.02001953125,129.06849670410156,,0.19262200593948364,0.0020979999098926783,0.03440900146961212,1.8631199598312378,40.757301330566406,190.30160522460938,47.09683609008789
2019-12-26,7388.302734375,130.89834594726562,,0.19251799583435059,0.0020979999098926783,0.0347680002450943,1.9415090084075928,41.368019104003906,192.9998321533203,46.62921142578125
2019-12-27,7363.529296875,128.09756469726562,,0.19270800054073334,0.0020749999675899744,0.03442699834704399,1.9460159540176392,41.65152359008789,204.708251953125,46.065494537353516
2019-12-28,7399.041015625,130.25816345214844,,0.19528600573539734,0.002090000081807375,0.03421099856495857,1.9093209505081177,43.81186294555664,209.94073486328125,45.94725036621094
2019-12-29,7513.9482421875,136.8112030029297,,0.19897200167179108,0.002114000031724572,0.034690000116825104,1.920132040977478,44.449588775634766,215.50189208984375,47.77740478515625
2019-12-30,7454.82421875,136.75735473632812,,0.19871599972248077,0.002076999982818961,0.034595001488924026,1.9067180156707764,44.60399627685547,215.99322509765625,47.05575942993164
2019-12-31,7335.2900390625,133.73268127441406,,0.1948779970407486,0.002056000055745244,0.0338979996740818,1.8408299684524536,43.06095504760742,214.2379150390625,46.5191764831543
2020-01-01,7254.33056640625,132.83535766601562,,0.19436199963092804,0.0020520000252872705,0.0338129997253418,1.8514169454574585,42.28501892089844,208.0775146484375,45.9602165222168
2020-01-02,7212.1552734375,130.82003784179688,,0.19289599359035492,0.0021100000012665987,0.03350700065493584,1.8168820142745972,42.13474655151367,205.13674926757812,46.214603424072266
2020-01-03,7413.71533203125,134.55401611328125,,0.1940699964761734,0.002177000045776367,0.03442699834704399,1.8265340328216553,42.447174072265625,224.95086669921875,51.98094177246094
2020-01-04,7427.3857421875,136.05271911621094,,0.1946530044078827,0.0024900001008063555,0.03468500077724457,1.8511120080947876,43.34270477294922,227.4605255126953,51.54541778564453
2020-01-05,7544.4970703125,139.4102020263672,,0.19922299683094025,0.002491000108420849,0.03535600006580353,1.8552290201187134,44.73361587524414,228.21929931640625,54.77756118774414
2020-01-06,7781.8671875,144.32818603515625,,0.22383199632167816,0.002563999965786934,0.03729899972677231,1.9387680292129517,45.95787811279297,245.1061248779297,58.99368667602539
2020-01-07,8178.2158203125,145.00177001953125,,0.2233860045671463,0.0024969999212771654,0.03780699893832207,2.125786066055298,46.8583869934082,245.8449249267578,59.86029815673828
2020-01-08,8396.73828125,146.8280029296875,,0.21670399606227875,0.0024649999104440212,0.03855099901556969,2.334433078765869,48.20276641845703,251.29730224609375,59.812522888183594
2020-01-09,8082.2958984375,141.39398193359375,,0.20914199948310852,0.0023139999248087406,0.036444999277591705,2.2326951026916504,45.777835845947266,243.04739379882812,59.789852142333984
2020-01-10,8166.55419921875,144.16732788085938,,0.21240299940109253,0.0023610000498592854,0.036979999393224716,2.2586441040039062,49.16672134399414,271.7676696777344,59.45735168457031
2020-01-11,8218.359375,146.4809112548828,,0.21897099912166595,0.002372999908402562,0.0375789999961853,2.3349220752716064,51.334716796875,276.6336364746094,63.984764099121094
2020-01-12,8200.0634765625,146.14585876464844,,0.21637099981307983,0.0024129999801516533,0.037748001515865326,2.310689926147461,51.298828125,269.07086181640625,59.867191314697266
2020-01-13,8197.7880859375,146.79122924804688,,0.21568700671195984,0.002406999934464693,0.0379440002143383,2.244438886642456,51.39035415649414,270.7655944824219,59.3317985534668
2020-01-14,8879.51171875,167.68154907226562,,0.24183200299739838,0.0025140000507235527,0.042219001799821854,2.4506969451904297,59.88150405883789,364.1580810546875,63.03777313232422
2020-01-15,8890.1171875,170.42567443847656,,0.24099700152873993,0.00254100002348423,0.04295799881219864,2.5679140090942383,59.92303466796875,358.8165283203125,68.82508850097656
2020-01-16,8846.4609375,167.0581512451172,,0.2335679978132248,0.0024240000639110804,0.043090999126434326,2.500261068344116,58.302066802978516,341.23760986328125,68.79805755615234
2020-01-17,8958.1220703125,173.0692138671875,,0.24315600097179413,0.0025160000659525394,0.0456789992749691,2.836941957473755,62.88954544067383,379.68365478515625,71.92842102050781
2020-01-18,9012.1982421875,178.52877807617188,,0.2511869966983795,0.00253800000064075,0.04554399847984314,2.7885749340057373,62.165672302246094,398.8927307128906,70.82515716552734
2020-01-19,9164.3623046875,177.2476348876953,,0.24956899881362915,0.002570000011473894,0.04576500132679939,2.8369929790496826,61.78595733642578,362.1460876464844,69.2800521850586
2020-01-20,8745.5908203125,169.11488342285156,,0.23574799299240112,0.002423000056296587,0.04429600015282631,2.7387330532073975,58.08806610107422,351.8434143066406,66.44551849365234
2020-01-21,8755.7060546875,169.9101104736328,,0.24026399850845337,0.0024029999040067196,0.04654800146818161,2.735785961151123,57.96322250366211,346.53643798828125,66.76815795898438
2020-01-22,8792.994140625,171.00869750976562,,0.23868900537490845,0.0023990001063793898,0.04633500054478645,2.6877338886260986,58.99089431762695,352.0074768066406,66.33659362792969
2020-01-23,8687.7470703125,168.31224060058594,,0.23628400266170502,0.0023580000270158052,0.04581400007009506,2.64882493019104,58.47669982910156,348.3945007324219,65.20707702636719
2020-01-24,8514.6669921875,164.3094482421875,,0.2263139933347702,0.0022929999977350235,0.045242998749017715,2.5299079418182373,55.424434661865234,327.37530517578125,62.93889236450195
2020-01-25,8458.453125,163.22723388671875,,0.22314999997615814,0.00227600010111928,0.04518499970436096,2.511652946472168,54.564056396484375,319.4014587402344,62.45710372924805
2020-01-26,8602.4013671875,168.22032165527344,,0.23134399950504303,0.0023070001043379307,0.04463300108909607,2.5728039741516113,56.47526550292969,347.7431945800781,64.4272689819336
2020-01-27,8977.7265625,172.92291259765625,,0.23463399708271027,0.0024129999801516533,0.04879799857735634,2.6767070293426514,59.57749938964844,374.86090087890625,66.2074966430664
2020-01-28,9358.58984375,176.3703155517578,,0.23993100225925446,0.0024500000290572643,0.05432799831032753,2.6681931018829346,61.15335464477539,382.775146484375,67.7280044555664
2020-01-29,9406.431640625,178.8429718017578,,0.24126699566841125,0.0024709999561309814,0.057301998138427734,2.81472110748291,62.24987030029297,393.7833557128906,70.6146240234375
2020-01-30,9553.1259765625,186.26048278808594,,0.245960995554924,0.002445999998599291,0.05688000097870827,2.939984083175659,69.73802947998047,395.5552062988281,74.97740936279297
2020-01-31,9521.7060546875,185.4058380126953,,0.24427300691604614,0.0024580000899732113,0.0565669983625412,2.9175350666046143,69.37981414794922,393.8035583496094,75.98523712158203
2020-02-01,9439.3232421875,183.84555053710938,,0.24261200428009033,0.0024309998843818903,0.05714799836277962,2.8733699321746826,72.2823257446289,387.3855895996094,73.88945770263672
2020-02-02,9468.7978515625,193.0803985595703,,0.2592589855194092,0.0025059999898076057,0.05844999849796295,2.892693042755127,73.25373077392578,388.38543701171875,77.84381866455078
2020-02-03,9540.3720703125,193.4368896484375,,0.25637000799179077,0.002517000073567033,0.057711999863386154,2.862968921661377,72.38532257080078,389.4546813964844,78.11680603027344
2020-02-04,9331.265625,191.1114959716797,,0.2695760130882263,0.0025029999669641256,0.057663001120090485,2.800909996032715,70.33206939697266,387.1604309082031,77.22618103027344
2020-02-05,9701.2998046875,206.8040008544922,,0.2810389995574951,0.002630000002682209,0.05985099822282791,2.874556064605713,73.18159484863281,442.0984802246094,78.84942626953125
2020-02-06,9824.619140625,214.59771728515625,,0.2859390079975128,0.00267699989490211,0.06058000028133392,2.92970609664917,74.65676879882812,445.92816162109375,79.77473449707031
2020-02-07,9834.716796875,223.14093017578125,,0.28652000427246094,0.0027699999045580626,0.06227999925613403,3.353101968765259,74.95879364013672,454.0125732421875,80.61109924316406
2020-02-08,9876.7490234375,226.5880889892578,,0.28048399090766907,0.003208999987691641,0.061142999678850174,3.454267978668213,77.4217300415039,451.2791748046875,81.49957275390625
2020-02-09,10129.435546875,229.86424255371094,,0.28723499178886414,0.0035310001112520695,0.06221500039100647,3.478377103805542,78.20138549804688,458.0118713378906,87.65213012695312
2020-02-10,10165.765625,229.1846160888672,,0.2833150029182434,0.0033030000049620867,0.0619410015642643,3.484994888305664,77.56034088134766,457.9459228515625,87.81587982177734
2020-02-11,10210.052734375,236.54713439941406,,0.2807460129261017,0.0030849999748170376,0.06322800368070602,3.9755589962005615,76.63123321533203,463.737060546875,89.83756256103516
2020-02-12,10393.611328125,272.3988342285156,,0.3074910044670105,0.003172999946400523,0.0701730027794838,4.194424152374268,82.27188873291016,479.6651306152344,95.25958251953125
2020-02-13,10457.626953125,273.7410583496094,,0.33614200353622437,0.0032160000409930944,0.07207000255584717,4.091565132141113,83.68916320800781,482.79571533203125,96.0470962524414
2020-02-14,10321.99609375,285.0564270019531,,0.3375529944896698,0.0031469999812543392,0.07098899781703949,4.472705841064453,83.46430969238281,493.0281066894531,94.89144134521484
2020-02-15,10341.5556640625,287.1236877441406,,0.34397199749946594,0.00318100000731647,0.07113999873399734,4.607384204864502,83.38416290283203,492.6701965332031,96.77738189697266
2020-02-16,10053.96875,272.8824462890625,,0.31818699836730957,0.002964999992400408,0.06693100184202194,4.830978870391846,80.41192626953125,455.38262939453125,91.95037078857422
2020-02-17,9938.8154296875,266.8712463378906,,0.29521799087524414,0.0027719999197870493,0.06255999952554703,4.549448013305664,75.38346862792969,416.80816650390625,88.80754852294922
2020-02-18,10161.935546875,283.1961364746094,,0.30006200075149536,0.0028460000175982714,0.06303799897432327,4.592680931091309,78.01386260986328,423.4830017089844,86.64727020263672
2020-02-19,10191.67578125,283.5379333496094,,0.3036850094795227,0.002873999997973442,0.06286899745464325,4.820899963378906,78.19882202148438,421.6566467285156,86.5260009765625
2020-02-20,9643.216796875,263.6954040527344,,0.2815369963645935,0.0026730000972747803,0.05867600068449974,4.465522766113281,72.16673278808594,386.3260498046875,78.90167999267578
2020-02-21,9723.0146484375,267.0048522949219,,0.27790001034736633,0.0027030000928789377,0.0599140003323555,4.4841461181640625,74.93936157226562,385.3952331542969,81.85601043701172
2020-02-22,9698.2314453125,266.38720703125,,0.27696800231933594,0.0026549999602138996,0.05902300029993057,4.335811138153076,76.48518371582031,380.342041015625,82.6988525390625
2020-02-23,9937.404296875,273.754150390625,,0.28286799788475037,0.002681999932974577,0.06174299865961075,4.356912136077881,79.80030822753906,401.6355285644531,85.24544525146484
2020-02-24,9951.74609375,275.5395202636719,,0.28318899869918823,0.002686999971047044,0.06169800087809563,4.268898010253906,79.55951690673828,410.405517578125,86.02281951904297
2020-02-25,9652.7373046875,265.4314880371094,,0.27082398533821106,0.0025909999385476112,0.05897599831223488,3.9529941082000732,75.80707550048828,377.49737548828125,81.50631713867188
2020-02-26,9354.7783203125,249.6497039794922,,0.25501999258995056,0.0024870000779628754,0.05649000033736229,3.8260788917541504,71.86497497558594,359.0518493652344,77.70333862304688
2020-02-27,8932.892578125,237.2289276123047,,0.24618999660015106,0.0024029999040067196,0.05191899836063385,4.110694885253906,64.6236572265625,332.8537902832031,72.32604217529297
2020-02-28,8890.4560546875,234.2089385986328,,0.243244007229805,0.002372999908402562,0.05120600014925003,4.19926118850708,63.17148971557617,328.6724853515625,71.29339599609375
2020-02-29,8775.6318359375,232.25662231445312,,0.2419620007276535,0.002319999970495701,0.04987899959087372,4.351399898529053,61.37752914428711,321.0697937011719,69.1080093383789
2020-03-01,8726.796875,226.67788696289062,,0.23581799864768982,0.002297000028192997,0.04816700145602226,4.20423698425293,60.11835479736328,321.9158935546875,67.6501235961914
2020-03-02,8921.30859375,232.81158447265625,,0.24034899473190308,0.002369999885559082,0.049633998423814774,4.313528060913086,61.94123840332031,340.65252685546875,68.92781066894531
2020-03-03,8901.5986328125,232.3258056640625,,0.23875300586223602,0.002524999901652336,0.049368999898433685,4.657595157623291,62.35498046875,337.59100341796875,68.77880096435547
2020-03-04,8843.3662109375,228.04042053222656,,0.23796099424362183,0.0025080000050365925,0.05026800185441971,4.9504499435424805,61.565731048583984,330.95947265625,67.89937591552734
2020-03-05,9142.0546875,234.3644561767578,,0.2428700029850006,0.0025309999473392963,0.052306998521089554,4.88531494140625,63.1437873840332,342.56268310546875,70.08856964111328
2020-03-06,9167.6953125,243.5549774169922,,0.24592000246047974,0.002517000073567033,0.051722001284360886,4.7458977699279785,63.77326583862305,351.4958190917969,69.70130157470703
2020-03-07,9163.220703125,249.97848510742188,,0.24463500082492828,0.0025130000431090593,0.05169999971985817,4.678994178771973,63.75777053833008,349.63446044921875,69.05807495117188
2020-03-08,8914.34375,237.7806854248047,,0.23711000382900238,0.0024079999420791864,0.048927001655101776,4.432005882263184,60.60502243041992,331.1315612792969,65.53172302246094
2020-03-09,8177.79345703125,207.45140075683594,,0.21143899857997894,0.0022360000293701887,0.0439470000565052,4.3434739112854,52.30763626098633,279.0417175292969,57.11827087402344
2020-03-10,8136.9453125,205.71424865722656,,0.21525299549102783,0.002263000002130866,0.042955998331308365,4.204220771789551,51.2523193359375,277.1541442871094,56.838157653808594
2020-03-11,7950.814453125,202.9542999267578,,0.21344499289989471,0.0022279999684542418,0.04173000156879425,4.106828212738037,50.61192321777344,273.9375915527344,55.83846664428711
2020-03-12,7929.1162109375,195.14793395996094,,0.20912399888038635,0.0021879998967051506,0.03970099985599518,3.8340680599212646,48.558250427246094,266.9176940917969,54.181026458740234
2020-03-13,5838.11474609375,137.42953491210938,,0.16477200388908386,0.0017989999614655972,0.029227999970316887,2.7146248817443848,39.24781799316406,187.87930297851562,39.940887451171875
2020-03-14,5625.2265625,134.484375,,0.16003499925136566,0.0017839999636635184,0.02897600084543228,2.5017430782318115,37.59846496582031,180.14442443847656,39.81608581542969
2020-03-15,5836.64501953125,132.2421417236328,,0.16214999556541443,0.0018189999973401427,0.02878900058567524,2.356726884841919,38.2310676574707,187.47628784179688,40.8369026184082
2020-03-16,5385.2294921875,124.9961166381836,,0.15388500690460205,0.001699000014923513,0.027110999450087547,2.1119940280914307,36.4459114074707,183.1640167236328,38.45780944824219
2020-03-17,5371.3486328125,118.98828125,,0.15096400678157806,0.0016769999638199806,0.026210999116301537,2.046241044998169,35.42147445678711,185.09710693359375,36.73701477050781
2020-03-18,5331.833984375,116.02162170410156,,0.14691099524497986,0.0016120000509545207,0.025993000715970993,1.9055830240249634,34.1390495300293,182.5297393798828,36.6453742980957
2020-03-19,6329.73583984375,140.52772521972656,,0.17047500610351562,0.0018439999548718333,0.03171499818563461,2.343813896179199,40.22984313964844,229.17681884765625,42.51803970336914
2020-03-20,6844.26171875,150.8538055419922,,0.17381200194358826,0.0019310000352561474,0.033702000975608826,2.6032700538635254,43.326026916503906,242.51275634765625,45.151912689208984
2020-03-21,6378.13525390625,135.972412109375,,0.1605439931154251,0.001851000008173287,0.030271999537944794,2.3314249515533447,39.336177825927734,225.13912963867188,42.41593551635742
2020-03-22,6359.697265625,136.15164184570312,,0.16110600531101227,0.0018680000212043524,0.0302559994161129,2.314800977706909,39.477176666259766,229.77989196777344,42.250667572021484
2020-03-23,6443.9345703125,134.91160583496094,,0.15793299674987793,0.001816999982111156,0.029082000255584717,2.23779296875,38.845855712890625,219.85073852539062,44.23799133300781
2020-03-24,6789.02294921875,141.9485321044922,,0.16349300742149353,0.0019120000069960952,0.030251000076532364,2.358652114868164,40.75464630126953,229.3258819580078,47.42671585083008
2020-03-25,6892.51123046875,141.40379333496094,,0.16389100253582,0.0018899999558925629,0.030440999194979668,2.3293099403381348,40.696136474609375,228.28817749023438,47.75730514526367
2020-03-26,6735.4638671875,138.83056640625,,0.17591600120067596,0.0018720000516623259,0.03074200078845024,2.295137882232666,40.17046356201172,226.855224609375,50.987083435058594
2020-03-27,6793.83642578125,139.90269470214844,,0.18638500571250916,0.0018680000212043524,0.031209999695420265,2.335921049118042,40.595191955566406,232.0724639892578,51.396121978759766
2020-03-28,6467.5009765625,134.03274536132812,,0.17947499454021454,0.0018080000299960375,0.029976999387145042,2.1801669597625732,39.32988739013672,217.33529663085938,48.409080505371094
2020-03-29,6250.46728515625,131.17408752441406,,0.17606599628925323,0.0018050000071525574,0.02984900027513504,2.1518259048461914,38.934749603271484,216.02633666992188,47.184356689453125
2020-03-30,6517.19580078125,133.91146850585938,,0.17417000234127045,0.0018680000212043524,0.03007199987769127,2.182231903076172,39.324710845947266,224.10377502441406,47.43234634399414
2020-03-31,6504.51513671875,134.27413940429688,,0.17788299918174744,0.001851000008173287,0.030635999515652657,2.277843952178955,39.37229919433594,223.5776824951172,48.05281448364258
2020-04-01,6612.57373046875,135.63455200195312,,0.1753229945898056,0.001867000013589859,0.030855000019073486,2.2952868938446045,39.38081359863281,224.0209503173828,48.51173400878906
2020-04-02,7088.24755859375,146.78709411621094,,0.1833209991455078,0.0019399999873712659,0.03305700048804283,2.389772891998291,41.6456413269043,242.66427612304688,52.50436019897461
2020-04-03,7003.220703125,146.89987182617188,,0.18272800743579865,0.0019160000374540687,0.032715000212192535,2.379148006439209,41.08440017700195,241.36129760742188,54.33709716796875
2020-04-04,6878.95361328125,145.37730407714844,,0.18230000138282776,0.0019099999917671084,0.032558999955654144,2.326719045639038,40.83372497558594,239.31886291503906,54.93556213378906
2020-04-05,6883.4140625,146.12852478027344,,0.18199600279331207,0.001908999984152615,0.032561998814344406,2.3271450996398926,40.99985122680664,239.705810546875,54.285831451416016
2020-04-06,7271.78125,169.27264404296875,,0.19586500525474548,0.0019829999655485153,0.035617001354694366,2.515688896179199,44.494197845458984,256.0498046875,58.73137664794922
2020-04-07,7427.939453125,175.20413208007812,,0.20386800169944763,0.00203000009059906,0.036869000643491745,2.8735549449920654,47.20174026489258,262.77581787109375,60.013877868652344
2020-04-08,7356.2236328125,173.21026611328125,,0.20127500593662262,0.0020439999643713236,0.03659500181674957,3.2404980659484863,46.75380325317383,277.6513977050781,57.8851432800293
2020-04-09,7341.4482421875,172.8977813720703,,0.20133599638938904,0.00203300011344254,0.03659699857234955,3.4494709968566895,46.58343505859375,272.5317077636719,58.7631950378418
2020-04-10,7303.8154296875,170.94976806640625,1.3134870529174805,0.1987829953432083,0.0020230000372976065,0.03623899817466736,3.3277111053466797,46.468353271484375,258.99261474609375,58.46663284301758
2020-04-11,6926.06982421875,161.16757202148438,1.0490729808807373,0.19239400327205658,0.0020039998926222324,0.034012001007795334,3.424746036529541,42.96684265136719,239.39759826660156,54.601959228515625
2020-04-12,7119.947265625,164.51695251464844,0.9566699862480164,0.19384799897670746,0.0020089999306946993,0.03466799855232239,3.589920997619629,43.28693389892578,241.8480682373047,55.355247497558594
2020-04-13,6965.61669921875,160.74969482421875,0.8916029930114746,0.19053299725055695,0.001990000018849969,0.033831000328063965,3.467358112335205,42.49925231933594,235.97242736816406,54.13897705078125
2020-04-14,6958.55712890625,160.94427490234375,0.7964720129966736,0.18898500502109528,0.001979999942705035,0.03368600085377693,3.4381539821624756,41.82363510131836,228.10336303710938,55.004573822021484
2020-04-15,6928.66455078125,160.71112060546875,0.7049639821052551,0.18926599621772766,0.0019749999046325684,0.033695001155138016,3.3065900802612305,41.708030700683594,224.707275390625,54.9632453918457
2020-04-16,7134.45068359375,173.1572723388672,0.7741919755935669,0.1912350058555603,0.0020290000829845667,0.03461199998855591,3.5157220363616943,43.014286041259766,238.1910400390625,57.129798889160156
2020-04-17,7167.18310546875,174.27590942382812,0.7196140289306641,0.19200600683689117,0.0020290000829845667,0.03490399941802025,3.5285449028015137,43.21479415893555,237.47885131835938,57.29898452758789
2020-04-18,7269.95654296875,187.9404754638672,0.7176179885864258,0.19535599648952484,0.0020620001014322042,0.03682100027799606,3.801482915878296,44.38176727294922,245.7857666015625,58.409183502197266
2020-04-19,7280.52197265625,188.0989227294922,0.6846410036087036,0.19634400308132172,0.0020729999523609877,0.036837998777627945,3.8063039779663086,44.5068473815918,246.79852294921875,58.56925964355469
2020-04-20,7240.29052734375,186.0835418701172,0.6392539739608765,0.1949000060558319,0.002065999899059534,0.03670499846339226,3.782010078430176,43.37587356567383,239.6705780029297,58.49272918701172
2020-04-21,6934.5517578125,175.178466796875,0.6045860052108765,0.1856440007686615,0.002032000105828047,0.034995000809431076,3.57875394821167,41.26190948486328,223.86390686035156,55.6285285949707
2020-04-22,7145.86572265625,183.75100708007812,0.7069640159606934,0.18967600166797638,0.00203300011344254,0.036733001470565796,3.696639060974121,42.32014465332031,234.99966430664062,57.18449020385742
2020-04-23,7491.78515625,189.0888671875,0.6980770230293274,0.19479000568389893,0.0021230001002550125,0.041847001761198044,3.822026014328003,43.367366790771484,240.9862518310547,59.92033386230469
2020-04-24,7574.19580078125,190.21038818359375,0.671019971370697,0.19672200083732605,0.0021210000850260258,0.04384300112724304,3.8946640491485596,45.17228698730469,241.878662109375,62.05665969848633
2020-04-25,7641.36376953125,196.79237365722656,0.6709480285644531,0.19654500484466553,0.0021460000425577164,0.04366900026798248,3.8878579139709473,45.64776611328125,244.37588500976562,61.98353576660156
2020-04-26,7700.59423828125,199.344970703125,0.6914989948272705,0.1972150057554245,0.002443999983370304,0.04622400179505348,3.8303370475769043,45.33999252319336,248.0518798828125,61.77550506591797
2020-04-27,7795.60107421875,199.55279541015625,0.6602830290794373,0.19927500188350677,0.0024139999877661467,0.04767199978232384,3.742609977722168,45.41984176635742,248.65350341796875,62.50779342651367
2020-04-28,7814.52734375,198.7865447998047,0.692147970199585,0.21810799837112427,0.0023719999007880688,0.04806499928236008,3.736406087875366,46.30730056762695,244.31332397460938,63.7915153503418
2020-04-29,8871.75390625,218.4546356201172,0.77777099609375,0.22962699830532074,0.0025420000310987234,0.051996998488903046,3.9638450145721436,49.622127532958984,259.7848205566406,66.9831314086914
2020-04-30,9440.650390625,227.52969360351562,0.800815999507904,0.2357030063867569,0.0026889999862760305,0.05425700172781944,3.9627981185913086,50.92155838012695,275.158203125,68.365966796875
2020-05-01,9048.0234375,217.62802124023438,0.7370709776878357,0.22477099299430847,0.002558999927714467,0.051954999566078186,3.911731004714966,48.596473693847656,261.6734313964844,65.09069061279297
2020-05-02,9007.1875,215.8475341796875,0.7489809989929199,0.22560599446296692,0.0025530001148581505,0.05150999873876572,3.868791103363037,49.567081451416016,262.2106628417969,65.14488220214844
2020-05-03,9167.78125,219.2708740234375,0.7298009991645813,0.22633999586105347,0.002583000110462308,0.051690999418497086,3.86879301071167,50.044677734375,266.56817626953125,65.14519500732422
2020-05-04,8956.90625,211.82838439941406,0.7058119773864746,0.22060799598693848,0.0025190000887960196,0.050227999687194824,3.825416088104248,48.34629821777344,253.26171875,62.79279708862305
2020-05-05,9062.4150390625,211.77862548828125,0.686214029788971,0.22175200283527374,0.0025210001040250063,0.050501998513936996,3.8041610717773438,47.9050407409668,249.2342071533203,61.97713851928711
2020-05-06,9411.4677734375,211.5346221923828,0.673891007900238,0.222338005900383,0.002583000110462308,0.051128000020980835,3.7656490802764893,47.77801513671875,254.11668395996094,62.0870475769043
2020-05-07,9992.6640625,214.39247131347656,0.6322680115699768,0.22093899548053741,0.0026779999025166035,0.05148699879646301,3.830075979232788,48.06696319580078,256.0917053222656,64.78899383544922
2020-05-08,9996.7431640625,216.3276824951172,0.6366180181503296,0.22190900146961212,0.002672000089660287,0.05353900045156479,3.861372947692871,48.54597473144531,264.84173583984375,65.78407287597656
2020-05-09,9913.86328125,214.73912048339844,0.6254289746284485,0.22472800314426422,0.0026340000331401825,0.05302799865603447,4.179734230041504,48.93983459472656,274.46417236328125,64.82487487792969
2020-05-10,9595.5810546875,211.5522003173828,0.6123030185699463,0.21713300049304962,0.0026130001060664654,0.0517439991235733,4.037355899810791,47.26059341430664,266.38055419921875,63.2520751953125
2020-05-11,9033.470703125,191.36233520507812,0.5718600153923035,0.20018599927425385,0.002512000035494566,0.04944999888539314,3.822848081588745,42.86333084106445,236.40982055664062,61.36053466796875
2020-05-12,8949.8984375,191.60134887695312,0.5597590208053589,0.1998009979724884,0.0025130000431090593,0.050932999700307846,3.7906339168548584,42.6843147277832,237.66697692871094,62.00185012817383
2020-05-13,9317.87890625,200.19732666015625,0.564873993396759,0.20341099798679352,0.0025279999244958162,0.05204499885439873,3.8023691177368164,43.54827880859375,240.22857666015625,65.98595428466797
2020-05-14,9793.2685546875,204.1175994873047,0.5809460282325745,0.204585999250412,0.0026229999493807554,0.05188500136137009,3.849008083343506,44.2290153503418,244.16783142089844,66.09827423095703
2020-05-15,9755.828125,203.56639099121094,0.5746200084686279,0.20341600477695465,0.0025770000647753477,0.05176699906587601,3.8371920585632324,44.06401443481445,242.269775390625,66.31734466552734
2020-05-16,9564.205078125,202.7711944580078,0.6065340042114258,0.20210100710391998,0.0025339999701827765,0.051229000091552734,3.78499698638916,43.74107360839844,239.91136169433594,65.72250366210938
2020-05-17,9823.001953125,209.1609344482422,0.6401960253715515,0.20387199521064758,0.002578000072389841,0.0520780012011528,3.8385770320892334,44.356815338134766,244.96145629882812,66.9776840209961
2020-05-18,9906.0302734375,215.90846252441406,0.6743929982185364,0.2063249945640564,0.0025869999080896378,0.0548270009458065,3.941819906234741,46.24467849731445,253.1949462890625,67.70085144042969
2020-05-19,9836.0478515625,214.6049346923828,0.65447998046875,0.20532700419425964,0.0025649999734014273,0.05688700079917908,3.922658920288086,45.38361358642578,249.86923217773438,67.3350830078125
2020-05-20,9804.7939453125,214.71682739257812,0.6266559958457947,0.20562799274921417,0.0025629999581724405,0.057326000183820724,4.122751235961914,45.963008880615234,247.2677001953125,67.00021362304688
2020-05-21,9555.2421875,211.62518310546875,0.6137890219688416,0.20270299911499023,0.002549000084400177,0.057482000440359116,4.149264812469482,44.44780731201172,241.6224822998047,65.01383209228516
2020-05-22,9232.9365234375,208.59153747558594,0.6764320135116577,0.20174500346183777,0.0025430000387132168,0.056926000863313675,4.118733882904053,44.5757942199707,235.45249938964844,63.61171340942383
2020-05-23,9302.501953125,210.38645935058594,0.6388490200042725,0.20176899433135986,0.0025649999734014273,0.05643700063228607,4.0972208976745605,44.53317642211914,238.5353546142578,64.94929504394531
2020-05-24,9288.404296875,210.59507751464844,0.6132889986038208,0.20145300030708313,0.002560999942943454,0.056049998849630356,4.02267599105835,44.37795639038086,237.0311737060547,63.84930419921875
2020-05-25,8951.005859375,206.3614501953125,0.6501380205154419,0.19762900471687317,0.002546000061556697,0.05434500053524971,3.90187406539917,43.438758850097656,231.73989868164062,62.239166259765625
2020-05-26,8991.9677734375,205.75254821777344,0.6123530268669128,0.197611004114151,0.0025420000310987234,0.05415999889373779,3.88032603263855,43.007381439208984,230.91909790039062,62.49064254760742
2020-05-27,9203.3203125,208.86343383789062,0.6110870242118835,0.19882099330425262,0.0025289999321103096,0.05591399967670441,3.919543981552124,44.06675338745117,234.03079223632812,65.61271667480469
2020-05-28,9546.3193359375,220.27650451660156,0.5923979878425598,0.20090200006961823,0.002558999927714467,0.06717900186777115,4.03584623336792,44.86268997192383,239.99240112304688,67.31049346923828
2020-05-29,9573.6669921875,224.2168731689453,0.59340500831604,0.20282700657844543,0.002549000084400177,0.06666599959135056,4.107283115386963,45.37718963623047,242.3585205078125,67.7808609008789
2020-05-30,9704.0302734375,243.94314575195312,0.6024889945983887,0.20647400617599487,0.0026259999722242355,0.07724999636411667,4.16874885559082,47.54093933105469,251.76719665527344,68.5753173828125
2020-05-31,9700.34375,244.04525756835938,0.5939970016479492,0.2115190029144287,0.002616999903693795,0.08602900058031082,4.259027004241943,47.56504821777344,251.27980041503906,68.45148468017578
2020-06-01,10199.5654296875,248.2362823486328,0.5878390073776245,0.21073099970817566,0.002662000013515353,0.08238500356674194,4.471899032592773,48.39543914794922,256.04217529296875,68.09454345703125
2020-06-02,10182.3408203125,252.2220001220703,0.5897250175476074,0.21433499455451965,0.0026549999602138996,0.0824500024318695,4.606598854064941,49.76125717163086,266.46832275390625,70.05528259277344
2020-06-03,9682.859375,244.1793212890625,0.5910249948501587,0.20447799563407898,0.002597999991849065,0.08566399663686752,4.5350260734558105,47.63124084472656,252.144287109375,68.1647720336914
2020-06-04,9887.6103515625,245.92897033691406,0.5916399955749512,0.20649400353431702,0.002669000066816807,0.09008900076150894,4.5058488845825195,47.99448013305664,258.7501220703125,68.65308380126953
2020-06-05,9869.2373046875,247.32949829101562,0.6982790231704712,0.2067440003156662,0.0026340000331401825,0.08916299790143967,4.488824844360352,47.9185676574707,262.2632751464844,69.1832275390625
2020-06-06,9773.431640625,245.98104858398438,0.6616190075874329,0.20500199496746063,0.002606000052765012,0.08717299997806549,4.412961006164551,47.324432373046875,259.12939453125,68.15821838378906
2020-06-07,9768.498046875,245.4352569580078,0.6244440078735352,0.20467400550842285,0.002609000075608492,0.08860400319099426,4.400476932525635,46.93865203857422,255.69119262695312,68.16168975830078
2020-06-08,9782.306640625,246.64419555664062,0.679000973701477,0.20417800545692444,0.002607000060379505,0.08701299875974655,4.45782995223999,46.87998580932617,256.8124694824219,68.25975036621094
2020-06-09,9836.369140625,248.34243774414062,0.6680880188941956,0.20455500483512878,0.0025869999080896378,0.08652999997138977,4.483732223510742,46.7379264831543,256.0477294921875,68.56631469726562
2020-06-10,9908.896484375,248.65115356445312,0.6700429916381836,0.20348499715328217,0.0025949999690055847,0.08377599716186523,4.4513468742370605,46.89228439331055,257.96710205078125,69.76642608642578
2020-06-11,9938.2978515625,249.8883056640625,0.650534987449646,0.20370100438594818,0.0026020000223070383,0.08514700084924698,4.455309867858887,46.90381622314453,258.0511169433594,70.04512023925781
2020-06-12,9540.4658203125,239.3546905517578,0.604653000831604,0.19627699255943298,0.002532999962568283,0.08066800236701965,4.178534984588623,45.2738151550293,243.8662109375,66.50709533691406
2020-06-13,9493.2119140625,239.19309997558594,0.6114389896392822,0.19420500099658966,0.00254100002348423,0.07965700328350067,4.124667167663574,45.18855667114258,242.4555206298828,66.67864227294922
2020-06-14,9482.2705078125,239.10145568847656,0.618257999420166,0.1936669945716858,0.002553999889642,0.0791729986667633,4.11690616607666,45.10382843017578,241.18417358398438,66.6140365600586
2020-06-15,9504.8603515625,234.2378387451172,0.5918970108032227,0.1937520056962967,0.0025160000659525394,0.07986000180244446,3.993211030960083,44.2029914855957,239.4488525390625,65.9433364868164
2020-06-16,9579.4306640625,236.39430236816406,0.5898280143737793,0.1932699978351593,0.002529999939724803,0.0797170028090477,4.084105014801025,44.28072738647461,239.38914489746094,66.0354995727539
2020-06-17,9540.4228515625,235.9540557861328,0.590129017829895,0.1973000019788742,0.002492000116035342,0.08366099745035172,4.170400142669678,44.81455993652344,241.64004516601562,66.67070770263672
2020-06-18,9482.7822265625,234.57064819335938,0.6503090262413025,0.1934570074081421,0.002492999890819192,0.08445499837398529,4.233524799346924,44.12405014038086,240.72073364257812,65.81730651855469
2020-06-19,9440.8759765625,232.15411376953125,0.8363980054855347,0.19116799533367157,0.002471999963745475,0.08213900029659271,4.188111782073975,43.68408966064453,237.22531127929688,65.21817016601562
2020-06-20,9394.9716796875,231.4490203857422,0.6885830163955688,0.1898059993982315,0.0024659999180585146,0.08044300228357315,4.213245868682861,43.78364181518555,236.0438995361328,64.76212310791016
2020-06-21,9401.107421875,232.35894775390625,0.7485420107841492,0.18910300731658936,0.002478000009432435,0.08093199878931046,4.210525989532471,43.75585174560547,234.88388061523438,65.13882446289062
2020-06-22,9655.0732421875,243.77601623535156,0.7431129813194275,0.19008000195026398,0.0024949999060481787,0.08360999822616577,4.470361232757568,44.33644104003906,242.60179138183594,66.31403350830078
2020-06-23,9670.541015625,244.86441040039062,0.7606329917907715,0.18997299671173096,0.002492000116035342,0.08401799947023392,4.943842887878418,44.31815719604492,243.85452270507812,67.2737045288086
2020-06-24,9680.3671875,248.50802612304688,0.8006920218467712,0.19085699319839478,0.0024969999212771654,0.08701100200414658,4.9341559410095215,44.52910614013672,245.06565856933594,67.47954559326172
2020-06-25,9340.1611328125,236.05340576171875,0.7567049860954285,0.18498200178146362,0.002432999899610877,0.08348699659109116,4.8244309425354,43.02610778808594,234.56378173828125,65.08540344238281
2020-06-26,9310.5166015625,233.9019317626953,0.7519919872283936,0.18586699664592743,0.0024270000867545605,0.08200699836015701,4.860595226287842,43.5618782043457,234.32472229003906,64.64697265625
2020-06-27,9207.810546875,232.49342346191406,0.7522109746932983,0.18506400287151337,0.0023789999540895224,0.0812389999628067,4.701204776763916,43.45170974731445,232.44973754882812,64.50484466552734
2020-06-28,9197.546875,228.59828186035156,0.8439769744873047,0.1805099993944168,0.0023610000498592854,0.08141300082206726,4.629578113555908,42.018310546875,225.66278076171875,63.785762786865234
2020-06-29,9237.5732421875,229.90321350097656,0.8853390216827393,0.17955900728702545,0.002340999897569418,0.08433599770069122,4.6526780128479,41.998565673828125,226.42141723632812,64.82303619384766
2020-06-30,9217.8359375,229.476806640625,1.0291759967803955,0.17835499346256256,0.0023399998899549246,0.08497899770736694,4.66851806640625,41.97266387939453,226.31082153320312,64.78143310546875
2020-07-01,9309.7548828125,232.75611877441406,0.9017149806022644,0.1784909963607788,0.0023759999312460423,0.09608499705791473,4.740478992462158,42.19013595581055,226.89752197265625,64.77478790283203
2020-07-02,9274.962890625,232.39688110351562,0.8371269702911377,0.17833800613880157,0.0023819999769330025,0.09689699858427048,4.912622928619385,41.93464279174805,225.4071044921875,66.95829010009766
2020-07-03,9202.3447265625,229.6293182373047,0.7860350012779236,0.17844299972057343,0.002366000087931752,0.10148300230503082,4.90726900100708,41.68161392211914,223.9868621826172,65.90958404541016
2020-07-04,9183.2958984375,230.05413818359375,0.8231549859046936,0.1796790063381195,0.0023399998899549246,0.10056799650192261,4.8491129875183105,42.17290496826172,226.14430236816406,64.77303314208984
2020-07-05,9162.18359375,229.85671997070312,0.7855470180511475,0.17872899770736694,0.0023270000237971544,0.09996499866247177,4.837005138397217,42.15835952758789,225.35519409179688,64.50714111328125
2020-07-06,9375.474609375,242.13270568847656,0.721045970916748,0.18914799392223358,0.002623999956995249,0.10558900237083435,5.385353088378906,44.14739227294922,242.6310272216797,65.02452850341797
2020-07-07,9360.6171875,242.68185424804688,0.7808930277824402,0.18900500237941742,0.003258999902755022,0.1188030019402504,5.856581211090088,44.2248649597168,242.72711181640625,65.06718444824219
2020-07-08,9450.3359375,248.30886840820312,0.8275229930877686,0.2057269960641861,0.005419999826699495,0.13655400276184082,6.51307487487793,45.410003662109375,245.213623046875,67.10652160644531
2020-07-09,9431.37890625,247.2916717529297,0.8823580145835876,0.2102919965982437,0.005013999994844198,0.1299079954624176,6.4820661544799805,45.70869064331055,244.33261108398438,68.96495819091797
2020-07-10,9287.4716796875,242.8837890625,0.9396290183067322,0.20284199714660645,0.004393999930471182,0.12441699951887131,6.177725791931152,44.53230667114258,239.3363494873047,68.32556915283203
2020-07-11,9293.5322265625,241.52748107910156,0.926347017288208,0.20361000299453735,0.003920000046491623,0.12671500444412231,6.240691184997559,44.70627975463867,238.8543243408203,69.57029724121094
2020-07-12,9319.4189453125,243.31114196777344,1.130977988243103,0.20325100421905518,0.003843999933451414,0.12783899903297424,7.317674160003662,45.18264389038086,238.80755615234375,70.24070739746094
2020-07-13,9306.4052734375,244.31051635742188,1.2876629829406738,0.20516100525856018,0.0036359999794512987,0.13482899963855743,8.329726219177246,45.306724548339844,237.22206115722656,69.93059539794922
2020-07-14,9283.841796875,242.0037841796875,1.2460060119628906,0.19955599308013916,0.003369000041857362,0.13426700234413147,8.25064468383789,44.001564025878906,232.37998962402344,69.16331481933594
2020-07-15,9275.3251953125,241.40269470214844,1.3968349695205688,0.1996230036020279,0.0033030000049620867,0.13242100179195404,8.743487358093262,44.009056091308594,230.64173889160156,72.52494812011719
2020-07-16,9214.3125,239.00625610351562,1.3749669790267944,0.19741599261760712,0.0030980000738054514,0.13245800137519836,8.79524040222168,43.40397262573242,228.00563049316406,71.40808868408203
2020-07-17,9182.25390625,234.41506958007812,1.0468419790267944,0.19714300334453583,0.003083999967202544,0.1264909952878952,8.551612854003906,42.3414306640625,224.87875366210938,68.17699432373047
2020-07-18,9230.9833984375,236.54397583007812,1.000715970993042,0.2016019970178604,0.003628999926149845,0.12431500107049942,8.274662017822266,42.83024978637695,226.65467834472656,69.01858520507812
2020-07-19,9201.3984375,239.1606903076172,0.9703540205955505,0.20133599638938904,0.0037529999390244484,0.1245570033788681,8.16702938079834,42.69797897338867,227.72808837890625,69.03929138183594
2020-07-20,9214.2705078125,239.5762481689453,0.9215840101242065,0.19977499544620514,0.00343300006352365,0.12403099983930588,8.10698127746582,42.70646286010742,227.6166534423828,70.16849517822266
2020-07-21,9407.2626953125,246.18626403808594,1.008254051208496,0.20047099888324738,0.003309000050649047,0.12423200160264969,7.6405720710754395,43.92832946777344,231.2313232421875,71.50912475585938
2020-07-22,9530.5185546875,262.98504638671875,1.1047040224075317,0.2037390023469925,0.00330400001257658,0.12432800233364105,7.594724178314209,45.0008430480957,238.69503784179688,71.48638153076172
2020-07-23,9610.2470703125,277.5834655761719,1.1012179851531982,0.2092439979314804,0.0033209999091923237,0.12585900723934174,8.03549861907959,45.466651916503906,241.71127319335938,73.86653900146484
2020-07-24,9623.3369140625,286.1928405761719,1.053954005241394,0.20801299810409546,0.0033229999244213104,0.12408500164747238,7.897801876068115,44.88047790527344,238.7000732421875,72.98754119873047
2020-07-25,9704.556640625,306.7409973144531,1.4327399730682373,0.2165980041027069,0.0032949999440461397,0.14467599987983704,7.769492149353027,49.16240310668945,251.90167236328125,73.84938049316406
2020-07-26,10023.8076171875,316.3863220214844,1.6246479749679565,0.224031001329422,0.003269999986514449,0.15370500087738037,7.903680801391602,50.37880325317383,255.4683380126953,78.00763702392578
2020-07-27,11298.2216796875,330.7012023925781,2.0427401065826416,0.22741499543190002,0.0032430000137537718,0.1493140012025833,7.494194984436035,54.931488037109375,273.4014587402344,79.6050033569336
2020-07-28,11204.3271484375,325.9059753417969,1.858672022819519,0.23369300365447998,0.0032190000638365746,0.15022000670433044,7.388029098510742,57.13096618652344,295.4469299316406,83.18446350097656
2020-07-29,11304.3974609375,324.38079833984375,2.0956220626831055,0.24935300648212433,0.003261999925598502,0.14939600229263306,7.468140125274658,56.692726135253906,293.6949768066406,82.7550277709961
2020-07-30,11169.3564453125,338.6311950683594,1.7964489459991455,0.2485859990119934,0.003244000021368265,0.14218899607658386,7.555014133453369,57.97104263305664,298.8695068359375,82.57935333251953
2020-07-31,11415.8642578125,348.6113586425781,1.6884880065917969,0.25960099697113037,0.0032399999909102917,0.1409900039434433,7.836711883544922,58.73869323730469,304.5978698730469,84.58160400390625
2020-08-01,11794.775390625,388.84796142578125,1.6622289419174194,0.295758992433548,0.003797000041231513,0.1458290070295334,8.386368751525879,61.663177490234375,319.1803283691406,89.53902435302734
2020-08-02,12034.14453125,411.2283020019531,1.7468229532241821,0.32256099581718445,0.0037360000424087048,0.14709000289440155,8.676111221313477,64.45904541015625,334.7835998535156,90.53487396240234
2020-08-03,11453.0791015625,396.5069885253906,1.8300340175628662,0.3188660144805908,0.0034409998916089535,0.13811999559402466,9.202513694763184,59.644954681396484,303.1224365234375,89.71431732177734
2020-08-04,11385.3818359375,400.70062255859375,1.949874997138977,0.31829598546028137,0.003561000106856227,0.14761899411678314,9.930109024047852,59.41592025756836,301.5982360839844,89.78375244140625
2020-08-05,11786.6171875,406.303955078125,1.8881219625473022,0.30787399411201477,0.003576999995857477,0.1451749950647354,9.851597785949707,59.76585388183594,298.3680725097656,90.72319793701172
2020-08-06,11902.3359375,403.4886779785156,2.2280030250549316,0.3100619912147522,0.0036359999794512987,0.14560900628566742,10.168722152709961,60.563934326171875,318.4675598144531,96.43561553955078
2020-08-07,11898.0380859375,398.2490234375,2.2031660079956055,0.3093239963054657,0.003611000021919608,0.14694899320602417,10.188631057739258,60.84126281738281,324.7738952636719,95.58194732666016
2020-08-08,11800.064453125,393.98736572265625,2.5695900917053223,0.29872798919677734,0.0035359999164938927,0.14742399752140045,13.703143119812012,58.542938232421875,309.7240905761719,95.30268859863281
2020-08-09,11806.056640625,399.7370910644531,2.7068231105804443,0.2980610132217407,0.0035329998936504126,0.15201400220394135,14.35521411895752,58.66007995605469,309.3410949707031,94.99734497070312
2020-08-10,12045.140625,399.3759460449219,3.3979289531707764,0.2994050085544586,0.0035570000763982534,0.14659099280834198,13.94233226776123,59.24289321899414,309.0935974121094,94.6656723022461
2020-08-11,11932.7109375,398.4789123535156,3.48653507232666,0.3057830035686493,0.003570999950170517,0.1447950005531311,13.495758056640625,59.43977737426758,305.4947204589844,95.26768493652344
2020-08-12,11748.396484375,391.31231689453125,3.916167974472046,0.28984901309013367,0.003533999901264906,0.13891899585723877,16.749156951904297,55.558563232421875,292.5119323730469,90.46915435791016
2020-08-13,11796.396484375,432.90460205078125,4.155814170837402,0.29818201065063477,0.0035490000154823065,0.1431570053100586,18.432138442993164,57.862003326416016,300.0901794433594,93.0704345703125
2020-08-14,12150.994140625,444.5777587890625,3.789997100830078,0.3063740134239197,0.003579000011086464,0.14245100319385529,17.786415100097656,57.98078918457031,301.2862243652344,93.3213882446289
2020-08-15,11963.203125,441.7546081542969,3.719944953918457,0.3041880130767822,0.0036069999914616346,0.1406320035457611,19.578197479248047,60.376155853271484,306.7950439453125,91.79228210449219
2020-08-16,11934.9013671875,436.2658386230469,3.4706881046295166,0.3040519952774048,0.0035520000383257866,0.13916699588298798,19.851821899414062,64.28931427001953,312.1244812011719,91.32069396972656
2020-08-17,12359.056640625,442.7349853515625,3.3859989643096924,0.32440298795700073,0.003717999905347824,0.14411699771881104,19.60133934020996,68.51951599121094,323.1221618652344,94.646728515625
2020-08-18,12335.70703125,432.5802917480469,3.7099111080169678,0.3204059898853302,0.0037090000696480274,0.14310400187969208,17.662019729614258,68.032958984375,323.09844970703125,97.1468734741211
2020-08-19,12028.923828125,427.024658203125,3.483863115310669,0.3055399954319,0.0035379999317228794,0.13796499371528625,17.193843841552734,66.9671859741211,308.55450439453125,94.49398803710938
2020-08-20,11900.4111328125,418.73443603515625,3.4318430423736572,0.29409900307655334,0.0034990001004189253,0.13391299545764923,16.728391647338867,63.5305290222168,295.8107604980469,101.3114013671875
2020-08-21,11899.259765625,418.6379699707031,3.223289966583252,0.29551801085472107,0.0035540000535547733,0.13386599719524384,16.113767623901367,63.649986267089844,304.51898193359375,105.52251434326172
2020-08-22,11689.4072265625,396.4665832519531,3.1948649883270264,0.286545991897583,0.0034469999372959137,0.12574400007724762,16.239309310913086,60.46170425415039,287.4587097167969,94.81800079345703
2020-08-23,11713.4296875,396.49041748046875,3.4034149646759033,0.2872759997844696,0.003452999982982874,0.12566299736499786,15.96497631072998,61.48896026611328,287.3853759765625,94.73926544189453
2020-08-24,11807.6318359375,409.3885803222656,3.607538938522339,0.29131200909614563,0.0034650000743567944,0.12631000578403473,15.814520835876465,62.820098876953125,293.77276611328125,94.32776641845703
2020-08-25,11778.2998046875,408.5279235839844,3.3582470417022705,0.28957098722457886,0.0034340000711381435,0.12459199875593185,15.441283226013184,62.34196853637695,291.6270446777344,94.07256317138672
2020-08-26,11530.052734375,391.8732604980469,3.7953240871429443,0.28013598918914795,0.0033450000919401646,0.11780700087547302,15.594225883483887,58.99238204956055,278.7173767089844,89.72714233398438
2020-08-27,11570.7861328125,395.34918212890625,3.854706048965454,0.2786880135536194,0.0033140000887215137,0.11611399799585342,15.494385719299316,59.15990447998047,277.05328369140625,90.5473861694336
2020-08-28,11545.615234375,397.75762939453125,4.309593200683594,0.27330198884010315,0.0032709999941289425,0.11077000200748444,15.435062408447266,58.16758346557617,271.6694030761719,94.96231842041016
2020-08-29,11585.640625,405.6163635253906,4.105240821838379,0.2768389880657196,0.0033009999897331,0.11764699965715408,16.90587043762207,58.22694396972656,272.613037109375,95.70275115966797
2020-08-30,11715.2646484375,428.6639709472656,4.705005168914795,0.2835969924926758,0.003344000084325671,0.11838199943304062,17.656837463378906,62.79817581176758,279.0695495605469,96.29344940185547
2020-08-31,11768.876953125,438.5603332519531,4.872941017150879,0.2845120131969452,0.0033080000430345535,0.12640799582004547,16.92058563232422,63.49125671386719,280.95947265625,96.55670928955078
2020-09-01,12067.0810546875,487.2118835449219,4.94473123550415,0.29821300506591797,0.003281000070273876,0.12735900282859802,16.483070373535156,64.1839599609375,295.44842529296875,98.6244125366211
2020-09-02,11964.8232421875,480.33099365234375,4.355938911437988,0.30321401357650757,0.0032659999560564756,0.1264519989490509,16.389955520629883,63.07072067260742,294.5425720214844,97.3214111328125
2020-09-03,11443.0224609375,449.532470703125,4.440814018249512,0.27672600746154785,0.003134000115096569,0.11642300337553024,14.981986045837402,58.530818939208984,265.9413146972656,91.33977508544922
2020-09-04,10663.919921875,402.4117431640625,3.834104061126709,0.2661390006542206,0.002957999939098954,0.10401099920272827,12.918801307678223,52.33302307128906,239.1898193359375,83.55921936035156
2020-09-05,10581.5712890625,394.1722717285156,3.6602439880371094,0.2596060037612915,0.002933999989181757,0.1039619967341423,12.767094612121582,51.31809616088867,234.96884155273438,83.37039184570312
2020-09-06,10353.927734375,359.7640380859375,3.1756370067596436,0.2437320053577423,0.002814000006765127,0.09518899768590927,13.173912048339844,48.89556884765625,232.96266174316406,81.05625915527344
2020-09-07,10399.1533203125,358.2118835449219,3.1895599365234375,0.24343200027942657,0.002831999910995364,0.0938429981470108,13.186553955078125,49.07195281982422,230.0712127685547,82.75968170166016
2020-09-08,10414.775390625,355.5628662109375,2.9397358894348145,0.2438720017671585,0.002833999926224351,0.09657400101423264,12.718875885009766,49.30001449584961,230.3777618408203,84.68284606933594
2020-09-09,10350.54296875,359.16448974609375,3.751715898513794,0.2432129979133606,0.0028069999534636736,0.09574499726295471,12.623769760131836,48.8466682434082,228.60133361816406,85.89859008789062
2020-09-10,10503.912109375,377.3935852050781,3.851309061050415,0.2491849958896637,0.0028589998837560415,0.09968899935483932,13.195425033569336,49.38438415527344,230.25619506835938,89.4131088256836
2020-09-11,10434.9228515625,376.6304016113281,3.5010130405426025,0.24481500685214996,0.0028250000905245543,0.09752599895000458,12.722271919250488,49.40973663330078,228.332763671875,89.01640319824219
2020-09-12,10578.837890625,387.5384521484375,3.4670519828796387,0.24875199794769287,0.002830999903380871,0.09871000051498413,12.770203590393066,51.22113800048828,230.29383850097656,90.01083374023438
2020-09-13,10577.21484375,388.9598083496094,3.4667820930480957,0.25313600897789,0.002824000082910061,0.09975100308656693,13.18435001373291,50.931419372558594,234.18914794921875,90.8517837524414
2020-09-14,10800.0107421875,384.4851989746094,3.5249340534210205,0.2498220056295395,0.0028429999947547913,0.09817899763584137,12.431245803833008,49.94481658935547,230.89463806152344,93.18460083007812
2020-09-15,10938.6318359375,381.50830078125,3.3200669288635254,0.24924500286579132,0.0028780000284314156,0.09793200343847275,12.214682579040527,50.14468002319336,241.22853088378906,94.59949493408203
2020-09-16,11100.1240234375,372.7674255371094,2.9393069744110107,0.25097399950027466,0.0028589998837560415,0.09368599951267242,11.287084579467773,48.792354583740234,235.99716186523438,95.62603759765625
2020-09-17,11037.4208984375,393.901611328125,2.9341020584106445,0.25819000601768494,0.0028589998837560415,0.09451200067996979,11.610639572143555,49.47981262207031,239.27662658691406,93.99211120605469
2020-09-18,11034.908203125,391.9041442871094,3.1593170166015625,0.2557159960269928,0.0028250000905245543,0.09421700239181519,11.154339790344238,49.07770919799805,238.98553466796875,97.30116271972656
2020-09-19,11134.0927734375,387.07635498046875,3.253420114517212,0.2541010081768036,0.002814000006765127,0.09307000041007996,10.49340534210205,49.03279495239258,237.23324584960938,96.63867950439453
2020-09-20,11095.8701171875,385.5979919433594,3.032876968383789,0.2516629993915558,0.0028059999458491802,0.09223999828100204,10.582036972045898,48.67055892944336,233.7558135986328,96.66925048828125
2020-09-21,10988.3046875,375.7370300292969,3.026940107345581,0.24810999631881714,0.0028019999153912067,0.09028500318527222,9.90151596069336,47.6491584777832,228.89825439453125,95.604248046875
2020-09-22,10568.0771484375,346.600830078125,2.9943699836730957,0.23474299907684326,0.002672000089660287,0.08303400129079819,9.076180458068848,44.765403747558594,220.0886688232422,94.78445434570312
2020-09-23,10537.828125,344.67138671875,3.065337896347046,0.23504100739955902,0.002650999929755926,0.0826530009508133,8.800617218017578,45.0760612487793,220.2329559326172,94.03102111816406
2020-09-24,10771.056640625,351.46148681640625,3.25156307220459,0.23368699848651886,0.0026499999221414328,0.08351399749517441,10.348505020141602,45.17330551147461,217.72265625,91.87995147705078
2020-09-25,10777.6962890625,357.7727355957031,3.265165090560913,0.24432900547981262,0.0027209999971091747,0.09799700230360031,11.121983528137207,46.566505432128906,218.0692596435547,93.7861328125
2020-09-26,10772.9990234375,355.8547668457031,3.2039060592651367,0.24555300176143646,0.002753000007942319,0.0993959978222847,10.997270584106445,46.51958465576172,223.72210693359375,95.25336456298828
2020-09-27,10803.9765625,361.9844055175781,3.17349910736084,0.24435900151729584,0.0027340000960975885,0.10231100022792816,10.937078475952148,46.5918083190918,229.95181274414062,99.61917877197266
2020-09-28,10945.34765625,366.4321594238281,3.204190969467163,0.24768699705600739,0.002739999908953905,0.10645099729299545,10.998226165771484,46.96242904663086,233.74163818359375,98.55631256103516
2020-09-29,10860.0009765625,360.3533630371094,3.0100948810577393,0.2465520054101944,0.0027099999133497477,0.10335099697113037,10.347912788391113,45.87041473388672,229.93125915527344,100.8116455078125
2020-09-30,10847.2568359375,361.17877197265625,2.9793479442596436,0.24307000637054443,0.002684999955818057,0.10137999802827835,10.13078498840332,46.71512222290039,230.2152862548828,109.90383911132812
2020-10-01,10933.6240234375,369.264404296875,2.9858338832855225,0.24464499950408936,0.002681999932974577,0.10419700294733047,10.373127937316895,48.513702392578125,233.30372619628906,112.95018005371094
2020-10-02,10657.837890625,354.11541748046875,2.8766350746154785,0.2393060028553009,0.0026279999874532223,0.10001800209283829,9.767682075500488,46.95109176635742,228.36607360839844,104.74285125732422
2020-10-03,10598.9404296875,351.3077087402344,2.669495105743408,0.2349720001220703,0.0026400000788271427,0.09516099840402603,9.528505325317383,46.130401611328125,221.41067504882812,103.87319946289062
2020-10-04,10686.0,354.0457458496094,2.588036060333252,0.2501380145549774,0.002681999932974577,0.09697400033473969,9.449482917785645,47.040550231933594,222.87899780273438,108.94597625732422
2020-10-05,10793.5078125,355.2140808105469,2.662623882293701,0.2536909878253937,0.002662000013515353,0.09871900081634521,9.698630332946777,47.105098724365234,222.9849090576172,113.9224624633789
2020-10-06,10797.578125,354.989013671875,2.6552000045776367,0.258776992559433,0.0026279999874532223,0.09849800169467926,9.630041122436523,48.08342361450195,229.012939453125,113.65764617919922
2020-10-07,10680.5078125,342.4508361816406,2.391937017440796,0.2512109875679016,0.002612000098451972,0.0943249985575676,9.011452674865723,46.98228454589844,223.75672912597656,112.53008270263672
2020-10-08,10945.7373046875,352.21148681640625,2.430609941482544,0.2528209984302521,0.0026310000102967024,0.09669800102710724,9.620088577270508,47.488433837890625,235.6588897705078,112.44290924072266
2020-10-09,11102.671875,368.3103332519531,2.62526798248291,0.2566779851913452,0.00266700005158782,0.10247500240802765,10.469217300415039,48.27326965332031,240.0292510986328,118.02703857421875
2020-10-10,11442.2109375,378.26715087890625,2.59409499168396,0.25977298617362976,0.002715999959036708,0.1105400025844574,10.814597129821777,50.40800476074219,245.2147674560547,118.37432861328125
2020-10-11,11428.8134765625,377.2467956542969,2.457566022872925,0.25818899273872375,0.002706000115722418,0.10886500030755997,10.966937065124512,51.24394607543945,243.0731201171875,126.03056335449219
2020-10-12,11698.4677734375,395.1221618652344,2.698638916015625,0.25821900367736816,0.002707999898120761,0.11308600008487701,11.74736213684082,51.52434158325195,243.68353271484375,134.7088623046875
2020-10-13,11548.984375,387.37567138671875,2.5848910808563232,0.2600489854812622,0.00267699989490211,0.11413700133562088,11.534507751464844,50.683040618896484,254.80953979492188,130.97642517089844
2020-10-14,11539.9775390625,387.2961730957031,2.4366140365600586,0.25839298963546753,0.002652999944984913,0.11223100125789642,11.287188529968262,50.97562026977539,259.5049133300781,133.0367889404297
2020-10-15,11569.9140625,381.2087707519531,2.3357961177825928,0.2502779960632324,0.002650999929755926,0.10759100317955017,10.924160957336426,50.2487907409668,265.2327880859375,132.0611114501953
2020-10-16,11540.0615234375,380.0215148925781,2.2656710147857666,0.24759000539779663,0.002615999896079302,0.1073170006275177,10.862218856811523,49.901912689208984,265.9696350097656,130.84068298339844
2020-10-17,11386.26171875,369.76812744140625,2.23830509185791,0.24271899461746216,0.002612000098451972,0.10697899758815765,10.708000183105469,47.747188568115234,252.43714904785156,121.96166229248047
2020-10-18,11483.359375,378.59765625,2.2488460540771484,0.24341900646686554,0.002601000014692545,0.10760100185871124,10.949804306030273,47.878196716308594,250.6862030029297,123.69109344482422
2020-10-19,11799.0927734375,383.3176574707031,2.2135119438171387,0.24947099387645721,0.002618999918922782,0.11092100292444229,11.1292085647583,48.49648666381836,252.42230224609375,128.8595428466797
2020-10-20,11999.91796875,380.7610168457031,2.0978610515594482,0.24940000474452972,0.0026229999493807554,0.10884100198745728,10.898490905761719,48.44023895263672,250.73289489746094,126.42182922363281
2020-10-21,13184.56640625,400.62725830078125,2.0662059783935547,0.2552269995212555,0.0026569999754428864,0.10828600078821182,11.056619644165039,54.54841232299805,262.8104248046875,126.01077270507812
2020-10-22,13161.59375,420.14166259765625,2.0824339389801025,0.26346299052238464,0.0026889999862760305,0.11241400241851807,12.322983741760254,56.06055450439453,272.09576416015625,129.17408752441406
2020-10-23,13015.9619140625,418.9599304199219,1.9847710132598877,0.25930601358413696,0.0026910000015050173,0.11175400018692017,12.244832038879395,56.66780471801758,274.6895446777344,127.55682373046875
2020-10-24,13145.06640625,416.59967041015625,1.961650013923645,0.25764501094818115,0.002652999944984913,0.1096619963645935,12.923665046691895,59.325233459472656,276.451171875,129.72671508789062
2020-10-25,13329.18359375,417.1592102050781,1.922942042350769,0.25714701414108276,0.0026759998872876167,0.1087300032377243,12.8384428024292,59.77090072631836,275.2556457519531,133.7111358642578
2020-10-26,13225.2978515625,411.2798767089844,1.8629900217056274,0.2584080100059509,0.0028929999098181725,0.10738100111484528,12.429181098937988,59.097110748291016,272.6365966796875,138.796875
2020-10-27,13759.6689453125,409.7728576660156,1.7454030513763428,0.2538740038871765,0.002707999898120761,0.10548999905586243,12.43364429473877,58.885128021240234,267.63348388671875,137.46868896484375
2020-10-28,13837.6953125,408.9647521972656,1.719027042388916,0.2563929855823517,0.0026970000471919775,0.1033490002155304,12.123708724975586,60.30220413208008,279.1338806152344,135.14273071289062
2020-10-29,13612.0478515625,393.2276916503906,1.5668920278549194,0.24699600040912628,0.0026229999493807554,0.10071200132369995,11.774918556213379,56.3043098449707,271.242919921875,128.37120056152344
2020-10-30,13651.5166015625,391.4647216796875,1.4673190116882324,0.24400000274181366,0.002607000060379505,0.09558700025081635,11.424288749694824,55.570556640625,269.5421447753906,125.1044921875
2020-10-31,14028.2138671875,393.0101318359375,1.54932701587677,0.24321900308132172,0.0026030000299215317,0.09527000039815903,11.383407592773438,56.10519790649414,265.49267578125,127.98463439941406
2020-11-01,13862.033203125,397.1161193847656,1.6379029750823975,0.24131999909877777,0.002589999930933118,0.0984869971871376,11.566786766052246,55.97421646118164,269.4959716796875,127.04913330078125
2020-11-02,13808.3232421875,403.2407531738281,1.63018000125885,0.24425899982452393,0.0025919999461621046,0.09993500262498856,11.64116382598877,56.71083450317383,270.8263244628906,128.0390625
2020-11-03,13984.9814453125,389.515380859375,1.4805010557174683,0.24212799966335297,0.002529999939724803,0.09383399784564972,10.797565460205078,54.27239990234375,258.70404052734375,121.372802734375
2020-11-04,14218.7666015625,407.6656494140625,1.4128979444503784,0.24039000272750854,0.0025579999200999737,0.096001997590065,10.62634563446045,55.00708770751953,244.53590393066406,121.51425170898438
2020-11-05,15706.404296875,417.52593994140625,1.4861700534820557,0.24704599380493164,0.0026390000712126493,0.09757299721240997,11.20097541809082,59.223793029785156,251.62969970703125,120.19379425048828
2020-11-06,15903.4375,456.20062255859375,1.9407069683074951,0.26080501079559326,0.0028009999077767134,0.10968299955129623,12.212724685668945,63.28035354614258,259.03778076171875,123.8707504272461
2020-11-07,15737.095703125,465.67547607421875,2.4813690185546875,0.266416996717453,0.002819000044837594,0.11318700015544891,13.376581192016602,64.40208435058594,276.0485534667969,125.6227035522461
2020-11-08,15637.3203125,457.78045654296875,2.2647790908813477,0.2567349970340729,0.002741999924182892,0.10829800367355347,12.996488571166992,61.81282043457031,276.9449157714844,120.95884704589844
2020-11-09,15785.13671875,457.349609375,2.1893129348754883,0.25606998801231384,0.0027860000263899565,0.10797099769115448,12.950491905212402,61.77642822265625,273.35919189453125,121.98051452636719
2020-11-10,15450.3291015625,453.75836181640625,2.307987928390503,0.2642970085144043,0.0028510000556707382,0.10862100124359131,13.242560386657715,59.657386779785156,265.95281982421875,117.87760162353516
2020-11-11,15916.2607421875,473.578857421875,2.2841410636901855,0.2597239911556244,0.002836999949067831,0.10840299725532532,13.391085624694824,60.548316955566406,262.2994689941406,117.96656799316406
2020-11-12,16305.00390625,467.6778259277344,2.050297975540161,0.25808098912239075,0.0027910000644624233,0.10651200264692307,13.07766056060791,60.44973373413086,264.3543395996094,115.0855484008789
2020-11-13,16463.177734375,475.2172546386719,2.0611159801483154,0.2656790018081665,0.0028359999414533377,0.10780099779367447,12.99028205871582,66.02117919921875,262.10430908203125,114.85160827636719
2020-11-14,16317.80859375,475.16143798828125,2.0334908962249756,0.27701398730278015,0.0028210000600665808,0.10684099793434143,12.912339210510254,65.83606719970703,261.5955505371094,117.21890258789062
2020-11-15,16123.1103515625,460.99407958984375,2.209059000015259,0.27661800384521484,0.002812999999150634,0.10506100207567215,12.633174896240234,64.14686584472656,259.9108581542969,117.74675750732422
2020-11-16,16816.181640625,463.8310241699219,2.36021089553833,0.2880080044269562,0.0030090000946074724,0.10489299893379211,12.789226531982422,71.99732208251953,252.9383087158203,119.64249420166016
2020-11-17,17782.919921875,482.2322082519531,2.318186044692993,0.3044019937515259,0.002976000076159835,0.11196999996900558,13.313879013061523,76.4345932006836,257.56976318359375,125.50617218017578
2020-11-18,18393.94921875,491.9999084472656,2.2059218883514404,0.30727699398994446,0.0029990000184625387,0.11152300238609314,14.197213172912598,76.44735717773438,257.7160339355469,126.27803039550781
2020-11-19,18119.546875,480.1217346191406,2.1750218868255615,0.3065049946308136,0.002959999954327941,0.1077210009098053,13.965559959411621,83.21234130859375,250.45689392089844,123.64186096191406
2020-11-20,18773.2265625,513.6103515625,2.230391025543213,0.3293929994106293,0.003011000109836459,0.11823099851608276,14.395320892333984,85.17499542236328,259.01220703125,123.06413269042969
2020-11-21,18936.62109375,550.2274169921875,2.4988279342651367,0.4630570113658905,0.0035490000154823065,0.13360300660133362,15.398048400878906,88.00359344482422,304.7861633300781,129.4553985595703
2020-11-22,18688.96875,579.3724975585938,2.4038209915161133,0.4919019937515259,0.003659999929368496,0.15273499488830566,15.61568832397461,87.64380645751953,309.3620910644531,129.5084686279297
2020-11-23,18711.42578125,609.9876098632812,2.3515989780426025,0.61496901512146,0.003648000070825219,0.1581529974937439,15.37136459350586,90.16441345214844,323.2681884765625,131.01986694335938
2020-11-24,19348.271484375,621.1734008789062,2.466383934020996,0.7680190205574036,0.0042039998807013035,0.18206599354743958,16.24774742126465,93.57601928710938,367.95147705078125,142.0820770263672
2020-11-25,19390.96484375,605.0941772460938,2.4775869846343994,0.7198569774627686,0.004255999810993671,0.17485900223255157,15.76994514465332,90.41155242919922,359.43634033203125,138.44256591796875
2020-11-26,18866.28515625,575.6414794921875,2.2917020320892334,0.6497300267219543,0.0037930000107735395,0.16021999716758728,14.44614028930664,83.07267761230469,319.1404113769531,132.32118225097656
2020-11-27,17445.0234375,530.7771606445312,1.9706530570983887,0.5858650207519531,0.0033549999352544546,0.14463700354099274,12.947359085083008,73.46366119384766,278.24786376953125,122.1528549194336
2020-11-28,17853.939453125,548.0448608398438,1.939715027809143,0.6445500254631042,0.003470000112429261,0.17156900465488434,13.41140365600586,74.83356475830078,282.5597839355469,124.58560180664062
2020-11-29,18283.62890625,576.6024169921875,1.9438849687576294,0.6345130205154419,0.003530000103637576,0.17057499289512634,13.399352073669434,80.78340148925781,287.1052551269531,125.8751220703125
2020-11-30,19749.263671875,615.2405395507812,2.0135910511016846,0.6721789836883545,0.0035800000187009573,0.17276500165462494,14.383355140686035,88.12899780273438,320.9718933105469,129.74363708496094
2020-12-01,19845.974609375,635.1605834960938,2.130341053009033,0.6791579723358154,0.0035719999577850103,0.17385099828243256,14.796493530273438,92.27677917480469,319.7706604003906,132.27626037597656
2020-12-02,19308.330078125,604.0224609375,2.187437057495117,0.6358969807624817,0.0034360000863671303,0.15966199338436127,14.134461402893066,90.10536193847656,297.04595947265625,129.1338348388672
2020-12-03,19566.19140625,622.4526977539062,2.2213099002838135,0.6403329968452454,0.0035000001080334187,0.16800899803638458,14.187238693237305,91.12335205078125,296.5300598144531,133.78997802734375
2020-12-04,19511.404296875,618.983154296875,2.1120710372924805,0.6329669952392578,0.0034469999372959137,0.1645060032606125,14.026366233825684,89.60210418701172,305.7475280761719,135.70050048828125
2020-12-05,19160.44921875,596.595458984375,1.9807219505310059,0.5958390235900879,0.003413999918848276,0.1613830029964447,13.3254976272583,84.1685562133789,289.30859375,133.50082397460938
2020-12-06,19390.5,606.7919311523438,1.9838980436325073,0.6258779764175415,0.003441999899223447,0.16240599751472473,13.51590347290039,85.03716278076172,292.5212097167969,134.7962188720703
2020-12-07,19411.828125,602.9179077148438,1.8956880569458008,0.6228320002555847,0.0034000000450760126,0.15904100239276886,13.523982048034668,86.72644805908203,290.1484680175781,143.74276733398438
2020-12-08,19283.478515625,594.7515869140625,1.8315809965133667,0.6101610064506531,0.003360999980941415,0.15493600070476532,13.184557914733887,84.71400451660156,284.8860778808594,143.0352020263672
2020-12-09,18626.29296875,577.2883911132812,1.6742769479751587,0.6019390225410461,0.0031820000149309635,0.14981000125408173,12.793543815612793,78.09993743896484,270.97979736328125,135.87185668945312
2020-12-10,18553.298828125,574.6001586914062,1.6651350259780884,0.5868560075759888,0.0031649998854845762,0.1485300064086914,12.649906158447266,77.57532501220703,269.13421630859375,134.99560546875
2020-12-11,18268.453125,560.376708984375,1.5767090320587158,0.5836930274963379,0.003109999932348728,0.14269399642944336,11.937211990356445,74.85487365722656,265.9986267089844,141.62423706054688
2020-12-12,18919.55078125,573.3394165039062,1.5374289751052856,0.5463160276412964,0.0031840000301599503,0.14725899696350098,12.327557563781738,77.51998138427734,269.4638671875,149.4462127685547
2020-12-13,19381.53515625,593.78125,1.642915964126587,0.526960015296936,0.0032740000169724226,0.15625900030136108,13.207671165466309,83.8890151977539,281.9243469238281,152.1890411376953
2020-12-14,19305.099609375,590.4929809570312,1.6228690147399902,0.5171409845352173,0.0032790000550448895,0.15800200402736664,12.965326309204102,82.87445831298828,279.29339599609375,157.38278198242188
2020-12-15,19525.0078125,596.2477416992188,1.7994129657745361,0.5066099762916565,0.0032500000670552254,0.1597130000591278,12.989904403686523,84.70834350585938,298.4612121582031,155.51158142089844
2020-12-16,21458.908203125,636.6403198242188,1.7875839471817017,0.56877201795578,0.003421999979764223,0.16759899258613586,13.462574005126953,92.8460693359375,311.5431823730469,158.846923828125
2020-12-17,23642.66015625,673.834228515625,1.8031200170516968,0.6539090275764465,0.004112999886274338,0.17434200644493103,14.440537452697754,109.2346420288086,329.8841552734375,163.1544952392578
2020-12-18,23238.6015625,662.6990966796875,1.706326961517334,0.6103609800338745,0.003969999961555004,0.16863499581813812,13.986422538757324,112.2507553100586,322.0729675292969,160.25210571289062
2020-12-19,24085.85546875,668.7695922851562,1.7642539739608765,0.6019610166549683,0.004017999861389399,0.17048600316047668,13.965012550354004,123.75543212890625,324.759033203125,158.16299438476562
2020-12-20,24209.66015625,659.9237060546875,1.6844300031661987,0.585578978061676,0.00467800023034215,0.16772399842739105,13.737924575805664,122.73542022705078,366.9736633300781,156.72341918945312
2020-12-21,24059.982421875,646.8465576171875,1.61832594871521,0.5677670240402222,0.0054060001857578754,0.16541600227355957,13.251781463623047,118.01512908935547,378.174072265625,153.44418334960938
2020-12-22,23789.90234375,635.0765991210938,1.574079990386963,0.5215989947319031,0.00484299985691905,0.16001500189304352,12.814679145812988,114.02957153320312,323.8865051269531,157.48880004882812
2020-12-23,24024.490234375,637.122802734375,1.5105849504470825,0.4479660093784332,0.004734999965876341,0.1574140042066574,12.848706245422363,116.88765716552734,325.4528503417969,168.7944793701172
2020-12-24,23768.337890625,613.815185546875,1.3836679458618164,0.3676240146160126,0.00457700015977025,0.15433700382709503,11.66370964050293,111.93286895751953,298.0606689453125,158.4039306640625
2020-12-25,24710.1015625,633.0614013671875,1.4529240131378174,0.38060298562049866,0.004612999968230724,0.16684600710868835,11.86294174194336,128.02589416503906,323.9441833496094,160.95468139648438
2020-12-26,26718.0703125,650.721435546875,1.4475170373916626,0.32231399416923523,0.004639999940991402,0.161981001496315,11.7763032913208,134.73513793945312,329.18768310546875,167.9539794921875
2020-12-27,28288.83984375,711.3935546875,1.4087450504302979,0.30746400356292725,0.0048050000332295895,0.16518999636173248,13.041565895080566,138.31971740722656,362.2679443359375,170.6092987060547
2020-12-28,27389.111328125,745.8777465820312,1.5170379877090454,0.3060159981250763,0.0047160000540316105,0.17858299612998962,12.891690254211426,136.18507385253906,374.88568115234375,168.1084747314453
2020-12-29,27370.720703125,737.952880859375,1.7275819778442383,0.24831800162792206,0.004608000162988901,0.19617000222206116,12.975288391113281,130.60858154296875,365.52496337890625,167.02725219726562
2020-12-30,28937.740234375,754.30322265625,1.6807910203933716,0.23535999655723572,0.00470300018787384,0.19314399361610413,11.926012992858887,132.4501190185547,365.0576171875,163.9242706298828
2020-12-31,29244.876953125,754.2994384765625,1.5506099462509155,0.22761300206184387,0.004743000026792288,0.18574899435043335,11.722368240356445,130.16624450683594,361.00323486328125,161.26564025878906
2021-01-01,29600.626953125,749.2018432617188,1.8596559762954712,0.2492700070142746,0.005685000214725733,0.1842460036277771,12.386067390441895,133.18576049804688,354.826416015625,169.1421356201172
2021-01-02,33155.1171875,786.7984619140625,1.9892950057983398,0.23838800191879272,0.013698000460863113,0.1842530071735382,12.363890647888184,140.37257385253906,365.39056396484375,145.1844940185547
2021-01-03,34608.55859375,1006.5650024414062,2.364980936050415,0.23774099349975586,0.013867000117897987,0.20867900550365448,13.977095603942871,163.8986358642578,433.0190734863281,144.7269744873047
2021-01-04,33440.21875,1153.189208984375,2.4850969314575195,0.2564769983291626,0.01142099965363741,0.23966099321842194,15.575632095336914,173.02781677246094,462.2045593261719,143.8928985595703
2021-01-05,34437.58984375,1129.3714599609375,2.5026159286499023,0.24125100672245026,0.010219000279903412,0.2648859918117523,14.901026725769043,162.85018920898438,426.37701416015625,139.57965087890625
2021-01-06,36879.69921875,1209.4285888671875,2.185892105102539,0.2691580057144165,0.010854000225663185,0.3462980091571808,17.223899841308594,169.65745544433594,456.970947265625,142.42813110351562
2021-01-07,40180.3671875,1282.57958984375,2.611830949783325,0.36529600620269775,0.010532000102102757,0.35334399342536926,17.34910011291504,180.87338256835938,482.8439636230469,152.83802795410156
2021-01-08,41946.73828125,1273.8275146484375,3.779320001602173,0.3459160029888153,0.010285000316798687,0.32019099593162537,16.152416229248047,181.76663208007812,453.6304931640625,150.18528747558594
2021-01-09,41436.3515625,1303.871826171875,3.662787914276123,0.3398590087890625,0.010739999823272228,0.338595986366272,17.90487289428711,179.09007263183594,587.8895263671875,148.9250946044922
2021-01-10,41420.19140625,1347.9261474609375,3.733551025390625,0.3652209937572479,0.010866999626159668,0.340393990278244,18.445472717285156,185.7803497314453,629.8012084960938,189.27865600585938
2021-01-11,38346.53125,1261.6229248046875,3.51357102394104,0.31794100999832153,0.009858000092208385,0.3049960136413574,16.246437072753906,171.09483337402344,603.72705078125,185.14059448242188
2021-01-12,36568.52734375,1149.240234375,3.8444159030914307,0.30992400646209717,0.009145000018179417,0.3133699893951416,15.440449714660645,146.7163848876953,510.6044006347656,173.46383666992188
2021-01-13,37599.9609375,1134.3385009765625,3.6288249492645264,0.3087979853153229,0.008646000176668167,0.3144649863243103,16.207542419433594,147.87789916992188,499.6568908691406,172.8204345703125
2021-01-14,39966.40625,1244.1630859375,3.5428659915924072,0.30834299325942993,0.010029999539256096,0.3235520124435425,17.83426856994629,156.56692504882812,537.53125,171.76284790039062
2021-01-15,39577.7109375,1250.505859375,3.4359219074249268,0.30175700783729553,0.009796000085771084,0.3296850025653839,21.18670654296875,155.1172332763672,533.6465454101562,167.53135681152344
2021-01-16,37864.3671875,1290.0535888671875,3.7032320499420166,0.2951909899711609,0.009530999697744846,0.36541101336479187,22.68733787536621,152.06082153320312,513.4317626953125,161.98558044433594
2021-01-17,36722.3515625,1265.6446533203125,3.965372085571289,0.28526800870895386,0.009367000311613083,0.39565300941467285,23.61110496520996,146.82423400878906,495.1344909667969,164.0553741455078
2021-01-18,37299.28515625,1259.4500732421875,4.14792013168335,0.2876240015029907,0.00929499976336956,0.39544299244880676,23.52741241455078,154.52569580078125,513.7310791015625,160.887451171875
2021-01-19,37755.890625,1432.300048828125,4.031448841094971,0.32618799805641174,0.009612999856472015,0.38298699259757996,22.80375862121582,165.92430114746094,547.0870361328125,165.25856018066406
2021-01-20,36378.328125,1405.744140625,3.7370030879974365,0.30862098932266235,0.009153000079095364,0.3761970102787018,21.929914474487305,156.13848876953125,517.6112060546875,160.79473876953125
2021-01-21,35552.6796875,1382.6844482421875,3.734325885772705,0.3062179982662201,0.009088999591767788,0.37871599197387695,21.936092376708984,149.944091796875,499.2824401855469,153.02813720703125
2021-01-22,33811.8515625,1271.6876220703125,3.497145891189575,0.27784299850463867,0.008768999949097633,0.359158992767334,22.426801681518555,141.0155029296875,450.0270080566406,140.04254150390625
2021-01-23,33360.9765625,1272.151123046875,3.597301959991455,0.2826229929924011,0.008808000013232231,0.35721099376678467,25.4461612701416,142.33926391601562,443.8301086425781,141.08197021484375
2021-01-24,32944.0078125,1395.111328125,3.7930490970611572,0.27742499113082886,0.008950999937951565,0.3686389923095703,24.868953704833984,142.65240478515625,448.7325134277344,142.24449157714844
2021-01-25,34802.7421875,1467.784912109375,3.9743568897247314,0.2824169993400574,0.008879000321030617,0.3635120093822479,25.65489387512207,147.15028381347656,464.2228088378906,144.83030700683594
2021-01-26,32794.55078125,1376.0850830078125,4.096916198730469,0.27110400795936584,0.008456000126898289,0.3497529923915863,23.952463150024414,139.5409698486328,437.9620666503906,140.56964111328125
2021-01-27,32564.029296875,1368.0740966796875,4.048630237579346,0.2689720094203949,0.0082590002566576,0.344217985868454,23.11281967163086,134.86264038085938,428.3438415527344,138.10597229003906
2021-01-28,33858.3125,1356.2886962890625,3.943490982055664,0.269008994102478,0.03417700156569481,0.3534829914569855,24.460460662841797,135.79153442382812,413.4749450683594,139.7653350830078
2021-01-29,38406.26171875,1428.981201171875,3.89260196685791,0.3101939857006073,0.07797300070524216,0.36677199602127075,24.179880142211914,144.95843505859375,432.3170166015625,150.00875854492188
2021-01-30,34834.70703125,1402.3997802734375,4.311975955963135,0.4893459975719452,0.049901001155376434,0.37272000312805176,23.9493408203125,135.9033966064453,417.1929016113281,142.10179138183594
2021-01-31,34288.33203125,1378.916015625,4.787010192871094,0.49970200657844543,0.04528899863362312,0.3754050135612488,24.53101348876953,134.70370483398438,416.16986083984375,140.59226989746094
2021-02-01,34638.21484375,1373.8458251953125,4.611601829528809,0.7448210120201111,0.04324999824166298,0.4171519875526428,23.149662017822266,136.13021850585938,442.40625,146.20761108398438
2021-02-02,35896.8828125,1542.990966796875,5.403642177581787,0.40426400303840637,0.034926000982522964,0.4525949954986572,24.114852905273438,145.5329132080078,434.1317138671875,152.07838439941406
2021-02-03,37480.1875,1660.9095458984375,5.780780792236328,0.40806201100349426,0.03910500183701515,0.4473550021648407,25.440689086914062,155.89230346679688,448.1360778808594,155.3121337890625
2021-02-04,38592.17578125,1689.1866455078125,6.53101110458374,0.4723060131072998,0.05786899849772453,0.4470140039920807,25.972017288208008,158.08877563476562,453.8891906738281,155.5110321044922
2021-02-05,38225.90625,1756.510986328125,7.127117156982422,0.4647049903869629,0.0537399984896183,0.5567240118980408,26.899293899536133,156.53530883789062,447.7751770019531,155.306884765625
2021-02-06,40846.546875,1738.314453125,6.799130916595459,0.45228201150894165,0.05830800160765648,0.6576279997825623,26.722463607788086,163.43093872070312,488.3994445800781,158.18927001953125
2021-02-07,39621.8359375,1690.03662109375,6.871513843536377,0.44551900029182434,0.08435700088739395,0.7025390267372131,25.27623748779297,157.12864685058594,462.78289794921875,156.2245330810547
2021-02-08,46203.9296875,1770.5908203125,8.055932998657227,0.45991599559783936,0.08494500070810318,0.7194110155105591,25.94103240966797,168.2659454345703,485.83074951171875,163.33413696289062
2021-02-09,48003.72265625,1815.963623046875,8.46778392791748,0.4851909875869751,0.08312799781560898,0.7090399861335754,27.8963623046875,183.6444854736328,516.5474243164062,172.17872619628906
2021-02-10,47145.56640625,1826.69677734375,9.072604179382324,0.5341050028800964,0.0810910016298294,0.9438930153846741,28.602453231811523,194.1829833984375,532.6586303710938,182.14230346679688
2021-02-11,48463.46875,1806.5390625,9.707003593444824,0.5276169776916504,0.07430099695920944,0.9733250141143799,28.44580078125,192.5048828125,538.8411865234375,191.1634979248047
2021-02-12,48745.734375,1861.35693359375,9.92445182800293,0.6126300096511841,0.07260999828577042,0.9450560212135315,31.38100242614746,199.4168701171875,578.0996704101562,214.99578857421875
2021-02-13,48047.74609375,1871.603515625,9.499038696289062,0.6370350122451782,0.07164599746465683,0.9499499797821045,34.53685760498047,228.38446044921875,664.9744873046875,254.20135498046875
2021-02-14,49487.640625,1848.154052734375,9.22029972076416,0.6323860287666321,0.06644800305366516,0.9145960211753845,35.580501556396484,229.2051544189453,744.558349609375,242.52423095703125
2021-02-15,48875.5703125,1833.83056640625,9.310638427734375,0.600051999092102,0.06392399966716766,0.908158004283905,34.81749725341797,219.6385040283203,767.510009765625,233.77978515625
2021-02-16,50341.1015625,1824.5186767578125,8.980367660522461,0.5773149728775024,0.05966800078749657,0.9042059779167175,33.22939682006836,221.0515899658203,743.4058837890625,232.4608612060547
2021-02-17,52533.9140625,1853.6676025390625,8.433298110961914,0.5543609857559204,0.054983001202344894,0.8959540128707886,32.587833404541016,236.97352600097656,726.0665283203125,273.0338134765625
2021-02-18,52474.10546875,1949.9034423828125,9.2791748046875,0.5586410164833069,0.061799000948667526,0.9569039940834045,33.53372573852539,238.1966094970703,727.3994140625,275.4867858886719
2021-02-19,56113.65234375,1969.5469970703125,11.680577278137207,0.5790839791297913,0.05949699878692627,0.9437770247459412,35.406982421875,241.16128540039062,740.1603393554688,283.6756591796875
2021-02-20,57505.2265625,2036.2864990234375,11.786737442016602,0.582423985004425,0.06028600037097931,1.193958044052124,36.828460693359375,245.95751953125,748.7716674804688,288.23724365234375
2021-02-21,58330.5703125,1974.2596435546875,11.640289306640625,0.5583670139312744,0.058428000658750534,1.1498990058898926,35.23155975341797,233.1479949951172,735.3334350585938,260.23748779296875
2021-02-22,57533.390625,1936.4537353515625,14.54564094543457,0.6398509740829468,0.06046599894762039,1.1341580152511597,34.16166687011719,227.23480224609375,708.534423828125,247.7555389404297
2021-02-23,54204.9296875,1781.4090576171875,15.74337100982666,0.5709890127182007,0.05376800149679184,1.1337050199508667,31.54983139038086,208.3696746826172,630.45166015625,225.0154571533203
2021-02-24,51290.13671875,1710.9837646484375,18.146621704101562,0.4993700087070465,0.05987299978733063,1.0748319625854492,29.178787231445312,189.16546630859375,555.8158569335938,224.9760284423828
2021-02-25,51948.96875,1670.22412109375,17.695444107055664,0.4825170040130615,0.05780800059437752,1.1727319955825806,28.55682945251465,204.74383544921875,555.2872924804688,218.28297424316406
2021-02-26,48370.78515625,1559.0289306640625,15.483704566955566,0.450439989566803,0.05247199907898903,1.2900470495224,26.948970794677734,182.0758514404297,506.2991638183594,217.34707641601562
2021-02-27,48253.26953125,1524.932373046875,14.612065315246582,0.4575960040092468,0.051920000463724136,1.476652979850769,27.390609741210938,179.92987060546875,501.2745056152344,222.8267364501953
2021-02-28,46716.4296875,1468.3914794921875,13.77901554107666,0.4394400119781494,0.050133999437093735,1.3611140251159668,26.753889083862305,172.64617919921875,485.2208251953125,226.26797485351562
2021-03-01,49784.015625,1567.694580078125,15.516057014465332,0.4513480067253113,0.051479000598192215,1.3424079418182373,27.652099609375,176.35516357421875,506.0074157714844,230.4789276123047
2021-03-02,50127.51171875,1597.610107421875,15.224124908447266,0.4547640085220337,0.05238199979066849,1.2996269464492798,30.453392028808594,184.73049926757812,548.0911865234375,232.47865295410156
2021-03-03,52535.13671875,1650.360595703125,14.729358673095703,0.4666520059108734,0.05212600156664848,1.2635250091552734,31.375930786132812,196.25894165039062,554.6848754882812,228.9642791748047
2021-03-04,51735.08984375,1622.953857421875,14.260360717773438,0.4931420087814331,0.05108699947595596,1.229673981666565,30.525611877441406,194.2318572998047,537.8633422851562,223.71473693847656
2021-03-05,49396.4296875,1547.878173828125,13.079861640930176,0.48583099246025085,0.05085400119423866,1.1951249837875366,28.162181854248047,183.10256958007812,506.8157653808594,217.35015869140625
2021-03-06,49147.21875,1669.1065673828125,13.27048110961914,0.47068798542022705,0.052397001534700394,1.1807199716567993,28.332921981811523,184.33958435058594,505.0645446777344,208.19847106933594
2021-03-07,51384.3671875,1730.9241943359375,13.996903419494629,0.4692859947681427,0.05214099958539009,1.142285943031311,29.017667770385742,191.77023315429688,517.9140014648438,210.0154571533203
2021-03-08,52314.0703125,1835.192138671875,13.87082576751709,0.4859890043735504,0.061948999762535095,1.176216959953308,31.69816017150879,194.6191864013672,528.9968872070312,221.08389282226562
2021-03-09,54824.1171875,1868.048828125,14.986444473266602,0.48598799109458923,0.06226800009608269,1.2149230241775513,31.92976188659668,204.75062561035156,546.5261840820312,228.92010498046875
2021-03-10,57258.25390625,1873.80322265625,15.18793773651123,0.48764699697494507,0.05861600115895271,1.2046819925308228,31.74357032775879,207.39239501953125,566.9415893554688,227.42861938476562
2021-03-11,58091.0625,1843.81884765625,16.239398956298828,0.46428200602531433,0.05669799819588661,1.1382499933242798,30.372329711914062,203.16783142089844,562.5151977539062,226.0336456298828
2021-03-12,57996.62109375,1839.497314453125,16.485795974731445,0.4636940062046051,0.05697999894618988,1.1280850172042847,30.357812881469727,223.61497497558594,562.4541015625,225.74037170410156
2021-03-13,61683.86328125,1937.6455078125,15.394397735595703,0.46482399106025696,0.062431998550891876,1.182898998260498,30.534563064575195,229.3739776611328,607.0723876953125,238.55853271484375
2021-03-14,61597.91796875,1930.77978515625,15.349831581115723,0.46209201216697693,0.06305199861526489,1.1029820442199707,30.13971710205078,227.8301239013672,601.4309692382812,240.5555877685547
2021-03-15,60540.9921875,1889.1966552734375,14.790472984313965,0.44831401109695435,0.059689000248909,1.0689129829406738,29.384750366210938,221.6864013671875,567.6666870117188,237.78660583496094
2021-03-16,56833.1796875,1817.0601806640625,14.282896041870117,0.5149589776992798,0.058921001851558685,1.2588859796524048,28.13727569580078,204.86439514160156,537.9750366210938,229.94789123535156
2021-03-17,58969.81640625,1839.8189697265625,14.266797065734863,0.4833120107650757,0.058866001665592194,1.4193439483642578,31.212373733520508,206.2874298095703,540.8455200195312,240.04689025878906
2021-03-18,60116.25,1848.6461181640625,14.745476722717285,0.49080899357795715,0.058827999979257584,1.4731550216674805,31.293094635009766,208.09637451171875,546.605224609375,240.95211791992188
2021-03-19,59498.375,1841.196044921875,14.488219261169434,0.4783880114555359,0.059721000492572784,1.3423550128936768,30.521860122680664,205.34371948242188,550.2268676757812,238.82736206054688
2021-03-20,60031.28515625,1874.708984375,14.978218078613281,0.5529289841651917,0.06063900142908096,1.3132729530334473,31.482114791870117,206.6977081298828,553.5346069335938,242.45274353027344
2021-03-21,58767.8984375,1823.35302734375,14.36572265625,0.5463770031929016,0.05952100083231926,1.2442820072174072,30.143035888671875,202.84861755371094,546.2089233398438,238.70970153808594
2021-03-22,58471.48046875,1811.96826171875,16.599872589111328,0.6026179790496826,0.057732000946998596,1.208549976348877,29.42911720275879,198.90126037597656,540.3701782226562,238.20489501953125
2021-03-23,55985.44140625,1725.1087646484375,15.243708610534668,0.5993130207061768,0.056081000715494156,1.1741770505905151,27.99405860900879,189.95790100097656,536.6996459960938,226.6175079345703
2021-03-24,57262.3828125,1740.42822265625,15.371431350708008,0.5646770000457764,0.05649400129914284,1.163651943206787,27.895296096801758,197.33694458007812,532.3841552734375,230.6413116455078
2021-03-25,53392.38671875,1625.9114990234375,13.705249786376953,0.5273680090904236,0.052407000213861465,1.1529680490493774,26.634075164794922,179.12672424316406,485.1078796386719,221.45382690429688
2021-03-26,55137.3125,1702.9228515625,14.804293632507324,0.5749750137329102,0.05402800068259239,1.2790759801864624,27.458890914916992,184.43907165527344,510.2479248046875,229.25755310058594
2021-03-27,56568.21484375,1732.8243408203125,16.80416488647461,0.5759180188179016,0.055435001850128174,1.2362769842147827,27.505573272705078,186.5439453125,512.13037109375,226.591796875
2021-03-28,56610.3125,1728.5841064453125,19.386005401611328,0.5622050166130066,0.05475199967622757,1.2195830345153809,27.684080123901367,187.74563598632812,508.330322265625,234.0450897216797
2021-03-29,58342.09765625,1837.18798828125,18.987842559814453,0.5707110166549683,0.05465099960565567,1.2280189990997314,28.521728515625,197.4888916015625,525.8928833007812,243.92066955566406
2021-03-30,59447.22265625,1860.9747314453125,20.869474411010742,0.585902988910675,0.05543399974703789,1.2337219715118408,28.5733585357666,200.12115478515625,537.111328125,250.18472290039062
2021-03-31,59930.02734375,1947.8377685546875,19.795801162719727,0.5792279839515686,0.05446799844503403,1.2136750221252441,29.351137161254883,199.28268432617188,546.30078125,262.6962585449219
2021-04-01,59586.0703125,1989.0550537109375,20.361539840698242,0.5958170294761658,0.0701109990477562,1.2077189683914185,31.190813064575195,205.4669952392578,563.753173828125,258.69683837890625
2021-04-02,60267.1875,2152.451904296875,19.824573516845703,0.6173819899559021,0.06224900111556053,1.2459150552749634,32.6786003112793,214.403564453125,602.216552734375,263.58551025390625
2021-04-03,60110.26953125,2144.96240234375,23.82718849182129,0.6533499956130981,0.059484001249074936,1.2441829442977905,33.22390365600586,218.240234375,598.5073852539062,269.8232421875
2021-04-04,58913.74609375,2110.353515625,25.56953239440918,0.6469770073890686,0.05810699984431267,1.1997480392456055,31.589675903320312,206.21987915039062,568.2909545898438,272.8997497558594
2021-04-05,59891.296875,2140.9853515625,24.777637481689453,0.9368550181388855,0.06015300005674362,1.2267459630966187,32.63180923461914,225.40084838867188,648.5609741210938,271.3223876953125
2021-04-06,59479.578125,2151.223388671875,25.346525192260742,1.1179159879684448,0.06504999846220016,1.3408950567245483,34.952613830566406,244.51747131347656,677.270263671875,277.2998352050781
2021-04-07,58731.14453125,2133.1875,27.48761558532715,1.1044880151748657,0.0672990009188652,1.291087031364441,35.11281204223633,243.15127563476562,697.1884155273438,280.19708251953125
2021-04-08,58338.73828125,2091.516357421875,27.97001075744629,1.0725680589675903,0.06174499914050102,1.2237930297851562,32.8676872253418,228.35366821289062,647.6471557617188,272.0482482910156
2021-04-09,58937.046875,2102.873779296875,29.014734268188477,1.0831589698791504,0.06391000002622604,1.2289799451828003,33.2801628112793,228.96714782714844,651.7200317382812,290.1740417480469
2021-04-10,61276.6640625,2196.996337890625,28.257970809936523,1.3899569511413574,0.06506799906492233,1.2519199848175049,33.03373718261719,255.6759796142578,685.5093994140625,298.81695556640625
2021-04-11,60790.5546875,2165.19140625,28.687227249145508,1.4920719861984253,0.0792429968714714,1.292286992073059,34.423831939697266,264.5142822265625,718.5927124023438,329.863525390625
2021-04-12,61253.03515625,2199.71875,29.862302780151367,1.4701449871063232,0.07498600333929062,1.3465880155563354,34.1560173034668,258.59661865234375,698.5848388671875,344.5140380859375
2021-04-13,63742.28515625,2318.42333984375,28.797941207885742,1.8884390592575073,0.09518100321292877,1.437677025794983,35.87331771850586,273.2527160644531,752.53076171875,331.2271423339844
2021-04-14,64863.09765625,2449.6875,27.48269271850586,1.9649970531463623,0.14250999689102173,1.5577609539031982,42.02860641479492,282.6783142089844,846.2385864257812,331.5715637207031
2021-04-15,63821.671875,2544.267333984375,28.249399185180664,1.8828190565109253,0.18732599914073944,1.494799017906189,44.40056610107422,290.79052734375,878.1765747070312,348.61065673828125
2021-04-16,63594.72265625,2547.5556640625,28.226879119873047,1.808948040008545,0.4377000033855438,1.5189839601516724,43.18880081176758,316.9685974121094,1170.7347412109375,347.75885009765625
2021-04-17,62572.17578125,2497.38525390625,26.819766998291016,1.7405279874801636,0.3744550049304962,1.456151008605957,44.06838607788086,335.0245361328125,1208.586181640625,378.5721740722656
2021-04-18,61057.45703125,2365.46044921875,32.90256881713867,1.5785670280456543,0.349918007850647,1.3976960182189941,40.75344467163086,307.30426025390625,1024.783447265625,379.7275695800781
2021-04-19,57520.0546875,2276.77685546875,36.080257415771484,1.5303809642791748,0.431751012802124,1.3223869800567627,41.922481536865234,281.3525390625,1038.072021484375,365.6538391113281
2021-04-20,57062.1484375,2345.8349609375,32.69721984863281,1.4456360340118408,0.4223470091819763,1.2806930541992188,39.308162689208984,272.5924377441406,967.5877075195312,413.55743408203125
2021-04-21,56757.97265625,2467.20068359375,35.004302978515625,1.4585399627685547,0.3469659984111786,1.286463975906372,39.450904846191406,276.31024169921875,996.2236938476562,424.8751220703125
2021-04-22,55410.23046875,2641.094970703125,40.97186279296875,1.4131920337677002,0.3087570071220398,1.2774440050125122,40.7403564453125,289.3291931152344,969.8778686523438,390.45050048828125
2021-04-23,52120.79296875,2439.537109375,41.463260650634766,1.1940040588378906,0.26837798953056335,1.1655759811401367,35.904380798339844,256.65618896484375,872.4712524414062,354.8834228515625
2021-04-24,51167.5625,2367.740966796875,43.532222747802734,1.1702840328216553,0.2893899977207184,1.1962840557098389,35.264617919921875,241.45779418945312,840.376708984375,396.00439453125
2021-04-25,50506.01953125,2354.086669921875,48.43426513671875,1.1530250310897827,0.28877100348472595,1.146124005317688,33.400840759277344,235.20606994628906,804.5589599609375,403.88250732421875
2021-04-26,54288.00390625,2536.33740234375,48.31078338623047,1.3690769672393799,0.28045201301574707,1.2498760223388672,35.259735107421875,247.9586944580078,850.1695556640625,402.5622863769531
2021-04-27,55416.96484375,2676.392822265625,46.54861068725586,1.4597359895706177,0.2796289920806885,1.329766035079956,37.60102081298828,262.6161193847656,891.011962890625,412.3956298828125
2021-04-28,56227.20703125,2757.477294921875,46.91656494140625,1.4469749927520752,0.34466201066970825,1.3481980562210083,37.754398345947266,266.3074951171875,928.2164306640625,439.62225341796875
2021-04-29,55115.84375,2797.972412109375,46.07149124145508,1.4183310270309448,0.32388100028038025,1.4103310108184814,37.35780334472656,262.5469665527344,913.1482543945312,424.99786376953125
2021-04-30,57900.71875,2796.054931640625,44.2701530456543,1.6355210542678833,0.3397569954395294,1.3690409660339355,38.74304962158203,273.2450256347656,999.5653686523438,422.83502197265625
2021-05-01,58448.33984375,2951.44091796875,49.84457778930664,1.6650110483169556,0.3971349895000458,1.367414951324463,41.20891189575195,278.21942138671875,1030.10693359375,433.6121826171875
2021-05-02,57902.59375,2984.891845703125,49.896671295166016,1.656330943107605,0.4000290036201477,1.3548890352249146,41.42184066772461,277.48345947265625,1009.0420532226562,426.6613464355469
2021-05-03,58973.30859375,3450.037841796875,49.00945281982422,1.6215989589691162,0.4455670118331909,1.37978994846344,42.6722297668457,299.300537109375,1046.244873046875,425.9180908203125
2021-05-04,57214.1796875,3523.5859375,47.75715637207031,1.5572309494018555,0.6059979796409607,1.3656810522079468,48.522003173828125,326.888671875,1053.06689453125,411.8903503417969
2021-05-05,57911.36328125,3541.462646484375,45.927791595458984,1.6225359439849854,0.6952620148658752,1.4934240579605103,51.173194885253906,359.5001525878906,1474.2880859375,417.8131408691406
2021-05-06,58363.31640625,3598.89599609375,44.97405242919922,1.7588200569152832,0.6636160016059875,1.699504017829895,49.77671813964844,364.5176086425781,1597.6549072265625,435.2139892578125
2021-05-07,58606.6328125,3573.2900390625,46.05956268310547,1.6912579536437988,0.7319719791412354,1.7453290224075317,51.911563873291016,372.2654113769531,1509.1109619140625,517.6202392578125
2021-05-08,59464.61328125,3950.1650390625,46.6390266418457,1.6271849870681763,0.7375670075416565,1.6545439958572388,50.22362518310547,356.0328674316406,1444.7283935546875,485.7298889160156
2021-05-09,59210.8828125,3981.259033203125,47.1212158203125,1.5934150218963623,0.6976249814033508,1.829795002937317,52.34251022338867,388.2327880859375,1428.52880859375,485.8857116699219
2021-05-10,59519.35546875,4197.47314453125,45.87750244140625,1.6257410049438477,0.569687008857727,1.8226089477539062,52.8760871887207,412.96014404296875,1565.984375,497.18804931640625
2021-05-11,56872.54296875,4178.208984375,45.15120315551758,1.4868600368499756,0.5466510057449341,1.7781120538711548,48.827301025390625,378.859130859375,1547.425048828125,454.4292907714844
2021-05-12,57939.36328125,4362.3505859375,48.979034423828125,1.5424530506134033,0.5199750065803528,1.8189419507980347,49.789947509765625,393.1324768066406,1635.1495361328125,477.72454833984375
2021-05-13,51330.84375,4032.5634765625,45.41709899902344,1.3889240026474,0.5194609761238098,1.9699339866638184,44.91990280151367,332.0284729003906,1342.406005859375,420.8751525878906
2021-05-14,51438.1171875,4171.01708984375,44.79143524169922,1.4422290325164795,0.5896900296211243,2.0421030521392822,47.722412109375,338.0980529785156,1358.966064453125,421.95831298828125
2021-05-15,50639.6640625,4129.185546875,45.391788482666016,1.5824780464172363,0.5626760125160217,2.3717520236968994,47.791072845458984,331.5926208496094,1331.10595703125,440.8243103027344
2021-05-16,49720.04296875,3878.89599609375,52.50135040283203,1.6079820394515991,0.5481449961662292,2.461766004562378,44.614105224609375,323.7637939453125,1279.673095703125,404.3636474609375
2021-05-17,46623.55859375,3587.765625,51.87602996826172,1.5593249797821045,0.5152209997177124,2.3250019550323486,40.695701599121094,296.4105529785156,1169.2037353515625,390.8121643066406
2021-05-18,45812.45703125,3562.465087890625,58.30292510986328,1.7022089958190918,0.5155990123748779,2.1503820419311523,44.68650817871094,318.0450744628906,1167.2266845703125,360.3707275390625
2021-05-19,43546.1171875,3437.935791015625,57.52577209472656,1.64437997341156,0.6847350001335144,2.0280919075012207,43.50236511230469,299.84759521484375,1110.525634765625,345.0872497558594
2021-05-20,42462.984375,2993.145263671875,51.25844955444336,1.2684489488601685,0.43319201469421387,1.9432289600372314,33.00528335571289,224.84767150878906,862.993408203125,289.71942138671875
2021-05-21,42172.171875,2938.205078125,47.645591735839844,1.2159260511398315,0.4119749963283539,1.868630051612854,31.99160385131836,219.23480224609375,852.1097412109375,329.5572814941406
2021-05-22,38831.0546875,2483.983154296875,40.009578704833984,1.0153390169143677,0.3605169951915741,1.6010199785232544,26.21168327331543,184.3743133544922,720.3219604492188,262.4909362792969
2021-05-23,38289.21875,2384.41162109375,32.4362678527832,0.9673460125923157,0.3508630096912384,1.539639949798584,24.390321731567383,176.4557342529297,660.4301147460938,261.0580139160156
2021-05-24,39835.140625,2672.595703125,32.094451904296875,0.9985949993133545,0.37148499488830566,1.5979130268096924,26.424175262451172,184.1439971923828,758.5371704101562,256.81103515625
2021-05-25,39776.3515625,2750.534912109375,33.130126953125,1.0578399896621704,0.3800100088119507,1.648563027381897,27.629838943481445,194.12405395507812,788.4690551757812,264.9687805175781
2021-05-26,40782.078125,2911.735595703125,37.23763656616211,1.06694495677948,0.3659200072288513,1.8324329853057861,34.2037353515625,204.08950805664062,787.7767944335938,270.207275390625
2021-05-27,40379.6171875,2888.75244140625,35.52705001831055,1.042896032333374,0.35346299409866333,1.7904770374298096,35.344085693359375,208.4635009765625,806.7064208984375,269.3939514160156
2021-05-28,38856.96875,2761.36328125,34.502506256103516,0.983460009098053,0.34787899255752563,1.6777069568634033,32.17008590698242,198.48675537109375,761.5265502929688,266.4501037597656
2021-05-29,37234.5,2566.9384765625,30.0223388671875,0.9397919774055481,0.317918986082077,1.5617409944534302,29.605016708374023,188.60699462890625,721.3099975585938,296.6961364746094
2021-05-30,36400.66796875,2472.187744140625,29.74925422668457,0.9301270246505737,0.3103240132331848,1.6889770030975342,29.05959129333496,180.2601776123047,687.3419189453125,267.651123046875
2021-05-31,37468.25,2715.85498046875,32.98358917236328,1.0490219593048096,0.3291630148887634,1.7506200075149536,32.088584899902344,188.15899658203125,710.571044921875,275.8358459472656
2021-06-01,37896.734375,2739.737548828125,33.2899169921875,1.0996390581130981,0.38307899236679077,1.7795909643173218,32.628273010253906,193.0040283203125,720.8492431640625,275.6572265625
2021-06-02,38231.33984375,2801.392333984375,35.03815460205078,1.049746036529541,0.4445900022983551,1.8038489818572998,32.1135368347168,191.24441528320312,715.1097412109375,294.98175048828125
2021-06-03,39478.953125,2891.2548828125,41.14537811279297,1.0782749652862549,0.440762996673584,1.8886499404907227,32.86845779418945,197.6842803955078,734.9953002929688,315.6642150878906
2021-06-04,39242.484375,2857.16552734375,39.60986328125,1.0452710390090942,0.40098199248313904,1.848484992980957,32.2041015625,193.54904174804688,719.5374145507812,310.8816223144531
2021-06-05,37917.71484375,2817.48486328125,42.82267379760742,0.9979469776153564,0.393885999917984,1.7831770181655884,30.152372360229492,185.43394470214844,688.8902587890625,295.11187744140625
2021-06-06,36436.421875,2743.441162109375,43.377193450927734,0.9495319724082947,0.37679800391197205,1.7065240144729614,28.1376953125,180.02162170410156,669.59423828125,276.7845458984375
2021-06-07,36790.5703125,2845.18505859375,44.10055923461914,0.9743459820747375,0.37967801094055176,1.740568995475769,28.694122314453125,182.23959350585938,670.2244873046875,281.4471130371094
2021-06-08,34017.38671875,2620.84619140625,42.47829055786133,0.8854979872703552,0.3414349853992462,1.594298005104065,25.094419479370117,164.47744750976562,604.3988647460938,255.85069274902344
2021-06-09,37537.37109375,2625.070556640625,43.99756622314453,0.9200339913368225,0.3537620007991791,1.6304140090942383,25.63924217224121,173.04527282714844,634.634521484375,275.3620300292969
2021-06-10,38334.32421875,2619.957763671875,43.00490951538086,0.927827000617981,0.34452900290489197,1.6359729766845703,25.743192672729492,174.52015686035156,638.7239379882812,282.70574951171875
2021-06-11,37608.6953125,2495.414794921875,41.31248474121094,0.879190981388092,0.33322298526763916,1.546059012413025,23.36752700805664,173.48854064941406,611.405029296875,258.2628173828125
2021-06-12,37408.92578125,2447.227783203125,37.61422348022461,0.8478789925575256,0.3193320035934448,1.493530035018921,22.293996810913086,164.25701904296875,589.9786987304688,251.80206298828125
2021-06-13,39322.78125,2547.367919921875,39.3599739074707,0.8880770206451416,0.3300260007381439,1.5785130262374878,23.850051879882812,171.51971435546875,615.1343994140625,261.3611755371094
2021-06-14,40978.36328125,2606.432861328125,40.47652053833008,0.926110029220581,0.33692699670791626,1.5927040576934814,25.208833694458008,180.00091552734375,640.246337890625,275.5008544921875
2021-06-15,41295.26953125,2639.229248046875,41.75867462158203,0.9022529721260071,0.3304949998855591,1.6114009618759155,26.435876846313477,181.04803466796875,649.8994750976562,283.230224609375
2021-06-16,40516.77734375,2554.62890625,41.496307373046875,0.8733749985694885,0.3213930130004883,1.5754380226135254,24.633604049682617,177.2010040283203,628.0631713867188,288.40966796875
2021-06-17,39513.671875,2457.175537109375,41.237430572509766,0.86142897605896,0.31401100754737854,1.5384650230407715,24.433029174804688,173.25112915039062,620.4916381835938,281.43841552734375
2021-06-18,38187.26171875,2377.195068359375,39.427127838134766,0.8449199795722961,0.30775201320648193,1.4932329654693604,23.394973754882812,167.37890625,599.7035522460938,279.9505920410156
2021-06-19,36457.796875,2278.4150390625,37.35458755493164,0.8068689703941345,0.29780301451683044,1.4428770542144775,21.941312789916992,160.82736206054688,581.6277465820312,282.37493896484375
2021-06-20,36059.484375,2275.3828125,35.92838668823242,0.7842950224876404,0.28972700238227844,1.4603760242462158,22.059295654296875,156.2391815185547,561.1050415039062,271.2756652832031
2021-06-21,35721.640625,2259.464111328125,35.497615814208984,0.7797899842262268,0.28088900446891785,1.436257004737854,21.849557876586914,155.49322509765625,559.435302734375,265.73809814453125
2021-06-22,33292.453125,1993.1597900390625,28.712968826293945,0.6489189863204956,0.21612200140953064,1.263038992881775,18.756935119628906,132.62332153320312,476.1463928222656,225.79641723632812
2021-06-23,34753.41015625,2043.5303955078125,32.7729606628418,0.660548985004425,0.24710999429225922,1.3055609464645386,19.147214889526367,133.59461975097656,485.89263916015625,223.70855712890625
2021-06-24,35228.8515625,2032.33935546875,32.991310119628906,0.6910099983215332,0.26868999004364014,1.398589015007019,19.504133224487305,137.175537109375,495.9580078125,226.7029266357422
2021-06-25,35487.24609375,2017.759521484375,32.90251541137695,0.6884689927101135,0.28914499282836914,1.3926830291748047,19.47256851196289,138.11972045898438,496.77685546875,227.43601989746094
2021-06-26,32637.587890625,1850.1798095703125,30.007036209106445,0.6316760182380676,0.2551270127296448,1.2913960218429565,17.4854679107666,129.3040771484375,463.96429443359375,202.77748107910156
2021-06-27,34656.12890625,1979.9581298828125,31.929391860961914,0.6517720222473145,0.2668910026550293,1.3481680154800415,18.36748504638672,132.47605895996094,477.91693115234375,211.86032104492188
2021-06-28,35219.890625,2139.805419921875,34.24322509765625,0.6544449925422668,0.26698198914527893,1.3492850065231323,19.406272888183594,139.47433471679688,516.4507446289062,216.82357788085938
2021-06-29,36542.109375,2242.23876953125,35.788578033447266,0.7277259826660156,0.27494001388549805,1.4199440479278564,20.533748626708984,149.09628295898438,546.6151123046875,227.02203369140625
2021-06-30,36074.7578125,2282.989013671875,35.9547233581543,0.7136729955673218,0.2635380029678345,1.398116946220398,19.762561798095703,146.67156982421875,533.6823120117188,223.66136169433594
2021-07-01,35035.984375,2274.3974609375,35.53819274902344,0.7047849893569946,0.26009199023246765,1.3838139772415161,19.49896812438965,144.1366424560547,526.4202270507812,222.74061584472656
2021-07-02,33939.58984375,2155.596435546875,34.03178787231445,0.6672869920730591,0.2479970008134842,1.3943970203399658,18.52025604248047,138.78770446777344,503.97015380859375,211.66607666015625
2021-07-03,34909.26171875,2237.567138671875,35.40476989746094,0.6836770176887512,0.25021401047706604,1.4417140483856201,18.886003494262695,141.35601806640625,514.3199462890625,216.32797241210938
2021-07-04,35937.56640625,2384.286865234375,35.50237274169922,0.7077829837799072,0.25256699323654175,1.4937169551849365,19.894502639770508,147.8360595703125,539.7749633789062,224.9090118408203
2021-07-05,35284.34375,2321.9228515625,34.461822509765625,0.6956530213356018,0.2464189976453781,1.4612209796905518,19.246891021728516,144.84933471679688,526.8648681640625,220.35418701171875
2021-07-06,35038.53515625,2346.294921875,34.97831726074219,0.6799229979515076,0.24190999567508698,1.4568870067596436,20.240997314453125,142.7035675048828,525.4853515625,222.1371307373047
2021-07-07,34997.6640625,2403.7734375,38.01170349121094,0.6733070015907288,0.23785099387168884,1.4401129484176636,21.227630615234375,142.90057373046875,537.0830688476562,231.42877197265625
2021-07-08,33907.90625,2324.0068359375,36.915283203125,0.6543089747428894,0.22493000328540802,1.4064970016479492,19.867691040039062,137.67222595214844,510.511962890625,215.7030029296875
2021-07-09,34042.29296875,2185.376220703125,34.38794708251953,0.6445469856262207,0.22913900017738342,1.3715230226516724,18.858638763427734,135.73353576660156,509.75445556640625,214.6731414794922
2021-07-10,34209.0703125,2190.1240234375,34.14048767089844,0.648173987865448,0.2276809960603714,1.364833950996399,18.95939826965332,136.7248077392578,510.88427734375,217.48037719726562
2021-07-11,34584.703125,2172.6533203125,32.53633499145508,0.6431490182876587,0.21874499320983887,1.3663510084152222,18.57308578491211,136.4457244873047,503.6387634277344,214.85977172851562
2021-07-12,34592.15625,2167.710205078125,32.6440544128418,0.6572099924087524,0.21896499395370483,1.3730909824371338,18.599475860595703,139.66526794433594,508.2068176269531,216.6332244873047
2021-07-13,33327.1015625,2040.693603515625,31.093704223632812,0.6402410268783569,0.20806199312210083,1.3211239576339722,17.760448455810547,134.52394104003906,484.7972106933594,211.61441040039062
2021-07-14,33061.3984375,2015.107421875,31.435338973999023,0.6247239708900452,0.2044830024242401,1.2875380516052246,17.40691375732422,132.31178283691406,477.846923828125,204.96336364746094
2021-07-15,33159.640625,2037.7425537109375,31.4834041595459,0.6265000104904175,0.20083999633789062,1.287742018699646,17.22502326965332,133.01707458496094,473.8235778808594,205.4381103515625
2021-07-16,32218.40625,1959.6962890625,29.442203521728516,0.6167960166931152,0.18832199275493622,1.2441329956054688,16.321998596191406,127.78345489501953,464.465576171875,200.00247192382812
2021-07-17,31935.9453125,1917.597900390625,27.69698715209961,0.5977190136909485,0.20493699610233307,1.1936620473861694,15.638663291931152,122.89361572265625,446.8995361328125,199.3404541015625
2021-07-18,32398.99609375,1988.33642578125,27.733564376831055,0.6012030243873596,0.19578799605369568,1.2160309553146362,16.057231903076172,123.98239135742188,453.0492248535156,205.00250244140625
2021-07-19,31885.859375,1916.1180419921875,26.72174644470215,0.5893530249595642,0.1839500069618225,1.190930962562561,15.598388671875,120.73291015625,442.2355041503906,200.47601318359375
2021-07-20,31006.1875,1836.998046875,24.975603103637695,0.5683730244636536,0.1788949966430664,1.1346479654312134,14.746977806091309,114.93824768066406,422.0052185058594,191.46812438964844
2021-07-21,32752.326171875,2025.680419921875,27.4164981842041,0.5832970142364502,0.21421000361442566,1.2211060523986816,15.767757415771484,118.8583755493164,435.8940124511719,200.1347198486328
2021-07-22,32576.400390625,2044.116455078125,28.135990142822266,0.6025369763374329,0.19640399515628815,1.2066789865493774,16.144622802734375,121.90778350830078,445.6720275878906,202.18649291992188
2021-07-23,33581.55078125,2129.441162109375,28.690610885620117,0.6095150113105774,0.19953100383281708,1.2070330381393433,16.563308715820312,124.46802520751953,456.4286193847656,203.69369506835938
2021-07-24,34490.390625,2197.6494140625,29.50779914855957,0.6206960082054138,0.20436899363994598,1.2479729652404785,17.133996963500977,127.74347686767578,464.9192810058594,210.92709350585938
2021-07-25,35364.92578125,2194.438232421875,28.87297821044922,0.6117680072784424,0.20045100152492523,1.2384330034255981,17.0526123046875,128.01429748535156,460.6368103027344,214.4364776611328
2021-07-26,40499.67578125,2428.817138671875,31.05401611328125,0.6778680086135864,0.2327670007944107,1.3990110158920288,19.94782257080078,140.26858520507812,517.5814208984375,234.93466186523438
2021-07-27,39406.94140625,2316.9501953125,28.95267105102539,0.6520829796791077,0.20929299294948578,1.3148030042648315,19.582033157348633,134.9468536376953,504.26904296875,226.661865234375
2021-07-28,40816.0703125,2341.77783203125,28.7469539642334,0.7518410086631775,0.21374599635601044,1.3165830373764038,19.986303329467773,141.8950958251953,518.85302734375,234.9040985107422
2021-07-29,40593.0703125,2396.451904296875,31.88614845275879,0.7647420167922974,0.2063550055027008,1.299072027206421,19.459217071533203,142.80491638183594,546.4711303710938,248.207275390625
2021-07-30,42235.546875,2469.704833984375,33.05512619018555,0.7681490182876587,0.2106429934501648,1.3173539638519287,22.649574279785156,145.79518127441406,553.0267333984375,245.3351287841797
2021-07-31,42231.44921875,2551.1611328125,36.86825942993164,0.7577009797096252,0.21434499323368073,1.3324029445648193,23.331911087036133,146.59869384765625,556.7880249023438,249.0652313232422
2021-08-01,42541.6796875,2695.429443359375,36.719913482666016,0.7762830257415771,0.21761099994182587,1.3867369890213013,23.91910743713379,149.69740295410156,562.9428100585938,249.3849334716797
2021-08-02,40419.1796875,2665.73095703125,35.91239547729492,0.7733250260353088,0.2099590003490448,1.3495689630508423,23.95513343811035,145.86026000976562,564.8043823242188,244.15048217773438
2021-08-03,39750.03125,2630.314208984375,35.833091735839844,0.7444139719009399,0.20507700741291046,1.3827370405197144,24.3566837310791,143.14199829101562,551.3377685546875,236.75973510742188
2021-08-04,39952.296875,2764.443603515625,36.6524772644043,0.7392380237579346,0.2031099945306778,1.3925390243530273,24.97098731994629,144.43251037597656,550.7243041992188,245.64622497558594
2021-08-05,41341.93359375,2840.4306640625,38.208866119384766,0.7386209964752197,0.20251299440860748,1.3973150253295898,24.331344604492188,145.00405883789062,550.5103759765625,253.83213806152344
2021-08-06,43271.66015625,2944.9033203125,40.388084411621094,0.7521460056304932,0.21175600588321686,1.424118995666504,24.366409301757812,150.55557250976562,560.5555419921875,266.3494567871094
2021-08-07,44689.859375,3170.229736328125,40.50587844848633,0.818041980266571,0.2619900107383728,1.4845980405807495,25.099088668823242,156.3384246826172,589.7503662109375,275.882568359375
2021-08-08,45282.3515625,3184.60400390625,39.53329086303711,0.8383809924125671,0.28137901425361633,1.4942729473114014,24.905963897705078,157.43844604492188,589.0052490234375,274.5167236328125
2021-08-09,46456.83203125,3185.701171875,40.00484085083008,0.8273990154266357,0.26626500487327576,1.4985640048980713,24.660282135009766,170.38600158691406,600.4196166992188,271.7505798339844
2021-08-10,46637.98828125,3228.940673828125,41.66090774536133,0.8615880012512207,0.2627910077571869,1.6995749473571777,25.477703094482422,168.17385864257812,606.206787109375,270.7759094238281
2021-08-11,46735.6328125,3269.20947265625,43.739139556884766,1.0870529413223267,0.28248199820518494,1.8944059610366821,27.318159103393555,176.01881408691406,632.2290649414062,279.414794921875
2021-08-12,46228.91015625,3236.314697265625,43.40190887451172,1.042734980583191,0.2941420078277588,1.8667570352554321,26.886777877807617,179.57052612304688,648.22412109375,276.4136047363281
2021-08-13,47831.9765625,3324.671630859375,44.9005241394043,1.0944960117340088,0.28718799352645874,2.145925998687744,27.75890350341797,184.30398559570312,654.2623901367188,273.2147216796875
2021-08-14,48098.68359375,3329.281005859375,44.871238708496094,1.309211015701294,0.29845601320266724,2.2503600120544434,27.93221092224121,184.938720703125,689.5960693359375,279.49554443359375
2021-08-15,47357.10546875,3320.084228515625,54.62955093383789,1.3491740226745605,0.34872201085090637,2.2484309673309326,27.974796295166016,186.36778259277344,707.3980102539062,275.08087158203125
2021-08-16,47998.09765625,3333.994873046875,68.82237243652344,1.3268990516662598,0.35095301270484924,2.1954500675201416,30.47988510131836,188.8373565673828,713.665283203125,284.3183898925781
2021-08-17,47139.5703125,3288.812744140625,74.8892593383789,1.2226779460906982,0.339462012052536,2.1410460472106934,30.25987434387207,184.22093200683594,689.8093872070312,277.94635009765625
2021-08-18,45952.0625,3124.97607421875,80.11990356445312,1.194200038909912,0.3242270052433014,2.1612889766693115,26.89016342163086,174.30966186523438,653.604248046875,261.9622802734375
2021-08-19,46970.76171875,3184.435546875,75.09242248535156,1.232841968536377,0.31901800632476807,2.449876070022583,27.064817428588867,175.54293823242188,658.8883056640625,264.086669921875
2021-08-20,49342.15234375,3298.24658203125,79.99000549316406,1.2869709730148315,0.33322298526763916,2.5752758979797363,28.979713439941406,184.08155822753906,699.1278076171875,283.341796875
2021-08-21,49717.01953125,3307.3515625,81.81377410888672,1.2812349796295166,0.32935601472854614,2.52898907661438,29.15736961364746,184.413818359375,699.630615234375,293.2632141113281
2021-08-22,49471.609375,3272.733154296875,77.48115539550781,1.2546629905700684,0.3215410113334656,2.7186119556427,28.643653869628906,189.5882568359375,688.953125,306.6231384277344
2021-08-23,50482.078125,3373.38427734375,76.70532989501953,1.3042199611663818,0.3280940055847168,2.967397928237915,29.300949096679688,191.38265991210938,693.4780883789062,333.7778625488281
2021-08-24,49878.76953125,3358.688232421875,79.3709487915039,1.2632869482040405,0.31975701451301575,2.9474029541015625,28.922616958618164,188.33013916015625,682.6373901367188,339.5447998046875
2021-08-25,49202.87890625,3248.727294921875,72.70286560058594,1.17753005027771,0.29681500792503357,2.7959940433502197,26.844497680664062,178.9541778564453,657.5452880859375,324.532958984375
2021-08-26,49347.58203125,3249.6552734375,78.05520629882812,1.1863110065460205,0.29600200057029724,2.783461093902588,26.936555862426758,180.2177276611328,655.3074951171875,317.5575256347656
2021-08-27,49112.78515625,3281.840576171875,88.85427856445312,1.1884729862213135,0.29484501481056213,2.9444470405578613,26.12194061279297,175.98440551757812,635.4520263671875,316.7616882324219
2021-08-28,49283.50390625,3284.845947265625,97.84294891357422,1.1977039575576782,0.29916998744010925,2.9486749172210693,26.184974670410156,177.00636291503906,647.2998046875,316.5875549316406
2021-08-29,49644.11328125,3283.235595703125,97.77787780761719,1.1676830053329468,0.2916629910469055,2.9362521171569824,26.570941925048828,182.30320739746094,690.8690795898438,306.75799560546875
2021-08-30,48925.60546875,3346.5810546875,116.85022735595703,1.1486849784851074,0.289559006690979,2.885241985321045,26.493799209594727,176.10398864746094,664.5089721679688,295.0912170410156
2021-08-31,48189.55078125,3466.9921875,130.01461791992188,1.2401039600372314,0.28581899404525757,2.877877950668335,27.482952117919922,175.23890686035156,651.252685546875,291.9972839355469
2021-09-01,49111.08984375,3836.867431640625,119.53011322021484,1.234889030456543,0.29488900303840637,2.902614116668701,29.73518180847168,182.71591186523438,656.8170776367188,303.30828857421875
2021-09-02,50343.421875,3830.71142578125,131.96188354492188,1.2942960262298584,0.30922698974609375,3.0991859436035156,30.86711883544922,187.88600158691406,673.7323608398438,309.2566833496094
2021-09-03,50982.2734375,4022.46923828125,148.8341827392578,1.3215210437774658,0.3044939935207367,3.0294361114501953,31.674488067626953,217.51747131347656,720.8145751953125,309.5572509765625
2021-09-04,50545.58203125,3969.44873046875,150.42855834960938,1.29591703414917,0.30873098969459534,2.9663898944854736,31.171709060668945,225.11004638671875,732.423583984375,311.346435546875
2021-09-05,51868.6796875,3979.1865234375,144.99786376953125,1.3084019422531128,0.3150089979171753,2.9549710750579834,33.5034294128418,231.95567321777344,765.436767578125,318.9923400878906
2021-09-06,52700.94140625,3968.426513671875,165.8787384033203,1.4137669801712036,0.31975099444389343,2.926229953765869,36.278076171875,232.10145568847656,801.4947509765625,321.7201232910156
2021-09-07,52853.765625,3945.314208984375,194.8197021484375,1.3914949893951416,0.31103000044822693,2.8725109100341797,35.337554931640625,221.43191528320312,787.0787963867188,316.0585632324219
2021-09-08,47334.0546875,3559.121337890625,197.989013671875,1.1486419439315796,0.2632899880409241,2.564513921737671,29.146535873413086,188.20123291015625,679.6211547851562,270.9065856933594
2021-09-09,47261.94921875,3562.99267578125,214.95718383789062,1.136104941368103,0.2595579922199249,2.62105393409729,30.077606201171875,188.45785522460938,672.8951416015625,266.8549499511719
2021-09-10,47031.7421875,3512.5712890625,196.9451904296875,1.2417190074920654,0.26162201166152954,2.5856709480285645,29.514617919921875,187.12901306152344,673.4174194335938,268.2559509277344
2021-09-11,45969.29296875,3346.5263671875,193.40560913085938,1.1113009452819824,0.24801799654960632,2.7960619926452637,27.65158462524414,185.77748107910156,647.3690185546875,258.77655029296875
2021-09-12,46364.87890625,3462.46826171875,181.56825256347656,1.1272449493408203,0.25479400157928467,2.7831029891967773,29.692262649536133,185.93312072753906,654.80615234375,258.3072204589844
2021-09-13,46598.6796875,3426.502197265625,174.93186950683594,1.1259139776229858,0.25203099846839905,2.5902810096740723,29.899314880371094,233.05685424804688,657.1128540039062,269.7516784667969
2021-09-14,47218.125,3429.169677734375,171.30116271972656,1.0976530313491821,0.24167799949645996,2.432490110397339,30.746164321899414,187.5938262939453,642.188232421875,274.3026428222656
2021-09-15,48450.46875,3615.28271484375,166.17529296875,1.1293209791183472,0.248321995139122,2.578295946121216,31.43668556213379,191.49803161621094,656.120361328125,274.1263122558594
2021-09-16,48486.828125,3673.310791015625,163.12283325195312,1.1292020082473755,0.2477329969406128,2.5129830837249756,32.08250427246094,194.78985595703125,654.2667846679688,273.3236999511719
2021-09-17,48160.921875,3589.30517578125,153.44493103027344,1.1023139953613281,0.259535014629364,2.4417150020599365,30.11134147644043,190.08932495117188,647.0643310546875,267.7103271484375
2021-09-18,48791.78125,3540.8076171875,171.1427764892578,1.0946160554885864,0.2473279982805252,2.435802936553955,29.447355270385742,184.87098693847656,637.3154296875,271.83697509765625
2021-09-19,48328.3671875,3448.322021484375,170.65211486816406,1.082036018371582,0.24128499627113342,2.3918709754943848,28.732501983642578,181.47645568847656,646.6809692382812,275.7742614746094
2021-09-20,47328.19921875,3343.325439453125,153.38766479492188,1.0504059791564941,0.2336059957742691,2.289793014526367,27.42399787902832,175.9052734375,609.2566528320312,261.4012145996094
2021-09-21,43607.609375,3101.697509765625,144.46844482421875,0.9593080282211304,0.21809400618076324,2.2245380878448486,24.33446502685547,162.0477294921875,551.8342895507812,237.56118774414062
2021-09-22,43978.62109375,3089.0830078125,150.94151306152344,1.00935697555542,0.22942300140857697,2.2661819458007812,24.494504928588867,161.9007568359375,547.6450805664062,245.45875549316406
2021-09-23,44942.17578125,3173.544677734375,152.364990234375,1.016471028327942,0.22709499299526215,2.3445630073547363,25.489669799804688,164.5155487060547,553.2644653320312,251.04891967773438
2021-09-24,45080.4921875,3159.64404296875,151.201904296875,1.0031969547271729,0.22826699912548065,2.3449859619140625,25.505033493041992,165.76832580566406,555.3814697265625,254.3813018798828
2021-09-25,42996.2578125,2968.99462890625,144.0725555419922,0.9568579792976379,0.21260400116443634,2.4581079483032227,24.7224178314209,155.52850341796875,522.4804077148438,242.50350952148438
2021-09-26,43919.30078125,3114.857421875,140.7817840576172,0.9566919803619385,0.20906800031661987,2.302443027496338,25.388986587524414,153.4053497314453,518.5611572265625,237.21316528320312
2021-09-27,44313.24609375,3163.6650390625,148.49783325195312,0.981486976146698,0.20928099751472473,2.2715609073638916,25.43740463256836,154.82504272460938,515.192626953125,248.05108642578125
2021-09-28,42775.14453125,2970.7705078125,139.2943572998047,0.942592978477478,0.20257900655269623,2.172157049179077,23.741060256958008,148.44705200195312,499.2173767089844,243.635498046875
2021-09-29,42545.2578125,2946.88134765625,140.03817749023438,0.9903500080108643,0.20414400100708008,2.144665002822876,23.8889102935791,149.6635284423828,497.2633056640625,240.75509643554688
2021-09-30,44092.6015625,3046.51953125,142.85316467285156,0.9640809893608093,0.20580600202083588,2.1340770721435547,24.383441925048828,154.19712829589844,505.7545166015625,254.18612670898438
2021-10-01,48436.01171875,3329.853515625,164.737548828125,1.0639970302581787,0.22460700571537018,2.2740020751953125,26.617813110351562,168.00570678710938,544.8140258789062,261.3913879394531
2021-10-02,48282.0625,3464.83740234375,174.90069580078125,1.0717600584030151,0.2249550074338913,2.32041597366333,27.800233840942383,172.634521484375,560.0099487304688,262.42144775390625
2021-10-03,49130.69140625,3484.605712890625,176.9703369140625,1.0884380340576172,0.2262279987335205,2.307574987411499,28.15077781677246,174.69522094726562,578.4563598632812,263.5313720703125
2021-10-04,49456.77734375,3434.775390625,172.9616241455078,1.0598599910736084,0.24792400002479553,2.2531590461730957,27.651256561279297,170.7590789794922,571.0426025390625,267.14013671875
2021-10-05,51839.984375,3541.45166015625,169.9793701171875,1.0874929428100586,0.26778700947761536,2.256643056869507,27.452245712280273,175.23277282714844,599.6044921875,275.6073303222656
2021-10-06,55568.46484375,3622.55126953125,165.3619842529297,1.1059050559997559,0.27150899171829224,2.2500269412994385,28.15734100341797,182.7165985107422,624.7935180664062,294.0880432128906
2021-10-07,55338.625,3650.01318359375,161.3629913330078,1.0932090282440186,0.2567389905452728,2.3696560859680176,27.649625778198242,186.70028686523438,634.218017578125,295.7828369140625
2021-10-08,55922.98046875,3667.95751953125,168.84637451171875,1.0913699865341187,0.25476399064064026,2.3091769218444824,27.43194007873535,182.8628387451172,617.0116577148438,286.44110107421875
2021-10-09,55397.9453125,3628.2373046875,161.40731811523438,1.2082140445709229,0.2519659996032715,2.297456979751587,27.823101043701172,182.5896453857422,623.489013671875,282.2190856933594
2021-10-10,56401.3046875,3603.244873046875,158.361572265625,1.2276630401611328,0.24866299331188202,2.276211977005005,27.446884155273438,183.83078002929688,622.333740234375,282.5676574707031
2021-10-11,57793.0390625,3622.28955078125,153.921142578125,1.1811039447784424,0.23938100039958954,2.2493550777435303,26.723255157470703,185.08250427246094,617.5758666992188,279.96978759765625
2021-10-12,57627.87890625,3546.477783203125,153.26397705078125,1.1383399963378906,0.2317180037498474,2.173574924468994,25.25246810913086,179.44728088378906,602.1004638671875,280.6697082519531
2021-10-13,57688.66015625,3607.74169921875,155.34799194335938,1.1376899480819702,0.23394300043582916,2.196760892868042,25.61174964904785,179.43910217285156,594.5084838867188,283.15008544921875
2021-10-14,58478.734375,3819.258544921875,155.32974243164062,1.1564229726791382,0.23987999558448792,2.221946954727173,27.79987907409668,185.91506958007812,607.2581176757812,274.7331848144531
2021-10-15,62757.12890625,3895.46630859375,165.12220764160156,1.164330005645752,0.2434689998626709,2.2405691146850586,27.338594436645508,192.36476135253906,636.523681640625,278.9200744628906
2021-10-16,62274.4765625,3962.453125,164.71371459960938,1.185520052909851,0.2444469928741455,2.2477478981018066,28.598087310791016,192.17178344726562,646.348876953125,274.10595703125
2021-10-17,61645.5234375,3914.89794921875,167.42599487304688,1.1399040222167969,0.24197299778461456,2.1876749992370605,27.59567642211914,187.79721069335938,628.5509033203125,268.2718811035156
2021-10-18,62614.66015625,3888.209228515625,162.8562774658203,1.1062190532684326,0.2713940143585205,2.1698899269104004,26.732147216796875,187.1116485595703,619.4867553710938,264.3805236816406
2021-10-19,64434.53515625,3883.9287109375,159.40586853027344,1.0999850034713745,0.25461098551750183,2.155571937561035,26.25593376159668,191.05386352539062,624.5276489257812,260.4262390136719
2021-10-20,66930.390625,4167.47216796875,176.440673828125,1.1529840230941772,0.2615549862384796,2.2061679363250732,27.626245498657227,208.83335876464844,648.3104248046875,265.6032409667969
2021-10-21,66600.546875,4366.08837890625,193.59915161132812,1.1636699438095093,0.2582609951496124,2.296410083770752,29.2020206451416,214.02157592773438,655.6233520507812,274.69866943359375
2021-10-22,63715.0234375,4162.9755859375,214.04444885253906,1.1258790493011475,0.2527720034122467,2.208739995956421,29.999345779418945,201.31959533691406,636.9425659179688,275.22467041015625
2021-10-23,61743.87890625,4171.66357421875,205.6698760986328,1.1023859977722168,0.25314000248908997,2.1747629642486572,31.459808349609375,197.44529724121094,636.7453002929688,269.54473876953125
2021-10-24,61505.8046875,4185.7294921875,204.71910095214844,1.0965529680252075,0.2819350063800812,2.1696829795837402,31.535463333129883,199.4508056640625,633.1553344726562,294.8634948730469
2021-10-25,63729.32421875,4236.6669921875,218.7318878173828,1.1038670539855957,0.2794719934463501,2.1762518882751465,32.90234375,197.3959503173828,628.9171752929688,296.7372131347656
2021-10-26,63229.02734375,4289.13134765625,213.9828643798828,1.158342957496643,0.2743169963359833,2.1995890140533447,33.785301208496094,198.97657775878906,631.3919677734375,293.89208984375
2021-10-27,61435.18359375,4299.15283203125,205.4047393798828,1.1251920461654663,0.2633169889450073,2.154366970062256,33.89748764038086,204.65245056152344,618.8717651367188,283.36138916015625
2021-10-28,62128.6328125,4293.15087890625,201.0453643798828,1.0819389820098877,0.3388429880142212,2.054593086242676,30.833911895751953,194.41094970703125,591.328369140625,271.09124755859375
2021-10-29,62927.609375,4455.7353515625,204.8966064453125,1.0901659727096558,0.3063119947910309,2.044696092605591,31.95136833190918,197.90191650390625,595.694091796875,271.16632080078125
2021-10-30,62330.14453125,4426.8486328125,200.38623046875,1.1142849922180176,0.2946470081806183,2.0169949531555176,31.10163688659668,197.02651977539062,599.8135375976562,269.7530212402344
2021-10-31,62406.171875,4394.44970703125,205.1633758544922,1.1524499654769897,0.2847070097923279,2.0222361087799072,30.590328216552734,194.93223571777344,601.9669799804688,276.2818603515625
2021-11-01,62419.00390625,4377.322265625,211.36083984375,1.13121497631073,0.2855510115623474,2.0153160095214844,31.87141227722168,200.49143981933594,599.212646484375,278.41796875
2021-11-02,64242.79296875,4599.9482421875,222.2330322265625,1.1450940370559692,0.28068599104881287,1.9965399503707886,32.49629592895508,204.24156188964844,608.0208740234375,277.3559265136719
2021-11-03,63516.9375,4664.91015625,246.321533203125,1.2330249547958374,0.277103990316391,2.1446259021759033,32.79161071777344,209.02328491210938,618.8587646484375,275.5375061035156
2021-11-04,63123.2890625,4606.51611328125,250.46633911132812,1.2537280321121216,0.27086499333381653,2.100965976715088,32.10152816772461,207.28309631347656,613.2819213867188,267.1100769042969
2021-11-05,62541.46875,4570.89599609375,248.3839111328125,1.2024040222167969,0.2707889974117279,2.018975019454956,33.69630432128906,203.23916625976562,629.8613891601562,263.22650146484375
2021-11-06,61590.68359375,4530.9970703125,260.0621032714844,1.1733030080795288,0.2676970064640045,2.039940118789673,33.22043991088867,201.1033935546875,602.7744750976562,262.81341552734375
2021-11-07,63326.98828125,4640.921875,258.85009765625,1.2375819683074951,0.2698490023612976,2.0361669063568115,32.61743927001953,202.4279022216797,600.9898071289062,267.2865295410156
2021-11-08,67673.7421875,4822.36328125,253.25418090820312,1.2963780164718628,0.29653200507164,2.138434886932373,34.80741500854492,229.48040771484375,642.2825927734375,275.2532653808594
2021-11-09,68530.3359375,4837.58935546875,253.17982482910156,1.2875779867172241,0.2896679937839508,2.3759140968322754,35.6214599609375,274.27752685546875,729.9756469726562,293.9571838378906
2021-11-10,68789.625,4859.5029296875,247.94703674316406,1.3476619720458984,0.27698901295661926,2.3595221042633057,38.1613883972168,294.5628662109375,729.1342163085938,292.9381103515625
2021-11-11,65579.015625,4778.05908203125,246.4471893310547,1.2532930374145508,0.2699649930000305,2.1525309085845947,36.9344367980957,273.7519226074219,681.4469604492188,271.1937561035156
2021-11-12,65460.81640625,4808.73876953125,238.6956787109375,1.2338809967041016,0.268436998128891,2.102993965148926,35.45466232299805,281.9473876953125,683.9830322265625,267.0063171386719
2021-11-13,64915.67578125,4702.115234375,241.8250274658203,1.2041239738464355,0.26225098967552185,2.0794761180877686,34.56132888793945,263.6808166503906,670.5091552734375,274.8564453125
2021-11-14,65495.1796875,4689.8427734375,242.04489135742188,1.199936032295227,0.2712570130825043,2.0700418949127197,34.415771484375,279.2216796875,678.7594604492188,281.78411865234375
2021-11-15,66281.5703125,4764.63623046875,245.97610473632812,1.2198829650878906,0.26517000794410706,2.094681978225708,34.509891510009766,280.7282409667969,685.637939453125,278.8048400878906
2021-11-16,63721.1953125,4891.70458984375,238.4971466064453,1.1746540069580078,0.25709399580955505,2.0211470127105713,32.1033821105957,263.3050537109375,667.8172607421875,268.4978942871094
2021-11-17,60823.609375,4300.306640625,222.02883911132812,1.113286018371582,0.2409060001373291,1.8933180570602417,29.715818405151367,234.9708709716797,603.4840087890625,244.48452758789062
2021-11-18,60948.5,4343.55712890625,222.87693786621094,1.158331036567688,0.24109099805355072,1.9085129499435425,29.69279670715332,232.0609130859375,601.1182861328125,244.039794921875
2021-11-19,58351.11328125,4311.7138671875,219.3670654296875,1.0991929769515991,0.23683199286460876,1.8944250345230103,28.85319709777832,220.94715881347656,577.7923583984375,239.6666717529297
2021-11-20,59859.87890625,4434.38818359375,221.44534301757812,1.1013959646224976,0.23595300316810608,1.9559149742126465,28.74301528930664,227.61883544921875,587.47705078125,251.96827697753906
2021-11-21,60004.42578125,4422.49169921875,235.2309112548828,1.098078966140747,0.2333499938249588,1.9228689670562744,29.285930633544922,230.3231658935547,585.2957763671875,253.9483642578125
2021-11-22,59266.359375,4302.02294921875,231.90481567382812,1.0699189901351929,0.22753100097179413,1.8398109674453735,29.099523544311523,221.82920837402344,577.0842895507812,251.16806030273438
2021-11-23,57875.515625,4385.4833984375,226.06173706054688,1.0717509984970093,0.23620100319385529,1.8176300525665283,27.54949951171875,218.42584228515625,575.4552612304688,239.1179962158203
2021-11-24,57803.06640625,4376.8759765625,222.4592742919922,1.0745489597320557,0.23024499416351318,1.7523880004882812,27.169527053833008,217.84107971191406,619.0751953125,246.8544464111328
2021-11-25,59367.96875,4550.51806640625,216.4005126953125,1.0646770000457764,0.22880999743938446,1.7488670349121094,27.5596923828125,229.64520263671875,634.3695068359375,250.9213409423828
2021-11-26,59183.48046875,4550.84228515625,210.50457763671875,1.0481369495391846,0.22175900638103485,1.685439944267273,26.57120132446289,224.8620147705078,618.6910400390625,249.55145263671875
2021-11-27,55329.2578125,4187.68408203125,199.364990234375,0.9672769904136658,0.20961299538612366,1.585798978805542,24.969472885131836,200.845458984375,573.629150390625,233.89572143554688
2021-11-28,57393.84375,4297.91650390625,201.6287078857422,0.9697719812393188,0.20747199654579163,1.5985089540481567,24.896841049194336,199.8712158203125,568.4931030273438,239.56869506835938
2021-11-29,58872.87890625,4460.8486328125,212.44580078125,1.002905011177063,0.22369199991226196,1.6361479759216309,25.51533317565918,209.2916259765625,581.1881713867188,240.17002868652344
2021-11-30,59113.40234375,4753.26611328125,218.33938598632812,1.0301209688186646,0.22688999772071838,1.6284029483795166,26.508655548095703,218.3396453857422,586.8980102539062,250.19871520996094
2021-12-01,59041.68359375,4780.732421875,232.38621520996094,1.0182689428329468,0.21849599480628967,1.6223880052566528,26.9204158782959,217.50633239746094,587.0393676757812,242.88211059570312
2021-12-02,57349.234375,4628.919921875,243.11166381835938,0.9909150004386902,0.22301100194454193,1.756862998008728,25.365177154541016,209.8877410888672,572.0972900390625,241.680908203125
2021-12-03,57482.16796875,4647.2890625,239.12210083007812,0.985319972038269,0.21199099719524384,1.7285089492797852,25.880491256713867,207.6363067626953,567.537109375,244.12815856933594
2021-12-04,53904.6796875,4242.7255859375,212.8075408935547,0.9266639947891235,0.2005620002746582,1.55861496925354,23.382211685180664,189.43101501464844,533.978515625,225.62538146972656
2021-12-05,49768.1484375,4246.92333984375,204.6174774169922,0.8637750148773193,0.18113300204277039,1.4365730285644531,20.948781967163086,165.01788330078125,478.35223388671875,206.24530029296875
2021-12-06,50929.51953125,4375.5205078125,197.66302490234375,0.8318639993667603,0.180527001619339,1.43899405002594,19.926729202270508,164.30856323242188,480.6147766113281,203.98916625976562
2021-12-07,51934.78125,4428.58935546875,204.11849975585938,0.8457670211791992,0.1835390031337738,1.4775480031967163,21.158838272094727,165.4556884765625,500.0962219238281,208.39328002929688
2021-12-08,51171.375,4453.1123046875,196.37411499023438,0.8856220245361328,0.18216800689697266,1.4236880540847778,23.102157592773438,169.35586547851562,487.0954284667969,214.10720825195312
2021-12-09,50797.1640625,4482.31396484375,196.6897430419922,0.9305409789085388,0.18188999593257904,1.407884955406189,23.053564071655273,166.9373321533203,483.14862060546875,210.7104034423828
2021-12-10,50015.25390625,4227.11181640625,184.68942260742188,0.8834109902381897,0.17461000382900238,1.3318530321121216,20.884544372558594,159.71279907226562,468.2049865722656,197.36021423339844
2021-12-11,49458.2109375,4095.6484375,173.8984832763672,0.8443099856376648,0.1700800061225891,1.3621569871902466,20.168121337890625,159.4130096435547,461.339599609375,199.85487365722656
2021-12-12,50724.8671875,4173.60888671875,176.6494140625,0.8568210005760193,0.17289899289608002,1.4119600057601929,20.823474884033203,162.48501586914062,462.77520751953125,201.75637817382812
2021-12-13,50205.0,4145.955078125,173.0999298095703,0.8459349870681763,0.17061500251293182,1.357772946357727,20.55698013305664,160.0882110595703,461.13507080078125,199.04904174804688
2021-12-14,48431.3984375,3866.6337890625,161.61827087402344,0.8175889849662781,0.21963199973106384,1.2698760032653809,18.57377052307129,151.633056640625,441.66925048828125,187.29656982421875
2021-12-15,49473.95703125,4086.372802734375,182.51316833496094,0.8400840163230896,0.19114400446414948,1.3292690515518188,19.918025970458984,154.86322021484375,449.31201171875,190.5875701904297
2021-12-16,49425.57421875,4110.36865234375,188.8787078857422,0.8370389938354492,0.18493300676345825,1.3310099840164185,20.310325622558594,156.61610412597656,453.0863342285156,198.83665466308594
2021-12-17,48004.89453125,3992.79248046875,182.3936309814453,0.8285940289497375,0.17655900120735168,1.2586950063705444,19.202302932739258,150.3484649658203,441.0084533691406,188.73974609375
2021-12-18,47313.828125,3993.829833984375,184.37518310546875,0.8346779942512512,0.17487399280071259,1.2672220468521118,19.962373733520508,150.2078857421875,438.7601623535156,185.391845703125
2021-12-19,48089.6640625,4018.658447265625,189.26254272460938,0.848334014415741,0.17437799274921417,1.3093849420547485,20.32924461364746,160.16497802734375,444.7205810546875,185.9943084716797
2021-12-20,47401.71875,3980.0986328125,181.15325927734375,0.9142709970474243,0.17083300650119781,1.2606990337371826,19.201929092407227,157.30357360839844,439.0173645019531,192.98533630371094
2021-12-21,49300.91796875,4058.8212890625,182.41751098632812,0.9608590006828308,0.1723400056362152,1.289425015449524,19.666597366333008,156.4102020263672,440.47845458984375,197.9032745361328
2021-12-22,49544.796875,4073.79150390625,187.4734344482422,0.9728090167045593,0.17958499491214752,1.3667980432510376,20.804752349853516,159.9808349609375,446.3620910644531,194.30201721191406
2021-12-23,51332.33984375,4149.02685546875,193.2760467529297,1.0165590047836304,0.18452200293540955,1.489488959312439,22.218738555908203,165.08154296875,457.7057189941406,214.8984375
2021-12-24,51814.02734375,4134.1064453125,197.15771484375,0.9967250227928162,0.1952899992465973,1.4903470277786255,22.648618698120117,166.69239807128906,460.9842529296875,210.5673828125
2021-12-25,51176.59765625,4138.56494140625,195.14923095703125,0.9339140057563782,0.19487600028514862,1.4607330560684204,22.40900421142578,163.69915771484375,460.563232421875,218.172119140625
2021-12-26,51196.37890625,4105.02392578125,200.64419555664062,0.9340419769287109,0.19254599511623383,1.4683270454406738,23.507705688476562,158.3427734375,456.439453125,217.5685577392578
2021-12-27,51956.328125,4126.00146484375,204.5785675048828,0.9558849930763245,0.19292299449443817,1.5907280445098877,24.459209442138672,161.08070373535156,475.5908508300781,236.5148468017578
2021-12-28,50679.859375,4037.5380859375,195.6216583251953,0.9267560243606567,0.18788500130176544,1.537979006767273,23.0139102935791,155.98207092285156,465.3140563964844,220.90286254882812
2021-12-29,48119.7421875,3827.98193359375,180.5907745361328,0.8650490045547485,0.17733900249004364,1.4361129999160767,20.961029052734375,150.60934448242188,445.1114807128906,218.7349090576172
2021-12-30,47879.96484375,3767.559814453125,175.691162109375,0.8563140034675598,0.17577099800109863,1.3764740228652954,20.418771743774414,149.8709259033203,436.7949523925781,228.21144104003906
2021-12-31,48472.52734375,3807.288818359375,177.35704040527344,0.852940022945404,0.17529399693012238,1.3792020082473755,20.560415267944336,152.25169372558594,436.74212646484375,234.02366638183594
2022-01-01,47827.3125,3769.91796875,178.96224975585938,0.8531979918479919,0.17342300713062286,1.3769750595092773,20.668949127197266,150.7519989013672,445.12042236328125,251.87010192871094
2022-01-02,47881.40625,3836.161865234375,179.43235778808594,0.8635579943656921,0.17598900198936462,1.388754963874817,22.12900161743164,152.93603515625,451.70733642578125,250.69332885742188
2022-01-03,47510.7265625,3836.19873046875,176.3863067626953,0.8591070175170898,0.1744060069322586,1.3775990009307861,23.609920501708984,151.26339721679688,447.8177795410156,239.4595489501953
2022-01-04,47406.546875,3876.78515625,173.735107421875,0.8440759778022766,0.17233900725841522,1.3496819734573364,24.387876510620117,151.33206176757812,438.9859313964844,232.96461486816406
2022-01-05,46929.046875,3842.059814453125,171.11045837402344,0.8355330228805542,0.17074699699878693,1.3508750200271606,27.287588119506836,149.54522705078125,432.0910949707031,224.84283447265625
2022-01-06,43748.71875,3549.708984375,155.10592651367188,0.7892169952392578,0.16170600056648254,1.2945760488510132,25.919742584228516,137.7505340576172,401.9890441894531,207.17864990234375
2022-01-07,43153.5703125,3420.4619140625,150.5209503173828,0.7812700271606445,0.16029499471187592,1.2824079990386963,27.132686614990234,136.52577209472656,400.7229309082031,208.4226531982422
2022-01-08,42228.94140625,3240.304443359375,147.83731079101562,0.7750840187072754,0.1577250063419342,1.2526700496673584,27.177169799804688,134.629150390625,390.9888916015625,197.2926025390625
2022-01-09,42663.94921875,3206.790771484375,145.44041442871094,0.7663210034370422,0.1537420004606247,1.204035997390747,28.511188507080078,132.4771728515625,380.7779541015625,194.30807495117188
2022-01-10,42199.484375,3177.21337890625,143.56336975097656,0.7585129737854004,0.1521349996328354,1.178858995437622,28.38072395324707,131.51531982421875,378.14141845703125,194.16798400878906
2022-01-11,43001.15625,3247.511962890625,143.29904174804688,0.7734609842300415,0.1646209955215454,1.1936149597167969,28.57093620300293,133.20668029785156,374.38616943359375,193.00221252441406
2022-01-12,44135.3671875,3401.219970703125,152.9364776611328,0.8060479760169983,0.16165199875831604,1.30634605884552,27.13182258605957,141.74012756347656,385.31512451171875,200.4586944580078
2022-01-13,44278.421875,3396.9697265625,157.54373168945312,0.8009510040283203,0.17479200661182404,1.3509949445724487,26.77823257446289,142.0492401123047,391.2665710449219,229.2452850341797
2022-01-14,43346.6875,3330.76611328125,150.469482421875,0.789355993270874,0.20323200523853302,1.3065030574798584,25.821067810058594,146.0211944580078,392.7408447265625,230.23892211914062
2022-01-15,43724.671875,3364.537841796875,149.35018920898438,0.788864016532898,0.19359999895095825,1.315587043762207,26.140710830688477,149.92144775390625,392.84881591796875,230.2607879638672
2022-01-16,43436.80859375,3376.401123046875,151.7723388671875,0.7839620113372803,0.1850930005311966,1.4206409454345703,26.266250610351562,148.78028869628906,393.0111999511719,227.565185546875
2022-01-17,43179.390625,3355.8193359375,148.20587158203125,0.7801799774169922,0.17787200212478638,1.5941309928894043,25.598190307617188,153.14288330078125,389.2840881347656,229.6785430908203
2022-01-18,42534.40234375,3236.01611328125,142.46649169921875,0.7680490016937256,0.17378999292850494,1.6312979459762573,24.2893009185791,152.90213012695312,394.5392761230469,217.41554260253906
2022-01-19,42478.3046875,3171.158447265625,142.29408264160156,0.753154993057251,0.16864700615406036,1.5311110019683838,23.109703063964844,142.82635498046875,384.1370849609375,212.2874755859375
2022-01-20,43413.0234375,3265.3369140625,143.61740112304688,0.7615829706192017,0.168845996260643,1.4233380556106567,22.890766143798828,142.53172302246094,383.70672607421875,209.60267639160156
2022-01-21,41060.52734375,3029.0810546875,128.432861328125,0.7282450199127197,0.15715600550174713,1.279778003692627,20.443946838378906,130.82464599609375,359.88275146484375,191.8759307861328
2022-01-22,36688.8125,2615.247314453125,113.58767700195312,0.6517930030822754,0.14502699673175812,1.1521949768066406,17.749223709106445,116.67909240722656,318.03399658203125,174.6005096435547
2022-01-23,36433.3125,2542.144775390625,104.51920318603516,0.633994996547699,0.1430719941854477,1.1648730039596558,16.744186401367188,112.39445495605469,302.6041564941406,158.53501892089844
2022-01-24,37247.51953125,2537.20849609375,99.77051544189453,0.6287699937820435,0.14195099472999573,1.1243380308151245,16.601947784423828,112.19467163085938,302.081787109375,156.62445068359375
2022-01-25,37444.5703125,2498.507080078125,99.70123291015625,0.6212289929389954,0.14723600447177887,1.0720239877700806,15.991530418395996,109.68234252929688,294.0927429199219,147.2145538330078
2022-01-26,38825.41015625,2705.7841796875,103.7215576171875,0.6525490283966064,0.15260300040245056,1.1496479511260986,16.635276794433594,115.78300476074219,312.758056640625,157.95899963378906
2022-01-27,37148.32421875,2510.45166015625,94.05999755859375,0.6235079765319824,0.14500999450683594,1.0787349939346313,15.635826110839844,109.46898651123047,293.70867919921875,149.1735076904297
2022-01-28,37952.87890625,2548.778564453125,93.36466979980469,0.6128609776496887,0.14241300523281097,1.0583430528640747,16.211301803588867,109.83932495117188,296.8013916015625,149.13247680664062
2022-01-29,38576.26171875,2627.609375,98.61104583740234,0.6234059929847717,0.14398400485515594,1.0806139707565308,16.639623641967773,111.85406494140625,301.1580505371094,155.29806518554688
2022-01-30,38266.33984375,2631.408447265625,97.29832458496094,0.6225460171699524,0.14351500570774078,1.0753459930419922,17.999835968017578,112.042724609375,301.1792297363281,154.6794891357422
2022-01-31,38647.26171875,2697.7353515625,100.7250747680664,0.6223139762878418,0.1422639936208725,1.0576039552688599,17.790382385253906,110.9894027709961,290.51416015625,147.98919677734375
2022-02-01,39115.1328125,2802.3154296875,112.9801254272461,0.630316972732544,0.14412899315357208,1.09231698513031,17.78755760192871,116.3658218383789,290.81207275390625,148.0390625
2022-02-02,38834.6171875,2802.212158203125,111.95736694335938,0.6306949853897095,0.1452530026435852,1.1002399921417236,17.32616424560547,115.88226318359375,296.18621826171875,150.1565399169922
2022-02-03,37154.6015625,2712.482666015625,102.66846466064453,0.6076840162277222,0.13874700665473938,1.057224988937378,16.243289947509766,110.28700256347656,279.9759216308594,146.63528442382812
2022-02-04,41527.78515625,2983.5869140625,112.41033172607422,0.656495988368988,0.1475919932126999,1.1356240510940552,17.4454402923584,120.92221069335938,306.16510009765625,165.4447021484375
2022-02-05,41847.1640625,3054.130126953125,118.21311950683594,0.6836820244789124,0.15014000236988068,1.1728849411010742,18.25808334350586,123.39488220214844,327.2886047363281,169.99871826171875
2022-02-06,42500.78515625,3061.26123046875,115.86648559570312,0.6851930022239685,0.1547749936580658,1.1478029489517212,18.117868423461914,127.44550323486328,327.67352294921875,173.88766479492188
2022-02-07,44401.86328125,3182.5283203125,121.55403137207031,0.8341550230979919,0.17158600687980652,1.206853985786438,19.323884963989258,139.24339294433594,343.30523681640625,185.1908721923828
2022-02-08,45293.8671875,3219.47265625,119.96955108642578,0.9111369848251343,0.16914500296115875,1.257815957069397,19.476022720336914,142.35386657714844,355.26422119140625,187.34085083007812
2022-02-09,44727.80078125,3263.15576171875,116.82732391357422,0.9090669751167297,0.16070400178432465,1.2121570110321045,18.731529235839844,140.7852020263672,347.2877197265625,185.6258544921875
2022-02-10,45661.171875,3271.316162109375,114.78842163085938,0.8946149945259094,0.16043700277805328,1.2186670303344727,18.736427307128906,143.23289489746094,361.35870361328125,187.17286682128906
2022-02-11,43810.83203125,3127.45068359375,107.84539031982422,0.8299409747123718,0.15406900644302368,1.162572979927063,17.796588897705078,135.0928497314453,341.8083801269531,181.20127868652344
2022-02-12,42992.55078125,2980.079345703125,99.55365753173828,0.8488379716873169,0.14701299369335175,1.0914069414138794,16.357929229736328,127.5803451538086,329.4959411621094,175.00320434570312
2022-02-13,42693.0546875,2947.776611328125,97.20621490478516,0.8442999720573425,0.15735399723052979,1.0709439516067505,16.30121612548828,128.6428985595703,339.2978515625,175.07188415527344
2022-02-14,42775.77734375,2957.963623046875,97.74172973632812,0.8104739785194397,0.15013200044631958,1.0527809858322144,16.074268341064453,126.63776397705078,336.77294921875,177.15650939941406
2022-02-15,44667.21875,3185.520751953125,105.29197692871094,0.8558570146560669,0.15219900012016296,1.1133660078048706,17.362409591674805,132.11190795898438,344.24432373046875,183.23304748535156
2022-02-16,44578.27734375,3181.616943359375,105.34634399414062,0.8523769974708557,0.1518239974975586,1.1105409860610962,17.35198211669922,131.76744079589844,343.2312927246094,183.57958984375
2022-02-17,44132.97265625,3154.615234375,102.6329345703125,0.8441330194473267,0.1498890072107315,1.0915119647979736,17.412431716918945,128.73141479492188,336.1327819824219,180.6645965576172
2022-02-18,40929.15234375,2937.30859375,96.20182037353516,0.8039050102233887,0.14209699630737305,1.0413110256195068,16.013790130615234,121.5430679321289,318.5943908691406,166.64569091796875
2022-02-19,40418.87890625,2826.347900390625,92.54096221923828,0.8498160243034363,0.145906001329422,1.0178539752960205,15.602683067321777,116.9888687133789,315.8446044921875,165.27789306640625
2022-02-20,40119.890625,2763.756591796875,93.32028198242188,0.8226720094680786,0.14119699597358704,0.9976289868354797,15.521750450134277,115.70782470703125,312.1766052246094,161.46743774414062
2022-02-21,39394.4375,2752.45849609375,95.90409088134766,0.7997499704360962,0.14134499430656433,0.9862470030784607,15.265115737915039,114.31229400634766,309.8935852050781,161.4632568359375
2022-02-22,38359.85546875,2648.916748046875,87.16397857666016,0.7251909971237183,0.13169600069522858,0.8937559723854065,14.13685131072998,107.60649871826172,294.4523620605469,151.19187927246094
2022-02-23,39122.39453125,2741.368408203125,92.73844146728516,0.7389230132102966,0.1353369951248169,0.9554309844970703,14.582829475402832,110.81077575683594,304.37713623046875,155.9081573486328
2022-02-24,38968.83984375,2689.047607421875,92.2793960571289,0.7128909826278687,0.1278509944677353,0.8823419809341431,13.754166603088379,106.20594024658203,308.0292663574219,149.57913208007812
2022-02-25,39630.32421875,2821.972412109375,94.7778091430664,0.7689030170440674,0.12818099558353424,0.9065409898757935,14.455963134765625,110.33592987060547,311.1617126464844,155.70556640625
2022-02-26,40005.34765625,2849.424072265625,94.60433197021484,0.7881870269775391,0.1300709992647171,0.9282960295677185,14.892526626586914,113.2392578125,322.1429443359375,159.8669891357422
2022-02-27,39778.94140625,2831.12548828125,91.98943328857422,0.7648730278015137,0.12823499739170074,0.9126759767532349,14.817864418029785,109.87517547607422,320.5884704589844,159.44619750976562
2022-02-28,43760.45703125,2929.180419921875,101.04179382324219,0.7883219718933105,0.13447900116443634,0.9676129817962646,15.116470336914062,113.47457885742188,337.12200927734375,170.36367797851562
2022-03-01,44793.6015625,3029.651611328125,101.55915832519531,0.8006349802017212,0.13773000240325928,1.0054030418395996,15.68760871887207,115.579833984375,342.29681396484375,179.64414978027344
2022-03-02,45077.578125,3026.8681640625,105.98477172851562,0.7848910093307495,0.1362140029668808,0.9736289978027344,15.812703132629395,114.24375915527344,330.6590881347656,180.9727783203125
2022-03-03,44021.578125,2964.67333984375,101.4272689819336,0.7839249968528748,0.13364900648593903,0.9440789818763733,15.335022926330566,112.50371551513672,321.2419128417969,180.77349853515625
2022-03-04,42479.61328125,2835.17626953125,95.7081298828125,0.7530519962310791,0.12985600531101227,0.9030500054359436,14.928227424621582,112.35623168945312,315.1760559082031,179.15696716308594
2022-03-05,39566.3359375,2679.1025390625,91.03617858886719,0.7660850286483765,0.12537500262260437,0.8809400200843811,14.227136611938477,105.35140991210938,294.9566955566406,165.77366638183594
2022-03-06,39640.17578125,2673.63720703125,89.8653793334961,0.7583839893341064,0.12561100721359253,0.87049800157547,14.094637870788574,105.60908508300781,295.8532409667969,173.1067657470703
2022-03-07,39430.2265625,2639.943115234375,86.48308563232422,0.7516679763793945,0.12256299704313278,0.845475971698761,13.616474151611328,103.66204071044922,290.431884765625,162.6953125
2022-03-08,39304.44140625,2618.166015625,84.77989959716797,0.7292870283126831,0.11972399801015854,0.8191480040550232,13.51270866394043,102.16033172607422,288.90673828125,205.31239318847656
2022-03-09,42465.671875,2761.79638671875,89.48204803466797,0.7698889970779419,0.1237339973449707,0.8614310026168823,14.358392715454102,109.04586029052734,316.09930419921875,206.91160583496094
2022-03-10,42004.7265625,2729.116455078125,88.45394897460938,0.7754999995231628,0.12161199748516083,0.8505759835243225,14.079368591308594,106.97227478027344,308.7500915527344,192.2301483154297
2022-03-11,40081.6796875,2664.55859375,84.05066680908203,0.8083329796791077,0.11829300224781036,0.8171470165252686,13.582839012145996,106.56657409667969,293.6310119628906,179.2727508544922
2022-03-12,39308.59765625,2606.438720703125,82.66375732421875,0.8459619879722595,0.11723899841308594,0.8008009791374207,13.427348136901855,107.76637268066406,293.79644775390625,186.34768676757812
2022-03-13,39209.3515625,2594.5498046875,82.8830337524414,0.8036320209503174,0.11623100191354752,0.8190249800682068,13.397594451904297,107.20188903808594,295.2715759277344,194.1896514892578
2022-03-14,39742.5,2604.034423828125,82.09930419921875,0.7759349942207336,0.11896699666976929,0.8120750188827515,13.401471138000488,105.77667236328125,289.5464782714844,186.26918029785156
2022-03-15,39794.62890625,2662.32958984375,85.5193099975586,0.7758110165596008,0.1142129972577095,0.8156219720840454,13.753413200378418,108.43423461914062,292.1330261230469,190.76565551757812
2022-03-16,41465.453125,2781.30712890625,87.90362548828125,0.7936149835586548,0.116907998919487,0.8386319875717163,14.70619010925293,111.36539459228516,300.9913635253906,192.87832641601562
2022-03-17,41287.53515625,2826.16064453125,90.75728607177734,0.8005679845809937,0.118709996342659,0.8558800220489502,14.872303009033203,111.42870330810547,300.35723876953125,191.47686767578125
2022-03-18,42195.74609375,2973.6162109375,91.84861755371094,0.7991120219230652,0.11937499791383743,0.8588799834251404,15.218111038208008,112.78976440429688,306.26458740234375,196.3300018310547
2022-03-19,42316.5546875,2979.987060546875,94.36089324951172,0.825232982635498,0.1245729997754097,0.9129210114479065,15.370284080505371,116.3732681274414,327.6200866699219,201.7642059326172
2022-03-20,42241.1640625,2956.965576171875,92.43592071533203,0.8208140134811401,0.12391900271177292,0.9146029949188232,15.087616920471191,117.76000213623047,331.2483215332031,204.5090789794922
2022-03-21,41454.41015625,2954.556640625,91.0119857788086,0.8511260151863098,0.12133199721574783,0.9275990128517151,15.21841812133789,116.62821197509766,339.6693420410156,195.4440460205078
2022-03-22,43124.70703125,3040.3828125,93.76680755615234,0.8629260063171387,0.1253499984741211,0.9850329756736755,15.810006141662598,123.14498901367188,384.0221862792969,197.96250915527344
2022-03-23,42893.5078125,3036.752197265625,96.05184173583984,0.8441460132598877,0.13071300089359283,1.1074819564819336,15.887228965759277,124.09307098388672,382.5113220214844,197.43617248535156
2022-03-24,44131.85546875,3118.3876953125,103.45579528808594,0.8493279814720154,0.14060500264167786,1.185750961303711,16.37179946899414,127.2931900024414,366.9442443847656,204.33001708984375
2022-03-25,44999.4921875,3183.9580078125,104.58296203613281,0.8440849781036377,0.13727499544620514,1.1638150215148926,16.420242309570312,127.09410095214844,372.9959716796875,204.6819305419922
2022-03-26,44735.99609375,3146.825439453125,103.19357299804688,0.8343070149421692,0.13649499416351318,1.1572309732437134,15.89773941040039,125.3609390258789,365.9286193847656,209.615478515625
2022-03-27,46827.546875,3291.57763671875,107.29871368408203,0.857375979423523,0.1448580026626587,1.1833950281143188,16.84952735900879,129.39747619628906,376.5453796386719,215.6236572265625
2022-03-28,48086.8359375,3424.019287109375,113.17594909667969,0.9080860018730164,0.15273700654506683,1.242864966392517,17.30991554260254,132.4124755859375,384.6416320800781,221.39395141601562
2022-03-29,48022.2890625,3470.186279296875,115.27571868896484,0.8844410181045532,0.14855900406837463,1.2393579483032227,17.44858169555664,131.78604125976562,382.9936828613281,225.3838653564453
2022-03-30,47655.1484375,3435.2861328125,124.6050033569336,0.8712790012359619,0.1449970006942749,1.216668963432312,17.51236915588379,133.9067840576172,385.494873046875,223.01744079589844
2022-03-31,47512.02734375,3435.12841796875,128.93011474609375,0.8708660006523132,0.14722000062465668,1.2263200283050537,17.988101959228516,132.77642822265625,389.41424560546875,223.2079620361328
2022-04-01,46616.2421875,3467.555908203125,137.55841064453125,0.8336780071258545,0.14239400625228882,1.1729730367660522,17.3363037109375,125.9663314819336,388.40826416015625,221.84417724609375
2022-04-02,47028.28125,3521.28466796875,143.02001953125,0.8485999703407288,0.14406900107860565,1.193843960762024,17.831132888793945,128.0952911376953,382.1118469238281,222.70921325683594
2022-04-03,47313.4765625,3573.960205078125,140.26370239257812,0.8501539826393127,0.14855800569057465,1.1985429525375366,18.289655685424805,129.3058319091797,380.6925048828125,218.72372436523438
2022-04-04,46791.08984375,3535.148193359375,137.63351440429688,0.8429520130157471,0.15531200170516968,1.2403579950332642,18.091960906982422,128.90708923339844,379.0590515136719,223.78964233398438
2022-04-05,47106.140625,3546.706787109375,136.18284606933594,0.8332870006561279,0.17804500460624695,1.2173930406570435,17.609939575195312,127.07330322265625,380.6648254394531,228.2527313232422
2022-04-06,45544.35546875,3411.672119140625,127.28115844726562,0.8184049725532532,0.1734970062971115,1.1716070175170898,16.772916793823242,123.24894714355469,366.5812072753906,224.09500122070312
2022-04-07,43860.69921875,3263.474609375,119.76071166992188,0.7894840240478516,0.14802800118923187,1.0984690189361572,15.844579696655273,114.8778305053711,339.69671630859375,227.8763427734375
2022-04-08,43903.01953125,3301.607421875,122.25411987304688,0.7929850220680237,0.1527159959077835,1.097432017326355,15.883589744567871,115.08161926269531,337.9695739746094,227.1461181640625
2022-04-09,42786.81640625,3261.963134765625,113.1148910522461,0.7660620212554932,0.1444620043039322,1.0450750589370728,15.436914443969727,112.78964233398438,327.1612854003906,244.22674560546875
2022-04-10,43376.37890625,3303.003173828125,115.8083267211914,0.7724660038948059,0.1569720059633255,1.0680299997329712,15.90619945526123,114.36927032470703,331.9846496582031,244.30422973632812
2022-04-11,42424.58984375,3214.4619140625,111.83113861083984,0.7564219832420349,0.15129199624061584,1.0306710004806519,15.340743064880371,111.15314483642578,320.9681396484375,243.3118438720703
2022-04-12,40617.5859375,3077.45263671875,109.11756134033203,0.7215920090675354,0.14412200450897217,0.9808549880981445,14.30019760131836,105.67218780517578,306.8673400878906,248.3323974609375
2022-04-13,41430.0546875,3123.575439453125,105.67684936523438,0.7247589826583862,0.14260800182819366,0.9781529903411865,14.183897972106934,110.66858673095703,347.1517333984375,238.4623260498047
2022-04-14,41451.48046875,3139.9287109375,107.32963562011719,0.7401549816131592,0.14663299918174744,0.9836239814758301,14.303465843200684,112.1144790649414,352.00177001953125,239.99696350097656
2022-04-15,40617.72265625,3044.287353515625,102.67264556884766,0.7936800122261047,0.14928700029850006,0.9579880237579346,14.165397644042969,112.62550354003906,344.1576232910156,239.70639038085938
2022-04-16,40633.6796875,3074.886962890625,103.27172088623047,0.7971289753913879,0.14781099557876587,0.9610810279846191,14.220606803894043,114.53565216064453,346.595458984375,239.33302307128906
2022-04-17,40570.7265625,3075.77587890625,105.2945556640625,0.7844079732894897,0.1447090059518814,0.96151202917099,14.589380264282227,114.96900939941406,348.1711730957031,242.76004028320312
2022-04-18,40986.3203125,3062.52099609375,102.51702880859375,0.7681940197944641,0.1404609978199005,0.9373679757118225,14.040467262268066,111.32576751708984,340.13873291015625,266.7681884765625
2022-04-19,41672.9609375,3125.084228515625,108.58203125,0.7801910042762756,0.14414100348949432,0.954662024974823,14.375018119812012,113.99000549316406,342.07427978515625,267.93524169921875
2022-04-20,42126.30078125,3157.8857421875,110.72297668457031,0.7750549912452698,0.1462409943342209,0.9747350215911865,14.465887069702148,113.92158508300781,344.3811950683594,270.0395812988281
2022-04-21,42893.58203125,3173.451416015625,109.76532745361328,0.7647619843482971,0.14244799315929413,0.969452977180481,14.346668243408203,114.22015380859375,344.4654541015625,288.8209533691406
2022-04-22,40777.7578125,3024.8544921875,103.4981460571289,0.7381619811058044,0.1379079967737198,0.9237409830093384,13.852831840515137,108.34490203857422,333.2689208984375,287.3214111328125
2022-04-23,39935.859375,2975.32275390625,102.77123260498047,0.7246689796447754,0.13649499416351318,0.910614013671875,13.643616676330566,107.1333236694336,322.3563537597656,278.7943420410156
2022-04-24,39845.92578125,2961.882080078125,102.21668243408203,0.7118300199508667,0.13469000160694122,0.8978549838066101,13.608301162719727,105.93083953857422,314.4516906738281,268.7864074707031
2022-04-25,40491.75390625,3018.41552734375,101.44058990478516,0.6989399790763855,0.1677349954843521,0.9017069935798645,13.487024307250977,104.75668334960938,315.2762145996094,259.40673828125
2022-04-26,40713.890625,3026.4150390625,101.74248504638672,0.7040960192680359,0.16527800261974335,0.9011369943618774,13.476839065551758,105.1731948852539,321.27362060546875,263.73516845703125
2022-04-27,39397.91796875,2911.87744140625,100.54492950439453,0.6613770127296448,0.14540499448776245,0.8539419770240784,12.760887145996094,101.74410247802734,308.77313232421875,235.70765686035156
2022-04-28,40269.46484375,2973.135009765625,100.40122985839844,0.6553440093994141,0.14261800050735474,0.8520619869232178,12.961967468261719,104.09369659423828,311.8598937988281,237.47654724121094
2022-04-29,39887.26953125,2943.44580078125,98.56856536865234,0.645609974861145,0.14464299380779266,0.8486999869346619,12.714529991149902,104.0232162475586,308.4897155761719,235.02479553222656
2022-04-30,38771.2109375,2836.82763671875,94.92884826660156,0.6271420121192932,0.13652800023555756,0.8170480132102966,12.220436096191406,101.41122436523438,297.3978576660156,233.25120544433594
2022-05-01,38627.859375,2838.704345703125,92.43013000488281,0.6102319955825806,0.13482099771499634,0.7994250059127808,11.452871322631836,99.78279876708984,287.123779296875,227.3307342529297
2022-05-02,39074.97265625,2874.14599609375,90.69336700439453,0.6293100118637085,0.1337829977273941,0.7958179712295532,11.418230056762695,101.51068115234375,288.77410888671875,216.08242797851562
2022-05-03,38629.99609375,2859.193359375,88.68785858154297,0.6250830292701721,0.1318330019712448,0.7985889911651611,11.422041893005371,101.26874542236328,288.95782470703125,215.34193420410156
2022-05-04,39902.94921875,2956.686767578125,92.93719482421875,0.6478449702262878,0.1358090043067932,0.8976609706878662,12.146651268005371,106.80409240722656,299.85614013671875,225.1816864013672
2022-05-05,39789.28125,2948.960693359375,95.03282165527344,0.655036985874176,0.13731299340724945,0.9041110277175903,12.239242553710938,106.71279907226562,302.2406005859375,229.32327270507812
2022-05-06,36624.359375,2754.837646484375,84.64693450927734,0.6134819984436035,0.12930500507354736,0.7983149886131287,10.992020606994629,98.20873260498047,277.5096130371094,217.41587829589844
2022-05-07,36129.92578125,2696.65283203125,82.1807861328125,0.6038399934768677,0.1319199949502945,0.7851160168647766,10.817171096801758,97.03630828857422,277.1395263671875,222.90977478027344
2022-05-08,35502.94140625,2638.83056640625,79.2837905883789,0.5826339721679688,0.12801699340343475,0.7638689875602722,10.345457077026367,95.5822982788086,269.1800537109375,221.6311492919922
2022-05-09,34222.07421875,2528.258056640625,76.98309326171875,0.5759940147399902,0.12513600289821625,0.753233015537262,10.144326210021973,94.77955627441406,265.9736328125,220.55691528320312
2022-05-10,32596.30859375,2450.76025390625,73.7598876953125,0.5352990031242371,0.11777500063180923,0.6985200047492981,9.28757381439209,84.61721801757812,243.73402404785156,189.1067657470703
2022-05-11,32013.40234375,2441.079345703125,68.11722564697266,0.5216230154037476,0.11056499928236008,0.657571017742157,8.781096458435059,82.39093017578125,248.0335235595703,171.27023315429688
2022-05-12,30032.439453125,2170.4580078125,53.65938949584961,0.42648300528526306,0.089028000831604,0.5454980134963989,7.313296794891357,69.25701904296875,223.55630493164062,154.58920288085938
2022-05-13,30924.802734375,2139.71337890625,55.90211486816406,0.462336003780365,0.09425400197505951,0.6010879874229431,7.6599531173706055,72.84160614013672,219.50782775878906,154.98760986328125
2022-05-14,30192.802734375,2063.429931640625,53.06116485595703,0.4395039975643158,0.09159799665212631,0.5542250275611877,7.402194976806641,69.99917602539062,235.14346313476562,154.59707641601562
2022-05-15,31308.19140625,2147.1943359375,58.87806701660156,0.447613000869751,0.09284300357103348,0.5978839993476868,7.941104888916016,71.5303726196289,215.27967834472656,172.48629760742188
2022-05-16,31305.341796875,2145.8369140625,58.80391311645508,0.44756901264190674,0.09306100010871887,0.6084650158882141,7.9511799812316895,71.51973724365234,214.56582641601562,174.61563110351562
2022-05-17,30694.490234375,2113.059814453125,58.03807067871094,0.4390920102596283,0.09111200273036957,0.5978860259056091,7.93930196762085,73.51004028320312,212.22921752929688,177.20187377929688
2022-05-18,30618.716796875,2102.32666015625,57.69771957397461,0.4412670135498047,0.09079699963331223,0.5844990015029907,7.782838821411133,74.03701782226562,208.4884033203125,175.4417724609375
2022-05-19,30430.751953125,2028.38818359375,53.617488861083984,0.4223630130290985,0.08712399750947952,0.5442489981651306,7.2307939529418945,72.20411682128906,197.90283203125,169.359375
2022-05-20,30664.9765625,2054.7958984375,53.43804168701172,0.4375059902667999,0.08775000274181366,0.5434110164642334,7.3242950439453125,72.90673828125,199.6910858154297,180.9513397216797
2022-05-21,29588.869140625,1985.39599609375,51.055049896240234,0.4172559976577759,0.08511000126600266,0.5363900065422058,7.09395694732666,70.42964935302734,195.16111755371094,180.60716247558594
2022-05-22,30425.861328125,2047.19140625,53.02165985107422,0.4243369996547699,0.08647999912500381,0.547016978263855,7.372898101806641,72.30361938476562,201.89329528808594,187.82115173339844
2022-05-23,30590.5859375,2080.33349609375,54.474647521972656,0.42783498764038086,0.08810999989509583,0.5578050017356873,7.6444621086120605,73.74264526367188,206.6263885498047,199.35560607910156
2022-05-24,29774.35546875,1991.5355224609375,50.57752227783203,0.41328901052474976,0.08431699872016907,0.5242589712142944,7.273584842681885,70.5352783203125,196.72628784179688,196.02841186523438
2022-05-25,30157.78515625,2014.3695068359375,50.4423713684082,0.4129660129547119,0.0843380019068718,0.5314620137214661,7.367349147796631,71.43646240234375,199.9034423828125,204.68763732910156
2022-05-26,29834.16015625,1962.171142578125,48.551021575927734,0.4101189970970154,0.0835999995470047,0.5201079845428467,7.071606159210205,68.71247863769531,192.41976928710938,205.31285095214844
2022-05-27,29346.943359375,1814.656494140625,43.81364822387695,0.4012799859046936,0.08538399636745453,0.48287099599838257,6.683801174163818,63.928550720214844,183.50697326660156,190.3993377685547
2022-05-28,28814.900390625,1757.9417724609375,44.65801239013672,0.3881149888038635,0.08304800093173981,0.46744900941848755,6.608084201812744,62.68661117553711,179.71566772460938,183.9105682373047
2022-05-29,29498.009765625,1818.776611328125,45.386253356933594,0.38949599862098694,0.08303400129079819,0.48184099793434143,6.730378150939941,64.26547241210938,185.54791259765625,188.052734375
2022-05-30,31949.630859375,2005.2108154296875,47.93682861328125,0.41870200634002686,0.0882750004529953,0.5749559998512268,7.494534015655518,69.29692840576172,197.12765502929688,208.47084045410156
2022-05-31,32249.86328125,2005.490966796875,48.03899002075195,0.42967599630355835,0.08822999894618988,0.6823130249977112,7.7024688720703125,69.56275177001953,206.28138732910156,207.546142578125
2022-06-01,31957.28515625,1965.1666259765625,45.946659088134766,0.42511799931526184,0.08864700049161911,0.6299769878387451,7.737067222595215,70.07642364501953,208.09840393066406,202.98464965820312
2022-06-02,30604.734375,1845.31396484375,41.32786560058594,0.40666401386260986,0.08300700038671494,0.5958110094070435,7.222725868225098,64.6100082397461,189.4698486328125,203.55523681640625
2022-06-03,30633.03515625,1840.058837890625,41.433345794677734,0.4094400107860565,0.08285699784755707,0.6032900214195251,7.2060770988464355,64.7627182006836,191.07615661621094,202.55648803710938
2022-06-04,29930.564453125,1810.2996826171875,39.040428161621094,0.39346298575401306,0.08233699947595596,0.5705699920654297,7.396269798278809,64.20510864257812,189.28114318847656,195.44854736328125
2022-06-05,30117.744140625,1825.859619140625,39.995296478271484,0.3993369936943054,0.08213800191879272,0.5795530080795288,7.757662773132324,63.78080749511719,189.80963134765625,191.64697265625
2022-06-06,31693.291015625,1915.030517578125,44.450618743896484,0.408486008644104,0.08455900102853775,0.643451988697052,8.12834358215332,66.29419708251953,188.61239624023438,195.08119201660156
2022-06-07,31489.68359375,1862.9149169921875,42.449310302734375,0.4164769947528839,0.08252999931573868,0.64199298620224,8.862457275390625,65.3266830444336,187.6691436767578,195.05868530273438
2022-06-08,31253.69140625,1830.676025390625,40.52680587768555,0.4098930060863495,0.08141999691724777,0.6660990118980408,8.895214080810547,64.25390625,182.739013671875,189.46829223632812
2022-06-09,30609.310546875,1827.2930908203125,41.72376251220703,0.40360701084136963,0.08089800179004669,0.6552159786224365,9.510599136352539,62.28816604614258,180.2599639892578,189.50340270996094
2022-06-10,30245.80859375,1797.6077880859375,40.769779205322266,0.4099160134792328,0.07952100038528442,0.635083019733429,9.446919441223145,60.21354293823242,176.4984130859375,186.08836364746094
2022-06-11,29401.916015625,1679.314208984375,37.843257904052734,0.3880560100078583,0.07639899849891663,0.613660991191864,8.388423919677734,57.678855895996094,169.53611755371094,177.86181640625
2022-06-12,28502.685546875,1539.705078125,34.2285041809082,0.3646950125694275,0.07034499943256378,0.5599300265312195,7.124019145965576,52.59090042114258,157.9407196044922,166.7679901123047
2022-06-13,26795.58984375,1448.738037109375,30.91798210144043,0.3488770127296448,0.06570199877023697,0.49646300077438354,6.3355817794799805,48.21331787109375,148.12445068359375,159.14212036132812
2022-06-14,23018.951171875,1252.4718017578125,31.610319137573242,0.32352399826049805,0.05815400183200836,0.5174030065536499,6.759265899658203,46.132015228271484,132.9969482421875,133.81163024902344
2022-06-15,22642.671875,1236.6275634765625,34.565528869628906,0.3448309898376465,0.06347200274467468,0.536791980266571,7.325584888458252,50.64122009277344,129.956298828125,119.1222152709961
2022-06-16,22868.921875,1246.140625,35.71171951293945,0.3453730046749115,0.06297700107097626,0.5440170168876648,7.439241886138916,50.88089370727539,129.63330078125,120.79164123535156
2022-06-17,21243.3125,1112.4715576171875,32.00886917114258,0.3385379910469055,0.05791100114583969,0.5027390122413635,6.681856155395508,48.25876235961914,121.19572448730469,116.15589141845703
2022-06-18,20736.041015625,1095.1668701171875,31.838632583618164,0.32571399211883545,0.0577550008893013,0.49466899037361145,6.44793176651001,48.20722579956055,123.31108856201172,115.36248016357422
2022-06-19,20683.822265625,1142.3408203125,35.16057586669922,0.3304769992828369,0.06247200071811676,0.4872260093688965,6.771440029144287,55.684326171875,122.2614974975586,114.92887115478516
2022-06-20,20913.322265625,1159.9853515625,36.76423645019531,0.3280470073223114,0.061156999319791794,0.5079650282859802,7.2296671867370605,54.37226486206055,124.16808319091797,117.62457275390625
2022-06-21,21620.62890625,1185.4324951171875,38.804771423339844,0.3360629975795746,0.06932400166988373,0.5097280144691467,7.51121187210083,55.45185852050781,122.5783920288086,124.92267608642578
2022-06-22,20835.75,1126.26171875,36.704681396484375,0.32905998826026917,0.06575100123882294,0.4809960126876831,6.996027946472168,53.57326889038086,119.24260711669922,118.8779296875
2022-06-23,21135.76171875,1146.4942626953125,38.347354888916016,0.3360759913921356,0.06461499631404877,0.48222100734710693,7.051574230194092,56.43814468383789,117.71651458740234,122.71647644042969
2022-06-24,21472.91796875,1238.616943359375,42.72931671142578,0.3846589922904968,0.06816200166940689,0.5088160037994385,7.407026767730713,56.961769104003906,120.70429229736328,128.66793823242188
2022-06-25,21520.9140625,1246.394287109375,42.490692138671875,0.3722819983959198,0.06911200284957886,0.5069429874420166,7.354170799255371,59.52711868286133,115.9377670288086,127.9722671508789
2022-06-26,21783.724609375,1272.1312255859375,42.34132385253906,0.3737320005893707,0.07696600258350372,0.5240370035171509,7.4360809326171875,60.300819396972656,118.95384216308594,133.7880096435547
2022-06-27,21478.08984375,1234.1807861328125,41.082157135009766,0.36599200963974,0.0783889964222908,0.5076149702072144,6.975704193115234,58.51468276977539,116.63211059570312,130.496337890625
2022-06-28,21164.423828125,1229.739013671875,39.7059326171875,0.3552669882774353,0.07295099645853043,0.4965440034866333,7.1139349937438965,56.72005081176758,112.5249252319336,122.97918701171875
2022-06-29,20364.15625,1152.684814453125,35.96923065185547,0.3411029875278473,0.07133500277996063,0.4759159982204437,6.464076042175293,54.23308181762695,107.16561889648438,124.53569793701172
2022-06-30,20141.16015625,1103.6904296875,34.045753479003906,0.3314580023288727,0.0695130005478859,0.46673598885536194,6.267037868499756,53.736392974853516,104.67221069335938,119.45452117919922
2022-07-01,20632.671875,1100.223876953125,35.230743408203125,0.333077996969223,0.06786199659109116,0.4703119993209839,6.398651123046875,55.61848831176758,105.5563735961914,116.70523834228516
2022-07-02,19371.748046875,1073.0526123046875,33.93459701538086,0.31701400876045227,0.06769199669361115,0.46059200167655945,6.256488800048828,51.41740036010742,106.81431579589844,118.8564453125
2022-07-03,19558.26953125,1083.4189453125,33.57749938964844,0.32524698972702026,0.06735599786043167,0.45888200402259827,6.227151870727539,51.498252868652344,107.24630737304688,117.41252136230469
2022-07-04,20258.748046875,1152.94384765625,36.8065071105957,0.32910001277923584,0.06960500031709671,0.4732089936733246,6.436119079589844,52.282711029052734,108.14682006835938,124.13319396972656
2022-07-05,20635.466796875,1165.6827392578125,36.87248992919922,0.33015599846839905,0.06984099745750427,0.47067299485206604,6.530323028564453,52.33161544799805,108.28050231933594,124.99287414550781
2022-07-06,20595.529296875,1193.63671875,37.47623062133789,0.3330250084400177,0.06905800104141235,0.4642910063266754,6.398843765258789,50.592315673828125,106.87326049804688,126.68756866455078
2022-07-07,21771.81640625,1246.8948974609375,39.11948013305664,0.34352099895477295,0.07112400233745575,0.4819450080394745,6.732624053955078,52.406734466552734,112.03264617919922,131.38861083984375
2022-07-08,22314.94140625,1262.8857421875,39.352840423583984,0.3565090000629425,0.07300899922847748,0.49091699719429016,6.799308776855469,53.74789810180664,112.83290100097656,133.5478973388672
2022-07-09,21877.138671875,1228.7679443359375,38.79253387451172,0.34704700112342834,0.07000900059938431,0.484264999628067,6.565051078796387,54.49441909790039,112.79811096191406,128.9249267578125
2022-07-10,21591.080078125,1216.9044189453125,38.071083068847656,0.3449299931526184,0.06950899958610535,0.4794290065765381,6.502923965454102,54.881256103515625,111.55611419677734,129.15737915039062
2022-07-11,20856.353515625,1169.19384765625,36.69319534301758,0.32856300473213196,0.0672679990530014,0.4631809890270233,6.408665180206299,52.16533660888672,107.10580444335938,132.6571502685547
2022-07-12,20043.4453125,1097.2591552734375,34.501243591308594,0.3176009953022003,0.06286100298166275,0.44090598821640015,6.214405059814453,49.12919235229492,100.62295532226562,129.18310546875
2022-07-13,20223.052734375,1113.587158203125,34.939666748046875,0.32507601380348206,0.0620109997689724,0.4397299885749817,6.177943229675293,49.56312561035156,102.34386444091797,125.5420913696289
2022-07-14,20789.89453125,1202.953369140625,37.22102355957031,0.3332209885120392,0.0626320019364357,0.4444189965724945,6.362946033477783,51.504188537597656,103.8016586303711,134.7840118408203
2022-07-15,21138.244140625,1275.7781982421875,38.85118103027344,0.3462100028991699,0.06425900012254715,0.45155999064445496,6.408965110778809,52.44595718383789,106.52957153320312,141.17164611816406
2022-07-16,21514.404296875,1377.944580078125,40.08470153808594,0.35530000925064087,0.06472499668598175,0.45792698860168457,6.590450763702393,55.255428314208984,110.36827087402344,143.76513671875
2022-07-17,21600.640625,1378.41748046875,40.96872329711914,0.359919011592865,0.06539399921894073,0.4650610089302063,6.686875820159912,56.83445358276367,115.11505126953125,141.92056274414062
2022-07-18,22633.033203125,1578.7178955078125,43.746158599853516,0.368833988904953,0.0686739981174469,0.49724599719047546,7.107564926147461,59.00438690185547,121.6329116821289,148.4845733642578
2022-07-19,23666.962890625,1607.0330810546875,47.09938049316406,0.37598899006843567,0.06989999860525131,0.5245940089225769,7.351061820983887,59.19778060913086,129.118408203125,148.83193969726562
2022-07-20,24196.818359375,1612.645751953125,46.09572982788086,0.38106000423431396,0.07657399773597717,0.5460000038146973,7.542949199676514,61.46427917480469,130.63555908203125,153.0906982421875
2022-07-21,23388.322265625,1595.761962890625,43.91940689086914,0.3679560124874115,0.0707319974899292,0.5014479756355286,7.033629894256592,58.519569396972656,123.77478790283203,152.59007263183594
2022-07-22,23671.927734375,1641.209228515625,44.22321701049805,0.3708379864692688,0.07126999646425247,0.5106430053710938,7.262417793273926,59.097774505615234,128.55946350097656,153.25912475585938
2022-07-23,22977.2109375,1591.632568359375,41.826377868652344,0.362619012594223,0.06933200359344482,0.5175319910049438,7.014700889587402,57.15965270996094,126.58251190185547,151.20367431640625
2022-07-24,22974.001953125,1654.4287109375,42.021121978759766,0.36656200885772705,0.06885399669408798,0.5340740084648132,7.22807502746582,59.61155700683594,134.43792724609375,153.7682342529297
2022-07-25,22649.12109375,1605.3369140625,41.04818344116211,0.3601840138435364,0.06787999719381332,0.5148119926452637,7.126420021057129,58.794830322265625,132.61695861816406,152.0443878173828
2022-07-26,21361.12109375,1445.151123046875,36.715423583984375,0.3378159999847412,0.06251200288534164,0.47660401463508606,6.466142177581787,54.353599548339844,119.27522277832031,151.02049255371094
2022-07-27,22986.529296875,1636.7994384765625,40.39472961425781,0.35912999510765076,0.06702099740505219,0.5105530023574829,6.855407238006592,58.95100402832031,127.09700012207031,162.77471923828125
2022-07-28,24110.470703125,1774.576416015625,44.07329559326172,0.37773799896240234,0.07057700306177139,0.5229480266571045,7.270936012268066,63.92095947265625,157.46539306640625,165.98802185058594
2022-07-29,24294.787109375,1759.884033203125,44.2287483215332,0.37909600138664246,0.07200399786233902,0.5440840125083923,8.080802917480469,64.30512237548828,163.60162353515625,165.9728240966797
2022-07-30,24572.580078125,1738.016845703125,46.47602462768555,0.40793898701667786,0.07390999794006348,0.5512179732322693,8.182770729064941,63.77112579345703,153.79617309570312,163.36671447753906
2022-07-31,24121.642578125,1745.8831787109375,45.05152893066406,0.39787501096725464,0.07202800363302231,0.5425360202789307,8.044997215270996,62.79286193847656,149.796630859375,159.63259887695312
2022-08-01,23464.787109375,1700.1708984375,43.11629104614258,0.38539600372314453,0.07072100043296814,0.5257329940795898,7.859982967376709,60.570430755615234,141.9862518310547,161.37664794921875
2022-08-02,23415.041015625,1672.6297607421875,42.33211135864258,0.3914799988269806,0.06889600306749344,0.5146099925041199,7.6275248527526855,59.72209167480469,138.50747680664062,161.604248046875
2022-08-03,23578.650390625,1678.0982666015625,40.73065185546875,0.37683001160621643,0.06831999868154526,0.5157430171966553,7.607055187225342,60.00974655151367,141.9907989501953,163.7978973388672
2022-08-04,23198.009765625,1658.5115966796875,39.67987823486328,0.37459099292755127,0.06750199943780899,0.510420024394989,7.52058219909668,60.375362396240234,138.2927703857422,162.76683044433594
2022-08-05,23422.828125,1732.254638671875,41.174652099609375,0.3778989911079407,0.07011699676513672,0.5184270143508911,7.864871025085449,62.40865707397461,141.2279815673828,162.17355346679688
2022-08-06,23326.5625,1744.326416015625,40.84541320800781,0.37706100940704346,0.07099899649620056,0.5214679837226868,8.056251525878906,62.433921813964844,143.03077697753906,164.94808959960938
2022-08-07,23359.009765625,1724.7891845703125,41.49406814575195,0.3767240047454834,0.06989900022745132,0.5366640090942383,8.322843551635742,61.940494537353516,143.64678955078125,170.9781494140625
2022-08-08,24203.689453125,1806.886474609375,43.53985595703125,0.3841420114040375,0.07205799967050552,0.5484070181846619,8.744956016540527,63.9603385925293,147.62362670898438,169.3727264404297
2022-08-09,23898.615234375,1786.12255859375,42.702392578125,0.3796660006046295,0.07388599961996078,0.5370849967002869,8.845670700073242,62.782325744628906,144.24505615234375,171.438232421875
2022-08-10,24127.4140625,1869.400634765625,42.61181640625,0.3810650110244751,0.07130900025367737,0.5378860235214233,9.277164459228516,62.17228317260742,143.08645629882812,169.5743408203125
2022-08-11,24822.62890625,1927.939208984375,45.12477111816406,0.3851099908351898,0.0746460035443306,0.5465980172157288,9.191803932189941,63.256103515625,148.02745056152344,169.07147216796875
2022-08-12,24412.56640625,1957.552978515625,45.37518310546875,0.3805379867553711,0.07248000055551529,0.5414419770240784,9.433210372924805,62.962833404541016,143.33905029296875,166.56405639648438
2022-08-13,24860.05078125,2013.7557373046875,48.18428421020508,0.38603800535202026,0.07485999912023544,0.5663920044898987,9.443099975585938,65.3356704711914,146.7890625,168.23741149902344
2022-08-14,24974.9140625,2022.79150390625,47.96087646484375,0.3909299969673157,0.08401300013065338,0.5938979983329773,9.328932762145996,65.62770080566406,147.0292205810547,169.33602905273438
2022-08-15,25135.58984375,2007.2103271484375,47.127540588378906,0.38478100299835205,0.08182000368833542,0.5810099840164185,9.036210060119629,65.17250061035156,143.22703552246094,169.1687469482422
2022-08-16,24228.416015625,1910.745361328125,44.1871223449707,0.37762901186943054,0.08863899856805801,0.5692669749259949,8.798547744750977,61.54142761230469,138.1951141357422,174.11094665527344
2022-08-17,24407.05859375,1951.6756591796875,44.633087158203125,0.39089301228523254,0.08811300247907639,0.579925000667572,8.717686653137207,64.56123352050781,144.3354949951172,170.49598693847656
2022-08-18,23563.83203125,1876.376953125,41.607303619384766,0.3808619976043701,0.08208700269460678,0.5429829955101013,8.225582122802734,61.56446075439453,136.1018829345703,170.6441650390625
2022-08-19,23213.3125,1847.0953369140625,39.54132843017578,0.3709689974784851,0.07518299669027328,0.5126979947090149,7.682405948638916,60.10254669189453,129.2770538330078,161.10760498046875
2022-08-20,21350.806640625,1652.21875,37.223209381103516,0.3423829972743988,0.07096099853515625,0.4629789888858795,7.182308197021484,55.569393157958984,118.07477569580078,149.6954345703125
2022-08-21,21668.845703125,1640.9365234375,36.98236846923828,0.3481670022010803,0.0706460028886795,0.47227799892425537,7.161334037780762,55.935054779052734,120.40933227539062,157.23385620117188
2022-08-22,21531.462890625,1622.77880859375,36.52580642700195,0.3452819883823395,0.0694890022277832,0.46353599429130554,7.087028980255127,57.2607421875,122.9104232788086,154.66729736328125
2022-08-23,21646.203125,1666.676513671875,36.05042266845703,0.34769099950790405,0.06916899979114532,0.46880999207496643,7.302295207977295,57.5816650390625,135.31658935546875,155.78045654296875
2022-08-24,21783.076171875,1686.5577392578125,36.286067962646484,0.3521359860897064,0.06941500306129456,0.46660101413726807,7.334590911865234,57.46327209472656,138.1152801513672,154.78701782226562
2022-08-25,21789.63671875,1718.1832275390625,36.42266845703125,0.3513660132884979,0.07157900184392929,0.47341498732566833,7.359222888946533,57.36817169189453,132.39479064941406,155.32676696777344
2022-08-26,21804.908203125,1698.56103515625,35.58013153076172,0.36956799030303955,0.06929600238800049,0.48163899779319763,7.1446661949157715,57.95991134643555,130.66729736328125,155.24440002441406
2022-08-27,20340.775390625,1517.1500244140625,32.20508575439453,0.3402490019798279,0.06406500190496445,0.4507949948310852,6.596444129943848,53.28228759765625,118.13255310058594,145.71762084960938
2022-08-28,20139.0546875,1505.7919921875,32.12961196899414,0.33716100454330444,0.06426800042390823,0.45340099930763245,6.617247104644775,55.6735725402832,119.71598052978516,149.24342346191406
2022-08-29,20357.462890625,1556.3095703125,32.520748138427734,0.33379700779914856,0.06398200243711472,0.45204898715019226,6.713137149810791,56.5727424621582,119.71881103515625,152.95584106445312
2022-08-30,20542.64453125,1600.461181640625,33.072635650634766,0.33548200130462646,0.06440799683332443,0.4625459909439087,6.807119846343994,56.06769561767578,120.51405334472656,152.8245849609375
2022-08-31,20420.990234375,1612.35888671875,32.87642288208008,0.33361300826072693,0.06333299726247787,0.4627789855003357,6.857229232788086,55.09647750854492,117.72820281982422,152.44448852539062
2022-09-01,20198.390625,1593.082763671875,31.709314346313477,0.33319398760795593,0.06247900053858757,0.45850199460983276,6.906227111816406,57.57414627075195,117.07291412353516,154.63844299316406
2022-09-02,20401.568359375,1643.1832275390625,32.358829498291016,0.3349339962005615,0.06271199882030487,0.46563899517059326,7.195792198181152,62.07897186279297,119.71156311035156,154.6265869140625
2022-09-03,20037.009765625,1579.454345703125,31.23231315612793,0.33255699276924133,0.06360100209712982,0.4848169982433319,6.954608917236328,61.95997619628906,118.58085632324219,154.71205139160156
2022-09-04,19999.689453125,1578.00927734375,32.13935089111328,0.33252599835395813,0.06371399760246277,0.5058280229568481,7.2397308349609375,60.91429138183594,118.1373519897461,156.2200164794922
2022-09-05,20031.16015625,1621.661376953125,32.37053298950195,0.3332349956035614,0.06363999843597412,0.5053390264511108,7.373016834259033,61.32762908935547,125.90435791015625,157.87045288085938
2022-09-06,20155.26953125,1680.5953369140625,33.78529739379883,0.34261998534202576,0.06464199721813202,0.5111560225486755,7.4958930015563965,62.34904861450195,127.47740173339844,159.74334716796875
2022-09-07,19427.171875,1651.0511474609375,32.89689636230469,0.3384400010108948,0.06145000085234642,0.4816190004348755,7.129893779754639,58.10066223144531,119.15929412841797,152.05958557128906
2022-09-08,19417.3515625,1655.0640869140625,33.796051025390625,0.34260299801826477,0.06129299849271774,0.4814310073852539,7.485748767852783,58.4691162109375,129.3760223388672,152.42652893066406
2022-09-09,21439.41015625,1735.809814453125,35.79993438720703,0.35756000876426697,0.06462199985980988,0.5029379725456238,8.068074226379395,61.653663635253906,138.0015869140625,159.7201690673828
2022-09-10,21760.275390625,1784.497802734375,35.36214065551758,0.3612470030784607,0.0652410015463829,0.5234929919242859,7.994568824768066,64.44889831542969,134.4551544189453,161.6771240234375
2022-09-11,21770.552734375,1782.7298583984375,35.89952087402344,0.35953399538993835,0.0651869997382164,0.5191500186920166,8.074114799499512,64.26847839355469,133.1195831298828,159.21371459960938
2022-09-12,22439.181640625,1778.1634521484375,38.1690788269043,0.3594450056552887,0.06519400328397751,0.5188620090484619,8.205896377563477,62.94322967529297,132.4580078125,164.8344268798828
2022-09-13,22673.8203125,1745.779052734375,38.870384216308594,0.35964301228523254,0.06398099660873413,0.5075240135192871,7.9092559814453125,67.06636810302734,133.22250366210938,165.23948669433594
2022-09-14,20467.201171875,1642.1572265625,34.28319549560547,0.34389299154281616,0.06142500042915344,0.485709011554718,7.514469146728516,60.84946823120117,120.5330581665039,151.71498107910156
2022-09-15,20318.166015625,1648.9456787109375,34.715267181396484,0.3424609899520874,0.0612110011279583,0.48140600323677063,7.5545430183410645,60.608158111572266,122.60118103027344,151.6728515625
2022-09-16,19870.62890625,1480.564208984375,33.203125,0.35713401436805725,0.060423001646995544,0.4741300046443939,7.77003812789917,56.75113296508789,120.5905532836914,149.41726684570312
2022-09-17,20162.53125,1473.0604248046875,33.84817886352539,0.37888801097869873,0.06231499835848808,0.48772600293159485,8.111810684204102,58.34921646118164,123.08463287353516,151.888671875
2022-09-18,20127.234375,1469.7054443359375,33.954715728759766,0.39694100618362427,0.062210001051425934,0.48962101340293884,8.11257266998291,57.821388244628906,122.25377655029297,148.97653198242188
2022-09-19,19639.48046875,1388.272216796875,32.9898567199707,0.3914949893951416,0.058743998408317566,0.45568498969078064,7.657934188842773,53.63090515136719,113.0849838256836,141.74156188964844
2022-09-20,19602.45703125,1381.9656982421875,32.79011154174805,0.42152100801467896,0.06026199832558632,0.4540709853172302,7.321587085723877,53.530235290527344,114.54669952392578,143.226806640625
2022-09-21,19674.630859375,1384.4769287109375,33.13396072387695,0.42832499742507935,0.060478001832962036,0.46184200048446655,7.266077995300293,55.26560592651367,118.52194213867188,144.87619018554688
2022-09-22,19456.91015625,1336.1578369140625,32.807044982910156,0.49122899770736694,0.05983800068497658,0.46549901366233826,7.13597297668457,53.88665771484375,116.62836456298828,144.16851806640625
2022-09-23,19464.671875,1353.288330078125,33.90916442871094,0.552282989025116,0.06403200328350067,0.4791080057621002,7.470164775848389,55.22101593017578,120.22712707519531,146.1371612548828
2022-09-24,19310.197265625,1346.2552490234375,34.69917678833008,0.5150150060653687,0.06797300279140472,0.4670960009098053,7.838726997375488,55.630455017089844,121.75325012207031,143.90847778320312
2022-09-25,19134.732421875,1333.371337890625,33.98523712158203,0.518314003944397,0.06367900222539902,0.46177300810813904,8.044041633605957,54.27486801147461,118.33419036865234,144.52757263183594
2022-09-26,19274.873046875,1335.5263671875,33.881507873535156,0.4998610019683838,0.06179700046777725,0.45026999711990356,7.928506851196289,53.624149322509766,117.07710266113281,146.1057586669922
2022-09-27,20338.455078125,1396.8914794921875,35.23724365234375,0.4852280020713806,0.06293100118637085,0.46249398589134216,8.361769676208496,55.31169128417969,120.15240478515625,152.89202880859375
2022-09-28,19688.34375,1351.9644775390625,33.74109649658203,0.45437899231910706,0.06103900074958801,0.44251400232315063,8.487457275390625,53.66436767578125,115.55818176269531,147.94187927246094
2022-09-29,19589.265625,1348.107666015625,34.338314056396484,0.5029749870300293,0.06103599816560745,0.4383679926395416,7.903052806854248,53.956153869628906,117.5637435913086,149.1473388671875
2022-09-30,20109.849609375,1368.743408203125,35.13334655761719,0.4959869980812073,0.06204000115394592,0.4405440092086792,7.9022908210754395,54.98878860473633,124.2698974609375,150.6378631591797
2022-10-01,19471.154296875,1332.5164794921875,33.22508239746094,0.48351699113845825,0.06280600279569626,0.43623098731040955,7.635414123535156,53.70939636230469,120.72686767578125,150.23434448242188
2022-10-02,19370.30859375,1316.330078125,32.99811935424805,0.4774340093135834,0.0609080009162426,0.43229401111602783,7.527274131774902,53.39273452758789,118.35503387451172,141.817626953125
2022-10-03,19653.54296875,1326.554443359375,33.20492935180664,0.4675680100917816,0.06046700105071068,0.4286009967327118,7.343180179595947,54.23301696777344,116.3698501586914,141.7223663330078
2022-10-04,20380.34375,1364.970947265625,34.34199905395508,0.4845980107784271,0.06625200062990189,0.4372200071811676,7.814188003540039,55.60553741455078,121.86060333251953,147.5297088623047
2022-10-05,20343.748046875,1362.4517822265625,34.31154251098633,0.499330997467041,0.06646499782800674,0.43622100353240967,7.924385070800781,55.304988861083984,123.32848358154297,148.0692901611328
2022-10-06,20408.392578125,1380.4049072265625,34.45728302001953,0.504086971282959,0.06661800295114517,0.4366840124130249,7.924415111541748,54.993560791015625,123.50678253173828,152.5147705078125
2022-10-07,20041.0859375,1359.328125,33.72856903076172,0.5216460227966309,0.06371700018644333,0.43031901121139526,7.774411201477051,53.78902816772461,120.09689331054688,149.3389434814453
2022-10-08,19601.6953125,1335.954833984375,33.04252624511719,0.5279020071029663,0.06257600337266922,0.42676201462745667,7.642691135406494,53.49382019042969,118.26995849609375,148.2549285888672
2022-10-09,19542.5390625,1327.6688232421875,33.10311508178711,0.5414159893989563,0.062341999262571335,0.424001008272171,7.64442777633667,53.910037994384766,118.26921081542969,148.95733642578125
2022-10-10,19515.466796875,1335.6627197265625,33.339454650878906,0.537319004535675,0.0624690018594265,0.42626500129699707,7.704925060272217,54.36719512939453,117.91719818115234,147.70787048339844
2022-10-11,19241.9609375,1296.27392578125,31.966032028198242,0.5008909702301025,0.06065300107002258,0.40173500776290894,7.380251884460449,52.74837875366211,112.2020263671875,145.1111297607422
2022-10-12,19203.19921875,1303.0751953125,31.460229873657227,0.4947350025177002,0.06086599826812744,0.395018994808197,7.259040832519531,52.86455154418945,112.31439208984375,146.71670532226562
2022-10-13,19453.328125,1297.564208984375,31.18108558654785,0.4890959858894348,0.060159001499414444,0.38200899958610535,7.153892993927002,52.44142532348633,112.67304992675781,145.24021911621094
2022-10-14,19889.146484375,1339.7447509765625,31.909656524658203,0.5095369815826416,0.06094300001859665,0.3885340094566345,7.2375168800354,52.482601165771484,111.62824249267578,145.93870544433594
2022-10-15,19212.541015625,1300.7459716796875,30.151254653930664,0.4896700084209442,0.05956700071692467,0.36936700344085693,6.969837188720703,51.612220764160156,109.21321868896484,141.76046752929688
2022-10-16,19389.603515625,1312.634521484375,30.44472885131836,0.4871029853820801,0.059415001422166824,0.3744179904460907,7.209513187408447,51.72751235961914,110.83837890625,143.4807891845703
2022-10-17,19635.802734375,1335.6478271484375,31.263992309570312,0.4812619984149933,0.06005699932575226,0.375328004360199,7.364247798919678,52.0576286315918,111.3413314819336,145.0267333984375
2022-10-18,19666.994140625,1339.0859375,31.411191940307617,0.48335400223731995,0.06077300012111664,0.3739030063152313,7.355862140655518,52.15135955810547,111.34130859375,148.03939819335938
2022-10-19,19348.416015625,1312.4423828125,30.21255111694336,0.466390997171402,0.060679998248815536,0.36219900846481323,7.128212928771973,51.964622497558594,108.8679428100586,148.4620819091797
2022-10-20,19315.19921875,1307.8551025390625,29.43212127685547,0.4637860059738159,0.06023700162768364,0.35550400614738464,6.900876045227051,51.958187103271484,108.72136688232422,148.42431640625
2022-10-21,19237.384765625,1305.081298828125,28.24317169189453,0.46109798550605774,0.059526000171899796,0.34957700967788696,6.827141761779785,51.774085998535156,107.24495697021484,143.24964904785156
2022-10-22,19248.068359375,1317.10107421875,28.144390106201172,0.47005999088287354,0.059845998883247375,0.3539870083332062,6.919462203979492,52.46562194824219,110.21695709228516,142.95672607421875
2022-10-23,19646.65234375,1367.7607421875,29.331539154052734,0.47100600600242615,0.06037899851799011,0.36329999566078186,7.076757907867432,53.95036697387695,110.90238189697266,144.90338134765625
2022-10-24,19589.125,1368.425537109375,29.4139461517334,0.47098198533058167,0.06081400066614151,0.36458998918533325,7.077613830566406,54.16692352294922,111.04734802246094,144.7443389892578
2022-10-25,20348.412109375,1509.9854736328125,32.19131088256836,0.47101399302482605,0.06404899805784225,0.41418901085853577,7.252595901489258,56.69667053222656,113.90664672851562,146.4371795654297
2022-10-26,20938.134765625,1584.63671875,31.837549209594727,0.4702509939670563,0.07327400147914886,0.4102120101451874,7.2711567878723145,57.4550895690918,116.09902954101562,147.97767639160156
2022-10-27,20854.044921875,1574.4034423828125,32.20396423339844,0.48045599460601807,0.08482500165700912,0.41426798701286316,7.3436689376831055,56.6036262512207,116.72188568115234,149.8443145751953
2022-10-28,20724.98046875,1568.6339111328125,32.448707580566406,0.4746739864349365,0.08790100365877151,0.4107449948787689,7.192223072052002,55.39767074584961,116.00935363769531,148.18959045410156
2022-10-29,20988.39453125,1652.3822021484375,33.739139556884766,0.4816659986972809,0.1493919938802719,0.4357289969921112,7.62319803237915,57.38797378540039,120.25391387939453,149.3289337158203
2022-10-30,20917.005859375,1637.037841796875,33.479278564453125,0.4725100100040436,0.1416569948196411,0.4211589992046356,7.902490139007568,57.30467987060547,119.95218658447266,150.29443359375
2022-10-31,20795.3203125,1630.452880859375,34.307743072509766,0.46611401438713074,0.13024500012397766,0.4151740074157715,8.273307800292969,56.294715881347656,117.61257934570312,150.6700897216797
2022-11-01,20647.2890625,1606.605712890625,33.32598114013672,0.46640101075172424,0.15720300376415253,0.4144349992275238,7.907289981842041,55.830039978027344,116.37054443359375,151.0286102294922
2022-11-02,20742.810546875,1613.41064453125,32.83482360839844,0.4652999937534332,0.14739100635051727,0.4077480137348175,7.963852882385254,62.11707305908203,121.1754379272461,151.22265625
2022-11-03,20382.095703125,1556.7596435546875,32.14349365234375,0.4593620002269745,0.1359899938106537,0.3984470069408417,7.969922065734863,64.2907943725586,119.702392578125,150.27748107910156
2022-11-04,21209.560546875,1661.334716796875,34.10426330566406,0.5051109790802002,0.12859900295734406,0.4253070056438446,8.82374382019043,69.36846160888672,124.08401489257812,158.3204803466797
2022-11-05,21446.88671875,1660.4864501953125,38.54962158203125,0.5071030259132385,0.13514499366283417,0.43621399998664856,8.95098876953125,71.28485107421875,125.38790893554688,161.86282348632812
2022-11-06,21345.376953125,1634.1324462890625,36.90202713012695,0.49429601430892944,0.12670199573040009,0.4302760064601898,8.75299072265625,70.4658432006836,123.99832916259766,160.39442443847656
2022-11-07,21053.24609375,1604.475341796875,33.0675048828125,0.4791699945926666,0.1185770034790039,0.41574299335479736,9.195428848266602,72.61084747314453,119.266845703125,159.3182373046875
2022-11-08,20664.607421875,1574.7998046875,31.06096839904785,0.4666289985179901,0.11229600012302399,0.4134860038757324,9.370527267456055,68.26932525634766,118.59906005859375,157.0534210205078
2022-11-09,18590.458984375,1335.7435302734375,24.159435272216797,0.40985798835754395,0.09109599888324738,0.3752500116825104,7.838143825531006,59.548316955566406,103.76367950439453,139.6894073486328
2022-11-10,18054.3125,1341.7911376953125,18.67563819885254,0.40045100450515747,0.09325599670410156,0.37656301259994507,7.448554039001465,61.0633430480957,105.60553741455078,134.50559997558594
2022-11-11,17650.943359375,1302.2952880859375,18.13648223876953,0.3976829946041107,0.09186500310897827,0.37303200364112854,7.29903507232666,63.74396514892578,106.03107452392578,134.32666015625
2022-11-12,17066.67578125,1288.15087890625,16.40843391418457,0.3841800093650818,0.09399399906396866,0.3558340072631836,7.022933006286621,61.48381423950195,102.86994171142578,129.59616088867188
2022-11-13,16920.765625,1271.7125244140625,14.660887718200684,0.36875900626182556,0.09113699942827225,0.3448689877986908,6.512321949005127,60.19234848022461,103.2238540649414,131.00885009765625
2022-11-14,17109.32421875,1284.2176513671875,14.88998794555664,0.3778989911079407,0.09077399969100952,0.34055599570274353,6.3903961181640625,59.03120040893555,104.37651824951172,130.43963623046875
2022-11-15,17051.962890625,1283.19873046875,14.969862937927246,0.3959369957447052,0.088919997215271,0.3441289961338043,6.632349967956543,59.43242645263672,105.89313507080078,132.5089111328125
2022-11-16,16960.294921875,1264.486328125,14.56210708618164,0.3902609944343567,0.090658999979496,0.3439300060272217,6.540194988250732,59.97846603393555,109.08802032470703,132.60223388671875
2022-11-17,16726.439453125,1224.9656982421875,14.463689804077148,0.3847860097885132,0.08695399761199951,0.3340280055999756,6.324176788330078,62.91094970703125,105.08018493652344,133.0964813232422
2022-11-18,16947.05859375,1226.7374267578125,13.790632247924805,0.3863759934902191,0.0865039974451065,0.3321560025215149,6.384612083435059,63.61214065551758,105.4571533203125,134.4386444091797
2022-11-19,16797.876953125,1227.8372802734375,13.255352973937988,0.38744398951530457,0.0849049985408783,0.3316879868507385,6.209248065948486,64.29181671142578,105.96793365478516,134.51492309570312
2022-11-20,16746.779296875,1224.0777587890625,13.416733741760254,0.3935849964618683,0.08568199723958969,0.3307340145111084,6.23275089263916,64.51478576660156,107.28529357910156,134.36785888671875
2022-11-21,16291.2236328125,1142.395751953125,12.257597923278809,0.3671959936618805,0.07718800008296967,0.3126220107078552,5.869119167327881,63.187744140625,106.98649597167969,135.0936737060547
2022-11-22,16253.0478515625,1136.442626953125,12.465627670288086,0.3776730000972748,0.07896299660205841,0.315869003534317,6.4243621826171875,70.49604034423828,109.03255462646484,134.0811004638672
2022-11-23,16638.193359375,1184.997314453125,14.40245532989502,0.3817889988422394,0.08312799781560898,0.31916600465774536,6.777371883392334,81.56343841552734,118.60111236572266,136.85385131835938
2022-11-24,16771.474609375,1211.62744140625,14.854009628295898,0.40397700667381287,0.08366599678993225,0.3206849992275238,6.9233269691467285,79.03105163574219,118.03813934326172,137.2584686279297
2022-11-25,16603.31640625,1203.7994384765625,14.581172943115234,0.41690999269485474,0.09098999947309494,0.3168269991874695,6.955313205718994,78.85713958740234,116.01782989501953,138.09622192382812
2022-11-26,16666.86328125,1227.0380859375,14.887808799743652,0.4122759997844696,0.09474000334739685,0.3218970000743866,7.2477240562438965,79.24798583984375,115.53800201416016,139.22113037109375
2022-11-27,16594.40625,1220.3494873046875,14.409465789794922,0.4079110026359558,0.10643299669027328,0.31919100880622864,7.234347820281982,78.89019012451172,113.37995147705078,139.5777587890625
2022-11-28,16482.93359375,1198.7376708984375,14.145076751708984,0.3987790048122406,0.09932699799537659,0.31378498673439026,7.282071113586426,75.28052520751953,111.90184020996094,137.05165100097656
2022-11-29,16522.2578125,1222.1641845703125,13.897473335266113,0.40297600626945496,0.10471200197935104,0.3123700022697449,7.484158992767334,77.37468719482422,112.78677368164062,139.63540649414062
2022-11-30,17190.9375,1302.0386962890625,14.219449996948242,0.41081398725509644,0.10894200205802917,0.32062798738479614,7.722124099731445,79.78611755371094,114.20293426513672,142.3827667236328
2022-12-01,17197.498046875,1295.9998779296875,14.15432357788086,0.40898099541664124,0.10738100111484528,0.31946200132369995,7.776895999908447,79.94892120361328,113.59993743896484,144.748046875
2022-12-02,17088.66015625,1294.3033447265625,13.773052215576172,0.39758598804473877,0.10326000303030014,0.31984201073646545,7.698988914489746,77.95706939697266,112.01112365722656,146.37049865722656
2022-12-03,17116.041015625,1299.84033203125,13.730709075927734,0.3964180052280426,0.10282299667596817,0.3255949914455414,7.613798141479492,77.95121765136719,111.9885482788086,148.1871337890625
2022-12-04,17157.767578125,1281.4923095703125,13.724018096923828,0.3928239941596985,0.10526400059461594,0.32365700602531433,7.446814060211182,77.21934509277344,111.70801544189453,147.3599090576172
2022-12-05,17378.15234375,1302.237548828125,14.135319709777832,0.39460301399230957,0.11101199686527252,0.3287560045719147,7.572995185852051,83.82389068603516,116.64049530029297,145.7794647216797
2022-12-06,17091.86328125,1271.9232177734375,14.32291316986084,0.39225998520851135,0.10262700170278549,0.3208560049533844,7.326529026031494,81.64342498779297,112.0383529663086,145.94143676757812
2022-12-07,17109.376953125,1272.694091796875,14.310629844665527,0.3920910060405731,0.10095000267028809,0.3190059959888458,7.137811183929443,80.21939086914062,112.52519226074219,144.18128967285156
2022-12-08,17267.916015625,1286.229736328125,13.75301742553711,0.3950139880180359,0.09887400269508362,0.31564798951148987,7.050512790679932,78.54460144042969,112.1712646484375,148.39613342285156
2022-12-09,17280.546875,1290.055419921875,13.979891777038574,0.3949289917945862,0.09908600151538849,0.31627601385116577,7.04099702835083,78.56754302978516,112.14392852783203,149.2224578857422
2022-12-10,17216.826171875,1279.5279541015625,13.69578742980957,0.38931700587272644,0.09735599905252457,0.31480100750923157,6.90778923034668,77.32261657714844,110.4372329711914,150.70864868164062
2022-12-11,17245.634765625,1281.783203125,13.778305053710938,0.3885340094566345,0.09709300100803375,0.3149070143699646,6.945766925811768,78.26119232177734,109.90103149414062,151.9121551513672
2022-12-12,17212.564453125,1275.6103515625,13.458085060119629,0.3887520134449005,0.09300500154495239,0.3078080117702484,6.714347839355469,76.625244140625,106.69380950927734,151.94187927246094
2022-12-13,17930.0859375,1341.4393310546875,14.057649612426758,0.3960849940776825,0.09437999874353409,0.31804800033569336,7.012321949005127,79.5179672241211,110.9366455078125,152.787841796875
2022-12-14,18318.53125,1346.1744384765625,14.887666702270508,0.3952530026435852,0.09223999828100204,0.31520599126815796,6.937373161315918,78.9631576538086,110.9014663696289,152.34124755859375
2022-12-15,17846.744140625,1311.067138671875,14.467164039611816,0.38666099309921265,0.08876200020313263,0.3084929883480072,6.729551792144775,75.47409057617188,109.8188705444336,149.72084045410156
2022-12-16,17505.525390625,1278.156982421875,14.145011901855469,0.3796299993991852,0.08673100173473358,0.301146000623703,6.532924175262451,73.45869445800781,107.76815795898438,149.33792114257812
2022-12-17,16800.58984375,1189.0450439453125,12.511940956115723,0.35641801357269287,0.0793749988079071,0.2672480046749115,6.041706085205078,67.53433227539062,103.14740753173828,143.93753051757812
2022-12-18,16815.38671875,1194.2144775390625,12.568931579589844,0.35495999455451965,0.079865001142025,0.27068498730659485,6.04965877532959,65.63925170898438,103.25364685058594,145.9651336669922
2022-12-19,16807.52734375,1192.923828125,12.566923141479492,0.35255300998687744,0.07934200018644333,0.2692889869213104,6.043170928955078,64.83087158203125,102.84908294677734,145.66726684570312
2022-12-20,17012.984375,1224.0926513671875,12.436450004577637,0.3528220057487488,0.07524699717760086,0.2614690065383911,6.100415229797363,65.95455169677734,102.25901794433594,147.54345703125
2022-12-21,16916.80078125,1218.1922607421875,12.279061317443848,0.350151002407074,0.0749640017747879,0.2592009902000427,6.031951904296875,66.65327453613281,102.17839813232422,148.7784423828125
2022-12-22,16866.673828125,1221.98681640625,12.168594360351562,0.3497900068759918,0.07736200094223022,0.2567630112171173,6.023396015167236,66.5145492553711,101.36163330078125,147.86236572265625
2022-12-23,16905.21875,1226.998779296875,12.084675788879395,0.3545460104942322,0.0786380022764206,0.2623080015182495,6.043664932250977,66.59639739990234,102.5707778930664,146.6488494873047
2022-12-24,16864.703125,1224.91162109375,11.7862548828125,0.35430198907852173,0.07797600328922272,0.2603900134563446,5.959383010864258,66.01224517822266,102.63886260986328,144.0745086669922
2022-12-25,16860.5546875,1223.517822265625,11.534026145935059,0.35218799114227295,0.0776439979672432,0.25990501046180725,5.986300945281982,69.36314392089844,102.005859375,145.48355102539062
2022-12-26,16920.123046875,1226.974365234375,11.453410148620605,0.36910301446914673,0.07636100053787231,0.2653070092201233,6.038186073303223,70.8349380493164,103.42463684082031,147.21937561035156
2022-12-27,16959.845703125,1230.4180908203125,11.390707969665527,0.37226998805999756,0.07602199912071228,0.26596900820732117,6.050971984863281,70.84424591064453,103.59049987792969,147.21893310546875
2022-12-28,16768.169921875,1213.12890625,11.098109245300293,0.36854299902915955,0.07382100075483322,0.2608419954776764,5.90510892868042,69.21504211425781,102.42744445800781,146.83157348632812
2022-12-29,16651.755859375,1204.1416015625,9.827129364013672,0.3572250008583069,0.07130199670791626,0.24845999479293823,5.71335506439209,67.1692886352539,100.16041564941406,146.87600708007812
2022-12-30,16643.427734375,1202.03466796875,10.021772384643555,0.34531301259994507,0.07130800187587738,0.24598699808120728,5.626317024230957,68.33097839355469,98.45028686523438,146.43093872070312
2022-12-31,16628.986328125,1205.088623046875,10.151166915893555,0.3450999855995178,0.07110899686813354,0.2516860067844391,5.609038829803467,70.88714599609375,98.28890991210938,148.40834045410156
2023-01-01,16630.439453125,1203.475341796875,10.052801132202148,0.3399229943752289,0.0706849992275238,0.24977099895477295,5.628169059753418,71.32891082763672,97.47777557373047,148.9310302734375
2023-01-02,16759.34375,1219.860595703125,11.372013092041016,0.35410499572753906,0.0724790021777153,0.25576698780059814,5.737174987792969,75.75517272949219,100.17461395263672,149.62353515625
2023-01-03,16760.447265625,1219.0953369140625,13.50026798248291,0.35104900598526,0.07219699770212173,0.2550620138645172,5.707482814788818,76.1574935913086,100.3274154663086,149.02783203125
2023-01-04,16964.5859375,1264.8074951171875,14.09533977508545,0.3508799970149994,0.07325000315904617,0.2695640027523041,5.837051868438721,77.644287109375,102.29463195800781,152.48898315429688
2023-01-05,16884.021484375,1258.571533203125,13.769200325012207,0.3483389914035797,0.0750269964337349,0.27025100588798523,5.807827949523926,76.17188262939453,103.26126861572266,155.92173767089844
2023-01-06,16991.994140625,1273.2203369140625,13.54129409790039,0.34546899795532227,0.07257000356912613,0.27935901284217834,5.717915058135986,76.26553344726562,101.76496124267578,158.111328125
2023-01-07,16975.017578125,1270.5982666015625,13.52675724029541,0.3455219864845276,0.072843998670578,0.28001800179481506,5.831510066986084,76.60201263427734,102.0927734375,155.86289978027344
2023-01-08,17091.14453125,1287.3594970703125,14.333256721496582,0.34552299976348877,0.07361199706792831,0.29521799087524414,5.933835029602051,77.6822738647461,103.42367553710938,158.63919067382812
2023-01-09,17389.95703125,1342.1441650390625,17.361557006835938,0.3566089868545532,0.07921099662780762,0.34088099002838135,6.235387802124023,83.28827667236328,107.60820770263672,160.45921325683594
2023-01-10,17484.720703125,1342.7572021484375,16.640087127685547,0.35381099581718445,0.07773099839687347,0.32451799511909485,6.267262935638428,82.59616088867188,108.61373901367188,162.76861572265625
2023-01-11,17934.896484375,1387.9327392578125,16.44658851623535,0.3760260045528412,0.07818099856376648,0.32287201285362244,6.285185813903809,84.414794921875,109.75764465332031,169.51731872558594
2023-01-12,19030.087890625,1432.28125,16.808433532714844,0.3783220052719116,0.08071699738502502,0.3337650001049042,6.396510124206543,86.03971862792969,123.86819458007812,171.1739959716797
2023-01-13,19964.322265625,1461.6727294921875,18.51446533203125,0.3864459991455078,0.08491600304841995,0.34931498765945435,6.602921962738037,87.58306121826172,126.6856918334961,170.6102294921875
2023-01-14,21075.142578125,1563.7391357421875,24.565017700195312,0.4078899919986725,0.09187000244855881,0.3690379858016968,7.085987091064453,90.64549255371094,130.49806213378906,187.20660400390625
2023-01-15,20993.748046875,1556.9508056640625,24.651987075805664,0.39618998765945435,0.08768600225448608,0.353192001581192,6.902145862579346,88.45198059082031,126.73342895507812,177.15232849121094
2023-01-16,21360.875,1594.039794921875,24.752788543701172,0.40504398941993713,0.08790399879217148,0.36274799704551697,6.92589807510376,88.84612274169922,126.85258483886719,176.8033447265625
2023-01-17,21438.66015625,1594.0009765625,23.80280113220215,0.3975349962711334,0.08472000062465668,0.35601499676704407,6.949216842651367,88.6110610961914,125.16626739501953,174.62245178222656
2023-01-18,21564.501953125,1602.106689453125,23.482633590698242,0.39520901441574097,0.08945800364017487,0.3546079993247986,6.9672532081604,88.21279907226562,126.68327331542969,174.8463897705078
2023-01-19,21163.01171875,1557.9703369140625,21.765443801879883,0.39520901441574097,0.08205199986696243,0.3425450026988983,6.527883052825928,84.42252349853516,122.22209167480469,165.8273162841797
2023-01-20,22692.357421875,1659.8857421875,25.678333282470703,0.4134199917316437,0.08675999939441681,0.3647570013999939,6.951216220855713,90.72124481201172,127.90760803222656,173.50477600097656
2023-01-21,23282.34765625,1674.1793212890625,26.410499572753906,0.4158810079097748,0.08870600163936615,0.3794249892234802,7.093824863433838,91.3327865600586,133.2876739501953,181.88882446289062
2023-01-22,23056.73046875,1658.0234375,25.389249801635742,0.41109898686408997,0.09289199858903885,0.3855290114879608,7.2177839279174805,89.89444732666016,132.2273406982422,181.03668212890625
2023-01-23,23126.486328125,1641.2181396484375,24.885982513427734,0.4311169981956482,0.09115000069141388,0.38236498832702637,7.203010082244873,92.5329818725586,137.0502471923828,180.12229919433594
2023-01-24,23134.01171875,1639.723876953125,25.167665481567383,0.42954498529434204,0.09059199690818787,0.3825030028820038,7.181534767150879,91.09490203857422,136.70040893554688,179.98289489746094
2023-01-25,23722.099609375,1632.24169921875,25.21659278869629,0.4234749972820282,0.08788000047206879,0.3785629868507385,7.068706035614014,91.62334442138672,133.88150024414062,175.8275909423828
2023-01-26,23237.078125,1626.1982421875,25.12034797668457,0.41776400804519653,0.08735799789428711,0.38659799098968506,7.253158092498779,89.85004425048828,134.57908630371094,178.12704467773438
2023-01-27,23417.720703125,1617.0008544921875,24.861764907836914,0.4132309854030609,0.08774600178003311,0.3892900049686432,7.4733171463012695,89.10095977783203,136.072998046875,180.37408447265625
2023-01-28,23165.896484375,1604.7041015625,25.017385482788086,0.4155139923095703,0.09296900033950806,0.3972249925136566,7.483154773712158,89.6626968383789,135.56980895996094,186.1518096923828
2023-01-29,23919.890625,1653.7249755859375,26.65280532836914,0.417136013507843,0.09085900336503983,0.39867499470710754,7.449573040008545,97.46087646484375,137.99317932128906,186.7217254638672
2023-01-30,23789.34765625,1646.651611328125,26.24931526184082,0.4203740060329437,0.09183699637651443,0.3976069986820221,7.418731212615967,95.84671783447266,136.7164306640625,186.73477172851562
2023-01-31,23225.021484375,1598.517578125,24.34128761291504,0.41088300943374634,0.09733500331640244,0.3965669870376587,7.05896520614624,95.99915313720703,135.4885711669922,180.13929748535156
2023-02-01,23764.5390625,1644.7275390625,25.126235961914062,0.41545000672340393,0.09659899771213531,0.40105700492858887,7.25618314743042,101.98343658447266,136.63409423828125,178.31871032714844
2023-02-02,24167.2109375,1704.4581298828125,26.037151336669922,0.4185439944267273,0.09575299918651581,0.4129289984703064,7.465997219085693,101.87773132324219,142.75672912597656,180.66270446777344
2023-02-03,23678.103515625,1670.6968994140625,25.003572463989258,0.41352999210357666,0.09320899844169617,0.4064370095729828,7.320489883422852,100.4805679321289,139.35354614257812,175.34713745117188
2023-02-04,23556.94921875,1690.099609375,24.892578125,0.4193490147590637,0.09952999651432037,0.4052329957485199,7.341148853302002,101.08512115478516,139.81398010253906,174.87452697753906
2023-02-05,23423.435546875,1671.770263671875,24.42566680908203,0.41191598773002625,0.09672600030899048,0.40168601274490356,7.247060775756836,98.81040954589844,138.29440307617188,173.55682373046875
2023-02-06,23119.279296875,1653.7154541015625,23.68735694885254,0.4034000039100647,0.09309700131416321,0.40241900086402893,7.044710159301758,97.8489990234375,134.9373321533203,168.39138793945312
2023-02-07,23310.974609375,1673.7978515625,23.899799346923828,0.4046359956264496,0.09263399988412857,0.39926600456237793,7.203533172607422,101.16192626953125,136.3541259765625,168.20687866210938
2023-02-08,23367.958984375,1688.5272216796875,24.148073196411133,0.40526100993156433,0.09313800185918808,0.4022339880466461,7.2649431228637695,102.02371978759766,136.50962829589844,169.03517150878906
2023-02-09,22996.4375,1655.23486328125,23.27908706665039,0.4070909917354584,0.09075800329446793,0.39523500204086304,7.7503662109375,99.3779296875,132.32308959960938,168.0901336669922
2023-02-10,21941.185546875,1553.32568359375,21.117727279663086,0.3876270055770874,0.08287999778985977,0.3654339909553528,7.079967021942139,94.0442886352539,129.66204833984375,158.47164916992188
2023-02-11,21891.41015625,1541.334716796875,20.860679626464844,0.3841109871864319,0.08251400291919708,0.3698669970035553,7.024775981903076,94.70785522460938,125.28033447265625,161.59214782714844
2023-02-12,22060.994140625,1545.55419921875,22.260618209838867,0.3848640024662018,0.08541899919509888,0.37365299463272095,7.057351112365723,94.52456665039062,126.45134735107422,162.9724578857422
2023-02-13,21898.4140625,1524.7314453125,21.52965545654297,0.37818101048469543,0.08620499819517136,0.36552900075912476,6.831329822540283,94.67049407958984,124.5579833984375,161.86183166503906
2023-02-14,22293.140625,1562.0343017578125,22.245664596557617,0.38324499130249023,0.08364800363779068,0.3921389877796173,6.8168511390686035,95.76618194580078,126.95184326171875,159.11172485351562
2023-02-15,24307.841796875,1674.289794921875,23.901153564453125,0.4018619954586029,0.0893549993634224,0.4181149899959564,7.285592079162598,102.81857299804688,134.80882263183594,165.59814453125
2023-02-16,25134.1171875,1732.8011474609375,24.030553817749023,0.4036419987678528,0.09126199781894684,0.4191820025444031,7.45108699798584,104.48017120361328,135.5973663330078,166.83790588378906
2023-02-17,24924.041015625,1716.7818603515625,23.493309020996094,0.3996340036392212,0.08841100335121155,0.4093399941921234,7.671968936920166,101.54397583007812,134.204345703125,161.97901916503906
2023-02-18,24798.8359375,1705.30908203125,23.75763511657715,0.39684900641441345,0.08982200175523758,0.41594699025154114,8.21724796295166,101.61112976074219,137.985107421875,163.67579650878906
2023-02-19,25093.0546875,1718.9476318359375,25.52073097229004,0.397614985704422,0.08973799645900726,0.41162800788879395,8.242552757263184,101.1244888305664,140.15591430664062,166.23544311523438
2023-02-20,25020.458984375,1716.4893798828125,26.925580978393555,0.4073230028152466,0.08862700313329697,0.40922999382019043,8.33823299407959,98.48907470703125,148.12612915039062,168.87083435058594
2023-02-21,25126.8515625,1714.28564453125,26.424297332763672,0.401434987783432,0.08870700001716614,0.40548500418663025,8.059000015258789,96.7424087524414,152.71278381347656,163.1957244873047
2023-02-22,24472.33984375,1663.996826171875,25.13520050048828,0.39639100432395935,0.08746399730443954,0.3927150070667267,7.710072040557861,95.35537719726562,145.44473266601562,159.8131561279297
2023-02-23,24572.08984375,1674.6015625,24.635833740234375,0.39746299386024475,0.08636900037527084,0.3946340084075928,8.156232833862305,96.15288543701172,143.56863403320312,159.53965759277344
2023-02-24,24103.705078125,1661.09130859375,24.05632972717285,0.3905470073223114,0.08489999920129776,0.38489800691604614,8.109539031982422,95.13282775878906,139.43423461914062,154.47616577148438
2023-02-25,23210.2109375,1608.8651123046875,23.273439407348633,0.3794189989566803,0.08177900314331055,0.3673349916934967,7.4732561111450195,93.39837646484375,134.9259796142578,151.4785614013672
2023-02-26,23654.3671875,1645.2734375,23.484447479248047,0.3806059956550598,0.08247300237417221,0.36980798840522766,7.5292510986328125,95.46882629394531,137.22972106933594,152.1696319580078
2023-02-27,23857.890625,1662.57568359375,23.367462158203125,0.3800419867038727,0.0822020024061203,0.36989301443099976,7.496460914611816,95.93436431884766,137.95849609375,152.2205047607422
2023-02-28,23585.384765625,1644.435791015625,22.725032806396484,0.3824329972267151,0.08273500204086304,0.3676069974899292,7.413753032684326,95.861083984375,135.1755828857422,152.31362915039062
2023-03-01,23880.6328125,1663.4337158203125,22.795337677001953,0.38424599170684814,0.08256399631500244,0.3636679947376251,7.52876615524292,97.92925262451172,135.51455688476562,153.59706115722656
2023-03-02,23739.138671875,1672.0511474609375,22.57521629333496,0.38419899344444275,0.08216699957847595,0.36108699440956116,7.562863826751709,98.11628723144531,134.6017303466797,153.1490936279297
2023-03-03,23479.34765625,1648.475341796875,22.001710891723633,0.3791559934616089,0.08057200163602829,0.3506760001182556,7.271391868591309,95.35025024414062,131.8066864013672,151.24948120117188
2023-03-04,22405.177734375,1575.63720703125,21.53683853149414,0.3795210123062134,0.07715500146150589,0.34433799982070923,6.996817111968994,90.7447738647461,126.89268493652344,147.7371368408203
2023-03-05,22613.685546875,1584.2088623046875,21.61699676513672,0.3771269917488098,0.07591699808835983,0.3425059914588928,7.004214763641357,91.68465423583984,126.19230651855469,150.0717315673828
2023-03-06,22584.29296875,1579.456298828125,21.098865509033203,0.37323999404907227,0.07506100088357925,0.3384090065956116,6.966588020324707,90.46906280517578,124.7051773071289,154.0326690673828
2023-03-07,22527.41796875,1579.1622314453125,20.88684844970703,0.383994996547699,0.07582999765872955,0.3345009982585907,6.9654059410095215,88.69581604003906,125.57074737548828,154.82022094726562
2023-03-08,22268.896484375,1568.17529296875,20.332366943359375,0.3990600109100342,0.07423499971628189,0.33240899443626404,6.924242973327637,86.50735473632812,122.50511169433594,151.39540100097656
2023-03-09,21802.716796875,1544.1083984375,18.68904685974121,0.3963780105113983,0.07220300287008286,0.3214240074157715,6.675148963928223,84.7593765258789,118.17166900634766,152.2871856689453
2023-03-10,20370.595703125,1438.7601318359375,18.323396682739258,0.3747110068798065,0.06607100367546082,0.3177340030670166,6.261226177215576,76.77790069580078,111.90625,142.57688903808594
2023-03-11,20792.525390625,1484.136962890625,18.848188400268555,0.37470099329948425,0.06819599866867065,0.32279399037361145,6.391979217529297,74.0255355834961,115.27055358886719,143.33645629882812
2023-03-12,22185.03125,1607.152587890625,20.39289093017578,0.37331798672676086,0.07124999910593033,0.33153900504112244,6.589978218078613,76.47943878173828,121.34819793701172,151.12742614746094
2023-03-13,24550.837890625,1699.9117431640625,21.340412139892578,0.38100099563598633,0.07372599840164185,0.35207799077033997,6.896907806396484,82.90601348876953,128.4029541015625,155.4638671875
2023-03-14,26514.716796875,1779.9178466796875,22.106672286987305,0.3874790072441101,0.07763999700546265,0.3684920072555542,7.197958946228027,88.0995864868164,135.9808349609375,157.9299774169922
2023-03-15,25240.615234375,1721.0792236328125,21.488908767700195,0.3772209882736206,0.07605800032615662,0.34803399443626404,7.1173810958862305,85.65532684326172,133.86590576171875,152.3699493408203
2023-03-16,25190.326171875,1693.1392822265625,19.88351058959961,0.367264986038208,0.07347699999809265,0.3295080065727234,6.685502052307129,79.8748779296875,126.84265899658203,149.78158569335938
2023-03-17,27787.8125,1799.343994140625,21.676240921020508,0.38131698966026306,0.07729700207710266,0.35052400827407837,7.258519172668457,85.50890350341797,135.72415161132812,154.5239715576172
2023-03-18,27725.953125,1840.3575439453125,22.861988067626953,0.3878690004348755,0.07876399904489517,0.3565959930419922,7.298580169677734,87.87979125976562,137.94009399414062,154.6573944091797
2023-03-19,28440.560546875,1843.8441162109375,22.453811645507812,0.4000059962272644,0.07660199701786041,0.35269901156425476,7.2861151695251465,86.41730499267578,137.09495544433594,158.87579345703125
2023-03-20,28527.724609375,1807.7252197265625,23.831193923950195,0.3921149969100952,0.07560800015926361,0.3467400074005127,7.407197952270508,84.48253631591797,138.40077209472656,155.9853057861328
2023-03-21,28439.5625,1836.28857421875,23.22371482849121,0.49136701226234436,0.07747700065374374,0.3842729926109314,7.433137893676758,83.13487243652344,134.47369384765625,156.77655029296875
2023-03-22,28803.3359375,1821.458251953125,23.06732177734375,0.47454699873924255,0.0776429995894432,0.3869589865207672,7.697200775146484,88.15037536621094,134.45660400390625,154.81356811523438
2023-03-23,28729.84375,1853.8880615234375,22.700597763061523,0.45408499240875244,0.07893399894237518,0.3843640089035034,7.629281044006348,94.44811248779297,131.03955078125,156.7747039794922
2023-03-24,28388.4375,1819.935302734375,22.258434295654297,0.44487398862838745,0.07749000191688538,0.37272000312805176,7.646345138549805,95.75912475585938,131.52862548828125,163.098388671875
2023-03-25,27791.826171875,1762.674560546875,20.952482223510742,0.46364501118659973,0.07591400295495987,0.3628759980201721,7.251605987548828,93.96833038330078,127.41072082519531,164.77972412109375
2023-03-26,28178.14453125,1797.8802490234375,21.129981994628906,0.46296200156211853,0.075375996530056,0.3614110052585602,7.284111976623535,94.64312744140625,126.98897552490234,165.82986450195312
2023-03-27,28037.92578125,1781.3792724609375,20.97982406616211,0.4876129925251007,0.07583100348711014,0.3569889962673187,7.271117210388184,93.6174545288086,124.97805786132812,164.90203857421875
2023-03-28,27460.71875,1791.1109619140625,20.76420783996582,0.5297560095787048,0.07392500340938568,0.36945900321006775,7.02065896987915,89.42103576660156,122.0781478881836,156.0123748779297
2023-03-29,28619.54296875,1825.6009521484375,21.505144119262695,0.5803999900817871,0.07673300057649612,0.3895060122013092,7.458693027496338,92.87533569335938,124.57280731201172,159.90615844726562
2023-03-30,29159.90234375,1827.2802734375,21.590513229370117,0.5542230010032654,0.07664100080728531,0.3869290053844452,7.528229236602783,92.9992904663086,125.03609466552734,163.18954467773438
2023-03-31,28639.896484375,1844.6773681640625,21.441999435424805,0.5469229817390442,0.07772199809551239,0.40793800354003906,7.655243873596191,90.20854187011719,124.45124053955078,158.40228271484375
2023-04-01,28802.45703125,1840.173095703125,21.313888549804688,0.5384719967842102,0.08527900278568268,0.4012320041656494,7.6271820068359375,93.85362243652344,127.22975158691406,158.40037536621094
2023-04-02,28518.958984375,1824.328857421875,21.28608512878418,0.5284950137138367,0.08527900278568268,0.3931959867477417,7.55074405670166,94.4293441772461,126.44453430175781,160.824951171875
2023-04-03,28475.623046875,1839.1578369140625,20.934097290039062,0.5231670141220093,0.10264000296592712,0.40346500277519226,7.427126884460449,95.3805923461914,129.1506805419922,161.7454833984375
2023-04-04,28433.7421875,1886.5946044921875,21.236377716064453,0.5076410174369812,0.10253799706697464,0.3994449973106384,7.469361782073975,93.91669464111328,128.1963653564453,159.5341796875
2023-04-05,28739.23828125,1937.49755859375,21.319177627563477,0.525638997554779,0.09893900156021118,0.3995940089225769,7.59671688079834,94.87064361572266,129.70375061035156,160.14720153808594
2023-04-06,28178.384765625,1909.271728515625,20.97062110900879,0.5090129971504211,0.09284699708223343,0.39246800541877747,7.326025009155273,92.6522445678711,127.41560363769531,158.72146606445312
2023-04-07,28111.59375,1882.2991943359375,20.771724700927734,0.5141649842262268,0.08609800040721893,0.38493800163269043,7.292250156402588,91.39200592041016,126.43966674804688,157.83372497558594
2023-04-08,28159.86328125,1879.1077880859375,20.71323585510254,0.513729989528656,0.08382599800825119,0.39024800062179565,7.293132781982422,91.29635620117188,125.1849365234375,159.00146484375
2023-04-09,28532.830078125,1873.057373046875,20.420705795288086,0.5091429948806763,0.0838249996304512,0.392753005027771,7.249704837799072,90.9792709350586,126.25458526611328,160.4092559814453
2023-04-10,29771.46484375,1917.3001708984375,20.936527252197266,0.5196729898452759,0.08527199923992157,0.39742299914360046,7.3631181716918945,94.204345703125,128.42662048339844,160.80467224121094
2023-04-11,30509.083984375,1936.728271484375,23.635955810546875,0.5263059735298157,0.08570999652147293,0.4116309881210327,7.443352222442627,96.88776397705078,130.25860595703125,162.6720428466797
2023-04-12,30462.48046875,1929.8812255859375,24.34465217590332,0.5179960131645203,0.08442900329828262,0.4093089997768402,7.361101150512695,94.67788696289062,129.7500762939453,163.44424438476562
2023-04-13,30539.845703125,2022.150146484375,25.242456436157227,0.5147719979286194,0.08838099986314774,0.428180992603302,7.524202823638916,94.53761291503906,131.74497985839844,163.79940795898438
2023-04-14,31005.607421875,2126.316650390625,25.461393356323242,0.5438410043716431,0.09111600369215012,0.4440799951553345,7.878274917602539,98.80625915527344,134.2668914794922,164.40631103515625
2023-04-15,30601.740234375,2111.075439453125,24.77461051940918,0.5258049964904785,0.09044700115919113,0.46056199073791504,8.045050621032715,97.24229431152344,133.42129516601562,163.7364044189453
2023-04-16,30555.537109375,2137.445068359375,25.454143524169922,0.5242540240287781,0.09151499718427658,0.4572660028934479,8.159004211425781,101.86003875732422,135.97410583496094,164.1031494140625
2023-04-17,30319.197265625,2120.113525390625,25.938335418701172,0.5213609933853149,0.09459500014781952,0.4517579972743988,8.268686294555664,100.30293273925781,134.5218048095703,163.80203247070312
2023-04-18,30470.302734375,2121.531494140625,25.42329216003418,0.5359619855880737,0.09449499845504761,0.4477519989013672,8.728160858154297,103.04960632324219,134.13430786132812,163.25845336914062
2023-04-19,30411.0546875,2104.857177734375,24.93950843811035,0.5343829989433289,0.09402099996805191,0.4437260031700134,8.583635330200195,101.860107421875,133.78382873535156,162.8355712890625
2023-04-20,29076.400390625,1979.5733642578125,23.12053680419922,0.4988270103931427,0.09297200292348862,0.4216710031032562,7.947649955749512,91.88353729248047,126.64337158203125,156.12744140625
2023-04-21,28349.96875,1955.649169921875,22.376489639282227,0.478769987821579,0.08462899923324585,0.40640899538993835,7.583001136779785,90.6721420288086,124.77409362792969,155.52545166015625
2023-04-22,27872.142578125,1886.7816162109375,21.948162078857422,0.4745349884033203,0.08091899752616882,0.39852601289749146,7.224733829498291,87.25150299072266,122.72952270507812,157.54981994628906
2023-04-23,27820.244140625,1882.229736328125,22.217382431030273,0.47266000509262085,0.08062800019979477,0.39611899852752686,7.180260181427002,87.13085174560547,122.68909454345703,159.21800231933594
2023-04-24,27979.982421875,1888.1937255859375,21.950172424316406,0.4825330078601837,0.0799729973077774,0.39660799503326416,7.25297212600708,88.88236236572266,121.47904968261719,158.9226531982422
2023-04-25,28371.078125,1877.4849853515625,21.93714141845703,0.47149500250816345,0.07992599904537201,0.3949730098247528,7.290139198303223,91.65496826171875,120.27501678466797,159.91651916503906
2023-04-26,29995.837890625,1962.567626953125,22.921377182006836,0.482481986284256,0.08337199687957764,0.4165779948234558,7.4979071617126465,93.80284118652344,123.26006317138672,162.3941650390625
2023-04-27,29871.546875,1936.9451904296875,22.48358154296875,0.46928098797798157,0.08094999939203262,0.4178690016269684,7.219644069671631,90.51069641113281,120.1869125366211,158.8218994140625
2023-04-28,29572.791015625,1923.19921875,23.460052490234375,0.4810959994792938,0.08057600259780884,0.4106369912624359,7.181178092956543,90.18099212646484,119.5025634765625,155.52801513671875
2023-04-29,29452.455078125,1916.9737548828125,23.750762939453125,0.48506098985671997,0.08184599876403809,0.40748900175094604,7.210640907287598,91.45570373535156,120.17665100097656,156.1588897705078
2023-04-30,29952.029296875,1938.41796875,23.929723739624023,0.48181599378585815,0.08170100301504135,0.4145829975605011,7.29624605178833,91.3938217163086,120.86781311035156,157.05206298828125
2023-05-01,29329.935546875,1886.2064208984375,22.87849235534668,0.4725790023803711,0.07999599725008011,0.3977470099925995,7.07949686050415,88.81195068359375,118.34700775146484,156.33668518066406
2023-05-02,28881.298828125,1879.759521484375,22.373878479003906,0.4658290147781372,0.07904499769210815,0.3945469856262207,7.001067161560059,89.02608489990234,119.6126937866211,154.8900146484375
2023-05-03,29259.533203125,1915.504150390625,22.26718521118164,0.46525898575782776,0.08052700012922287,0.39611899852752686,7.143795013427734,89.7755355834961,120.66403198242188,155.22625732421875
2023-05-04,29353.185546875,1915.8717041015625,22.441139221191406,0.46497398614883423,0.07973600178956985,0.39604100584983826,7.154839038848877,89.10044860839844,120.20890045166016,156.7452850341797
2023-05-05,29668.908203125,1998.41357421875,23.029722213745117,0.4697830080986023,0.08129200339317322,0.39663299918174744,7.277870178222656,89.52669525146484,120.78536224365234,158.47862243652344
2023-05-06,29820.126953125,2017.5594482421875,23.222301483154297,0.46908101439476013,0.0803849995136261,0.3967199921607971,7.2735700607299805,89.34297943115234,120.59375,158.95046997070312
2023-05-07,29157.517578125,1933.9984130859375,22.738605499267578,0.4610390067100525,0.0774959996342659,0.3834860026836395,6.990841865539551,84.69554138183594,117.79627227783203,158.74127197265625
2023-05-08,28663.271484375,1886.162109375,21.80777931213379,0.4517369866371155,0.07710699737071991,0.3796750009059906,6.916244029998779,84.86123657226562,116.8814697265625,157.6858367919922
2023-05-09,27821.400390625,1860.66748046875,20.96478843688965,0.43015798926353455,0.07330399751663208,0.36950600147247314,6.627127170562744,80.05975341796875,123.12947845458984,155.3681182861328
2023-05-10,28322.6875,1886.80029296875,21.29500961303711,0.4336960017681122,0.07460799813270569,0.3726849853992462,6.688794136047363,81.9688720703125,123.0340347290039,156.18165588378906
2023-05-11,27621.94140625,1842.4920654296875,20.95549964904785,0.43088600039482117,0.07323300093412399,0.36995700001716614,6.595966815948486,81.79845428466797,116.03923034667969,155.3794403076172
2023-05-12,27055.646484375,1812.4249267578125,20.929597854614258,0.439969003200531,0.07256700098514557,0.3705480098724365,6.6270952224731445,81.30793762207031,115.3658676147461,153.84185791015625
2023-05-13,27030.482421875,1816.0584716796875,21.24797821044922,0.4309450089931488,0.07246100157499313,0.3706420063972473,6.624627113342285,80.97518920898438,114.9762191772461,153.84512329101562
2023-05-14,27150.9765625,1823.49072265625,21.243988037109375,0.43133699893951416,0.07258199900388718,0.3727940022945404,6.60560417175293,83.81517028808594,115.7791519165039,154.15516662597656
2023-05-15,27646.34765625,1845.6954345703125,21.485639572143555,0.4302929937839508,0.07344099879264832,0.3754650056362152,6.700585842132568,88.42467498779297,120.51783752441406,154.57623291015625
2023-05-16,27299.3046875,1830.3515625,21.12025260925293,0.44143399596214294,0.07313799858093262,0.3700850009918213,6.7149977684021,90.2391128540039,117.41980743408203,152.8700714111328
2023-05-17,27465.927734375,1835.5545654296875,21.17076873779297,0.45959100127220154,0.07530800253152847,0.3795289993286133,6.797799110412598,94.87337493896484,118.49752044677734,152.36231994628906
2023-05-18,27466.52734375,1831.4503173828125,21.068193435668945,0.4712519943714142,0.0749019980430603,0.3798089921474457,6.758718967437744,94.0677490234375,118.0111312866211,151.9450225830078
2023-05-19,27128.619140625,1826.1942138671875,20.5580997467041,0.47380000352859497,0.07395599782466888,0.3726530075073242,6.547082901000977,93.23743438720703,115.9881820678711,152.4404296875
2023-05-20,27155.158203125,1829.0096435546875,20.361488342285156,0.4708079993724823,0.07384400069713593,0.3683820068836212,6.538308143615723,92.68251037597656,116.91334533691406,151.63829040527344
2023-05-21,27265.91796875,1827.9219970703125,20.383838653564453,0.4706220030784607,0.07397899776697159,0.3673979938030243,6.540746212005615,93.29615020751953,117.0296401977539,150.79539489746094
2023-05-22,27045.734375,1826.696533203125,19.98162841796875,0.4663250148296356,0.07386799901723862,0.373212993144989,6.583351135253906,92.65963745117188,115.14219665527344,152.72654724121094
2023-05-23,27434.68359375,1869.343994140625,20.152935028076172,0.46683698892593384,0.07388199865818024,0.3751780092716217,6.6307268142700195,92.98806762695312,117.16720581054688,152.99266052246094
2023-05-24,27224.603515625,1854.2996826171875,20.062013626098633,0.4654409885406494,0.07287599891424179,0.3705660104751587,6.509243965148926,91.7929458618164,115.69325256347656,151.87521362304688
2023-05-25,26591.51953125,1815.9947509765625,19.525495529174805,0.45462900400161743,0.0709649994969368,0.36462199687957764,6.3388471603393555,86.60103607177734,112.25404357910156,151.67013549804688
2023-05-26,26916.669921875,1837.8658447265625,19.54116439819336,0.46957099437713623,0.07135000079870224,0.3663319945335388,6.378975868225098,88.04351806640625,113.69449615478516,151.85694885253906
2023-05-27,26888.8828125,1836.1845703125,20.499244689941406,0.4777210056781769,0.0732870027422905,0.36722999811172485,6.440199851989746,88.7843017578125,114.05895233154297,151.5052947998047
2023-05-28,28193.44921875,1915.7232666015625,21.150989532470703,0.48581498861312866,0.07391700148582458,0.383745014667511,6.653573036193848,92.15806579589844,116.68238830566406,156.44223022460938
2023-05-29,28432.0390625,1926.4217529296875,20.970685958862305,0.4943520128726959,0.07391899824142456,0.38594698905944824,6.661598205566406,92.10299682617188,117.12191772460938,156.59332275390625
2023-05-30,28044.759765625,1916.574951171875,21.381717681884766,0.5254259705543518,0.07338300347328186,0.3830679953098297,6.660110950469971,93.11832427978516,115.66507720947266,154.66123962402344
2023-05-31,27831.677734375,1907.035400390625,21.318878173828125,0.5271980166435242,0.07263299822807312,0.3803589940071106,6.629203796386719,92.58869171142578,114.27890014648438,153.57801818847656
2023-06-01,27346.10546875,1887.705322265625,20.97260856628418,0.5173889994621277,0.07211899757385254,0.3754740059375763,6.506302833557129,95.64359283447266,113.53516387939453,148.64654541015625
2023-06-02,27303.861328125,1910.2784423828125,21.35614013671875,0.5263280272483826,0.07319799810647964,0.37926000356674194,6.478118896484375,95.52638244628906,115.18627166748047,147.56021118164062
2023-06-03,27317.052734375,1908.822265625,21.335468292236328,0.5299130082130432,0.07294700294733047,0.37830400466918945,6.457748889923096,97.17709350585938,115.26109313964844,148.58583068847656
2023-06-04,27407.01953125,1912.2056884765625,22.284591674804688,0.5447109937667847,0.07325000315904617,0.3817349970340729,6.527440071105957,96.46296691894531,116.89872741699219,150.08834838867188
2023-06-05,27129.982421875,1890.6405029296875,22.042024612426758,0.5414329767227173,0.07263199985027313,0.3790220022201538,6.483293056488037,94.48497772216797,115.73091888427734,148.5238494873047
2023-06-06,27313.8203125,1896.22265625,20.683780670166016,0.5318089723587036,0.07178399711847305,0.3565309941768646,6.304471015930176,91.29386138916016,114.7855453491211,147.47727966308594
2023-06-07,27332.181640625,1893.80908203125,20.486583709716797,0.5371230244636536,0.07037100195884705,0.3536979854106903,6.261897087097168,91.11282348632812,116.5185546875,148.25564575195312
2023-06-08,26797.513671875,1861.1361083984375,19.0777645111084,0.5273330211639404,0.06842599809169769,0.33021700382232666,6.0332159996032715,89.44023895263672,112.37896728515625,145.85693359375
2023-06-09,26770.2890625,1854.824951171875,19.299476623535156,0.5398839712142944,0.07091999799013138,0.3233799934387207,6.07220983505249,89.88706970214844,111.91803741455078,143.39633178710938
2023-06-10,26531.044921875,1844.78564453125,17.39295768737793,0.5380300283432007,0.07059100270271301,0.2953779995441437,5.997457981109619,89.26510620117188,110.89964294433594,143.79119873046875
2023-06-11,26203.439453125,1776.84716796875,16.115692138671875,0.5283970236778259,0.06251499801874161,0.27940401434898376,5.245555877685547,78.88540649414062,103.62835693359375,138.9122314453125
2023-06-12,26087.919921875,1757.6597900390625,15.606237411499023,0.5275239944458008,0.06163499876856804,0.2859340012073517,5.1886091232299805,77.80024719238281,103.96629333496094,140.80369567871094
2023-06-13,26376.3515625,1761.9554443359375,15.873085975646973,0.5613769888877869,0.062453001737594604,0.2874220013618469,5.376275062561035,79.20506286621094,106.32384490966797,141.0047607421875
2023-06-14,26041.80078125,1749.1632080078125,15.305150032043457,0.5202100276947021,0.062109000980854034,0.2769159972667694,5.487329006195068,78.05886840820312,106.15538024902344,137.2165069580078
2023-06-15,25735.30859375,1676.4066162109375,15.010393142700195,0.48450198769569397,0.06182499974966049,0.2652539908885956,5.398788928985596,74.97827911376953,104.9529037475586,135.01954650878906
2023-06-16,26463.173828125,1727.28955078125,15.399171829223633,0.4823490083217621,0.06262999773025513,0.2668130099773407,5.377121925354004,76.66400146484375,108.714111328125,137.34434509277344
2023-06-17,26769.39453125,1766.76318359375,16.06578254699707,0.4852289855480194,0.06282299757003784,0.27291399240493774,5.381583213806152,77.65483093261719,108.23835754394531,136.94540405273438
2023-06-18,26675.92578125,1746.5091552734375,15.812690734863281,0.49669700860977173,0.06374900043010712,0.26866400241851807,5.293396949768066,78.43463134765625,108.54192352294922,141.127685546875
2023-06-19,26984.611328125,1745.1346435546875,16.07537078857422,0.4972800016403198,0.06269799917936325,0.26324498653411865,5.173816204071045,77.63203430175781,107.19145965576172,139.42535400390625
2023-06-20,28388.96875,1793.31396484375,16.66510581970215,0.4955579936504364,0.06305699795484543,0.27039799094200134,5.267868995666504,80.65240478515625,110.29856872558594,142.8434600830078
2023-06-21,30737.330078125,1898.6689453125,17.379573822021484,0.5025219917297363,0.06646999716758728,0.28863200545310974,5.576784133911133,87.15467071533203,138.78076171875,145.89247131347656
2023-06-22,30495.998046875,1932.0655517578125,17.698505401611328,0.523157000541687,0.06900600343942642,0.3043000102043152,5.785705089569092,88.69551086425781,146.69943237304688,153.0328826904297
2023-06-23,31389.5390625,1932.5316162109375,17.510692596435547,0.5018900036811829,0.06966300308704376,0.30223798751831055,6.127710819244385,92.427978515625,190.91835021972656,155.50161743164062
2023-06-24,30804.1484375,1905.2274169921875,17.517597198486328,0.4965760111808777,0.0683090016245842,0.29726600646972656,6.1637959480285645,93.15872955322266,215.22506713867188,159.77099609375
2023-06-25,31041.271484375,1929.0791015625,17.34068489074707,0.4956429898738861,0.06796299666166306,0.3030869960784912,6.351616859436035,90.31420135498047,216.93995666503906,166.26324462890625
2023-06-26,30636.029296875,1905.3604736328125,17.10167694091797,0.49125298857688904,0.06678500026464462,0.29245999455451965,6.241480827331543,89.90308380126953,228.25341796875,165.83302307128906
2023-06-27,31006.787109375,1911.3111572265625,16.909896850585938,0.4849970042705536,0.06574299931526184,0.289108008146286,6.242961883544922,89.3742904663086,236.63523864746094,170.6588592529297
2023-06-28,30703.279296875,1890.208984375,16.627328872680664,0.4839099943637848,0.06556499749422073,0.2867850065231323,6.199192047119141,88.05243682861328,235.04385375976562,170.42523193359375
2023-06-29,30796.25,1876.5302734375,18.19975471496582,0.47672298550605774,0.06402800232172012,0.2778699994087219,6.144045829772949,85.6585693359375,253.50723266601562,167.48904418945312
2023-06-30,31256.86328125,1945.2742919921875,19.855125427246094,0.4822700023651123,0.06671199947595596,0.2983100116252899,6.416555881500244,110.79525756835938,326.1219177246094,169.53758239746094
2023-07-01,30641.2890625,1942.7015380859375,18.97142791748047,0.47545498609542847,0.07078900188207626,0.29280799627304077,6.507081031799316,111.75740814208984,307.9686279296875,169.0890350341797
2023-07-02,30766.140625,1958.1607666015625,19.704559326171875,0.49452999234199524,0.06890799850225449,0.2930929958820343,6.542820930480957,113.62712097167969,304.4624328613281,168.60145568847656
2023-07-03,31375.61328125,1974.7750244140625,19.6131591796875,0.49091100692749023,0.06869500130414963,0.29930898547172546,6.677140235900879,114.49706268310547,300.9984130859375,172.1734161376953
2023-07-04,31325.197265625,1966.3653564453125,19.87669563293457,0.4926219880580902,0.07142399996519089,0.30094799399375916,6.622889041900635,109.16132354736328,291.171630859375,171.09263610839844
2023-07-05,30877.330078125,1942.4324951171875,19.355266571044922,0.49160000681877136,0.069132000207901,0.2955999970436096,6.560704231262207,106.27179718017578,277.7300109863281,169.41702270507812
2023-07-06,31460.052734375,1956.0123291015625,20.922775268554688,0.48378100991249084,0.06847599893808365,0.29335299134254456,6.49544095993042,105.5124740600586,300.8526916503906,169.3694305419922
2023-07-07,30434.64453125,1876.9632568359375,21.60171127319336,0.47048500180244446,0.06579700112342834,0.2852169871330261,6.2125420570373535,98.38237762451172,287.8769226074219,168.40280151367188
2023-07-08,30374.4375,1872.5015869140625,22.40300178527832,0.4739620089530945,0.06595700234174728,0.29220500588417053,6.209586143493652,98.38021087646484,282.1136779785156,168.6924591064453
2023-07-09,30427.58984375,1878.6689453125,22.322025299072266,0.47178900241851807,0.06629399955272675,0.2915079891681671,6.234523773193359,98.30692291259766,277.9119873046875,168.77125549316406
2023-07-10,31026.083984375,1905.4608154296875,21.777145385742188,0.4799860119819641,0.06603199988603592,0.29258599877357483,6.283438205718994,97.64109802246094,286.04412841796875,166.62075805664062
2023-07-11,30788.314453125,1889.3817138671875,22.285200119018555,0.4782879948616028,0.06545499712228775,0.293724000453949,6.228000164031982,98.12002563476562,276.858642578125,165.63092041015625
2023-07-12,30959.96484375,1901.1484375,22.712724685668945,0.4770210087299347,0.06556999683380127,0.29484501481056213,6.326198101043701,97.75325775146484,289.49212646484375,165.4253692626953
2023-07-13,31814.515625,2011.88525390625,26.624345779418945,0.8875110149383545,0.07126700133085251,0.35846999287605286,7.092254161834717,104.01946258544922,287.49932861328125,167.64747619628906
2023-07-14,31582.25390625,2026.2049560546875,30.057695388793945,0.8214120268821716,0.07273100316524506,0.37470999360084534,7.307501792907715,103.23743438720703,277.3254699707031,166.50830078125
2023-07-15,30407.78125,1946.0191650390625,29.057395935058594,0.731020987033844,0.0747079998254776,0.33737099170684814,7.012141227722168,95.65518188476562,264.36029052734375,166.16311645507812
2023-07-16,30437.560546875,1942.0308837890625,28.551088333129883,0.7873319983482361,0.07213500142097473,0.3274439871311188,6.918647766113281,95.223876953125,260.3437805175781,166.15599060058594
2023-07-17,30336.400390625,1936.1776123046875,28.380918502807617,0.7603020071983337,0.07275199890136719,0.3194659948348999,7.2302680015563965,93.52267456054688,254.0129852294922,168.878173828125
2023-07-18,30233.65625,1916.4683837890625,27.045597076416016,0.7809889912605286,0.07025700062513351,0.31358999013900757,7.2856221199035645,92.86105346679688,247.2397918701172,168.66387939453125
2023-07-19,30184.181640625,1919.264404296875,26.922088623046875,0.8418409824371338,0.07121200114488602,0.3258419930934906,7.034389019012451,94.06116485595703,250.96925354003906,170.03273010253906
2023-07-20,30195.53125,1919.264404296875,26.896438598632812,0.8467990159988403,0.07102199643850327,0.3315599858760834,8.342902183532715,93.48064422607422,247.33538818359375,170.03273010253906
2023-07-21,30045.998046875,1905.38623046875,25.947921752929688,0.7979990243911743,0.07639099657535553,0.31806299090385437,8.382515907287598,94.60526275634766,247.98086547851562,166.15394592285156
2023-07-22,29991.615234375,1897.0880126953125,25.95035743713379,0.7789120078086853,0.073294997215271,0.31481000781059265,8.250190734863281,96.1513442993164,247.59059143066406,163.73936462402344
2023-07-23,30330.640625,1904.4832763671875,25.213611602783203,0.7505589723587036,0.07280399650335312,0.3185270130634308,8.062042236328125,93.47718048095703,254.08522033691406,166.2592010498047
2023-07-24,30093.39453125,1889.761962890625,24.810638427734375,0.7415069937705994,0.07722199708223343,0.3185960054397583,7.895249843597412,93.24933624267578,252.70452880859375,164.5501708984375
2023-07-25,29353.16015625,1867.3232421875,23.525882720947266,0.7140989899635315,0.08334100246429443,0.3073430061340332,7.633493900299072,89.97694396972656,238.61776733398438,163.0662384033203
2023-07-26,29675.552734375,1886.97412109375,25.518346786499023,0.7295269966125488,0.08207999914884567,0.31029999256134033,7.8159499168396,90.97019958496094,243.796142578125,163.51971435546875
2023-07-27,29560.966796875,1885.591552734375,25.586376190185547,0.7270749807357788,0.0797329992055893,0.31302499771118164,8.078426361083984,91.72827911376953,249.2808380126953,164.07748413085938
2023-07-28,29521.513671875,1881.457275390625,25.473247528076172,0.7175430059432983,0.07778199762105942,0.31269600987434387,8.060602188110352,91.89440155029297,245.08108520507812,164.4500732421875
2023-07-29,29396.84375,1885.529296875,25.36704444885254,0.7146109938621521,0.08131600171327591,0.3142479956150055,7.874852180480957,94.71575164794922,242.2247772216797,164.1488037109375
2023-07-30,29443.169921875,1884.1441650390625,25.19329261779785,0.7298099994659424,0.0804390013217926,0.3178060054779053,7.853650093078613,95.69255065917969,254.76644897460938,163.7192840576172
2023-07-31,29489.873046875,1875.62939453125,24.75018310546875,0.7173640131950378,0.07965599745512009,0.3177199959754944,7.682759761810303,94.82227325439453,258.30255126953125,161.7667236328125
2023-08-01,29675.732421875,1873.0299072265625,23.99875259399414,0.7072110176086426,0.07816799730062485,0.3099510073661804,7.628017902374268,93.82040405273438,248.42913818359375,163.42050170898438
2023-08-02,29987.998046875,1877.511474609375,24.219627380371094,0.707086980342865,0.0781949982047081,0.31126800179481506,7.697526931762695,94.31300354003906,245.9175262451172,160.8964385986328
2023-08-03,29375.70703125,1856.4075927734375,23.353015899658203,0.6867610216140747,0.07489299774169922,0.3010239899158478,7.39345121383667,88.2265625,231.13543701171875,161.5696258544922
2023-08-04,29302.078125,1847.9122314453125,23.52178192138672,0.6664419770240784,0.07478500157594681,0.2968809902667999,7.239910125732422,83.70612335205078,229.17935180664062,161.7005615234375
2023-08-05,29102.46484375,1836.46484375,22.89552879333496,0.635532021522522,0.07680299878120422,0.29366499185562134,7.225706100463867,83.29777526855469,228.0386962890625,161.1367950439453
2023-08-06,29160.822265625,1836.2489013671875,23.416099548339844,0.6364349722862244,0.0762920007109642,0.2953140139579773,7.252173900604248,83.3685531616211,227.89476013183594,160.90687561035156
2023-08-07,29244.28125,1842.5225830078125,23.503938674926758,0.6277779936790466,0.07546599954366684,0.2951839864253998,7.349380016326904,83.21983337402344,242.2850799560547,160.62637329101562
2023-08-08,30176.796875,1873.84716796875,24.727624893188477,0.6448860168457031,0.0753839984536171,0.3020919859409332,7.503108978271484,85.11045837402344,248.29403686523438,160.085205078125
2023-08-09,30093.435546875,1869.736572265625,24.95158576965332,0.6623439788818359,0.07605399936437607,0.3018819987773895,7.862716197967529,84.42743682861328,239.44285583496094,159.5029296875
2023-08-10,29688.564453125,1863.3109130859375,24.809499740600586,0.6434400081634521,0.07670599967241287,0.3013330101966858,7.705417156219482,84.27881622314453,239.74339294433594,157.45419311523438
2023-08-11,29517.7734375,1855.0660400390625,24.865314483642578,0.6391479969024658,0.07598300278186798,0.29716700315475464,7.626849174499512,83.52788543701172,232.64938354492188,157.88624572753906
2023-08-12,29465.11328125,1852.281005859375,25.11195182800293,0.6321520209312439,0.07715000212192535,0.2943289875984192,7.523573875427246,83.85722351074219,230.568603515625,158.0399932861328
2023-08-13,29441.43359375,1859.9163818359375,24.91316032409668,0.6370409727096558,0.0767889991402626,0.29319700598716736,7.5418009757995605,83.61597442626953,230.76727294921875,159.56332397460938
2023-08-14,29660.25390625,1853.8363037109375,25.22711753845215,0.6354510188102722,0.07641399651765823,0.2920739948749542,7.601899147033691,82.9730453491211,230.72901916503906,159.7809295654297
2023-08-15,29439.12109375,1845.547607421875,25.241121292114258,0.6342380046844482,0.0748089998960495,0.2906450033187866,7.418262004852295,82.1091079711914,236.5824737548828,158.54672241210938
2023-08-16,29221.9765625,1829.3612060546875,23.993120193481445,0.6143149733543396,0.07111600041389465,0.28260698914527893,7.057772159576416,79.45748901367188,230.66397094726562,156.1794891357422
2023-08-17,28745.947265625,1807.71484375,23.380619049072266,0.5934709906578064,0.06825099885463715,0.2778559923171997,6.852884769439697,75.66679382324219,210.67709350585938,154.50521850585938
2023-08-18,26808.1953125,1698.124267578125,22.170013427734375,0.5170609951019287,0.06365299969911575,0.26677799224853516,6.269668102264404,65.76448059082031,189.0137939453125,145.0751495361328
2023-08-19,26249.44921875,1693.2281494140625,22.147785186767578,0.5232080221176147,0.06438399851322174,0.2694390118122101,6.254903793334961,64.89527893066406,191.25552368164062,145.1837158203125
2023-08-20,26260.681640625,1692.3287353515625,22.004703521728516,0.5529590249061584,0.06458699703216553,0.2725450098514557,6.227668762207031,65.72362518310547,190.4613494873047,149.03794860839844
2023-08-21,26220.201171875,1685.0826416015625,21.77742576599121,0.5397819876670837,0.0639910027384758,0.2718839943408966,6.243002891540527,67.04644775390625,193.6125946044922,149.6521759033203
2023-08-22,26135.5078125,1668.638671875,21.250513076782227,0.5248180031776428,0.06318899989128113,0.2632800042629242,6.238885879516602,67.10531616210938,187.0749053955078,149.75836181640625
2023-08-23,26786.8984375,1696.593994140625,21.746028900146484,0.5347710251808167,0.06450500339269638,0.2692840099334717,6.420750141143799,66.59355163574219,195.92385864257812,146.24496459960938
2023-08-24,26554.91015625,1682.48974609375,21.98844337463379,0.5313839912414551,0.06400500237941742,0.2710210084915161,6.360294818878174,65.84490203857422,194.5178985595703,143.0503387451172
2023-08-25,26248.103515625,1671.970703125,21.04962730407715,0.529774010181427,0.06309399753808975,0.27006399631500244,6.081770896911621,65.22283172607422,194.44361877441406,140.16915893554688
2023-08-26,26107.384765625,1654.7777099609375,20.403776168823242,0.5268650054931641,0.06328599900007248,0.26161399483680725,6.033336162567139,65.49846649169922,192.0515899658203,144.8639373779297
2023-08-27,26165.373046875,1659.26708984375,20.870126724243164,0.5296019911766052,0.06353200227022171,0.26494100689888,6.0359930992126465,65.8790283203125,200.03195190429688,145.710693359375
2023-08-28,26198.578125,1659.3287353515625,20.786964416503906,0.52435302734375,0.06354700028896332,0.2676059901714325,6.023979187011719,65.6675796508789,198.0061492919922,146.51417541503906
2023-08-29,28089.337890625,1742.6373291015625,21.983257293701172,0.5465760231018066,0.06806500256061554,0.27857398986816406,6.289259910583496,70.21554565429688,227.03465270996094,148.3677215576172
2023-08-30,27760.16015625,1730.564697265625,21.932714462280273,0.5401650071144104,0.06643799692392349,0.27282199263572693,6.196891784667969,68.98538208007812,225.12249755859375,148.1521453857422
2023-08-31,27456.078125,1720.011962890625,21.007213592529297,0.5284619927406311,0.06691999733448029,0.26616400480270386,6.051632881164551,68.22232818603516,222.1581573486328,144.63328552246094
2023-09-01,26125.869140625,1653.53173828125,19.907936096191406,0.5116230249404907,0.06413000077009201,0.258558988571167,6.022887229919434,64.21014404296875,210.3929901123047,144.6171875
2023-09-02,25970.28515625,1644.0306396484375,19.66608428955078,0.5021100044250488,0.06465800106525421,0.25719699263572693,5.988725185394287,64.62007141113281,201.04425048828125,141.62815856933594
2023-09-03,26087.1484375,1645.6451416015625,19.657276153564453,0.5091860294342041,0.06373099982738495,0.25661298632621765,6.051942825317383,64.78752136230469,197.59011840820312,141.3919677734375
2023-09-04,26081.525390625,1642.6531982421875,19.949865341186523,0.512067973613739,0.06372199952602386,0.2594659924507141,6.143789768218994,64.8372802734375,198.6370391845703,143.77020263671875
2023-09-05,25858.375,1645.9483642578125,20.547443389892578,0.5083969831466675,0.06421700119972229,0.2582559883594513,6.144128799438477,63.72697830200195,194.38229370117188,141.29917907714844
2023-09-06,25953.015625,1656.9327392578125,20.348989486694336,0.5054550170898438,0.06449099630117416,0.2592659890651703,6.309278964996338,63.564029693603516,194.93846130371094,142.64498901367188
2023-09-07,26409.302734375,1657.3037109375,19.972978591918945,0.5060909986495972,0.06376300007104874,0.2591310143470764,6.4461469650268555,64.18999481201172,194.13768005371094,143.2759552001953
2023-09-08,26414.005859375,1657.1363525390625,20.214828491210938,0.5067179799079895,0.06392200291156769,0.2591080069541931,6.388906955718994,64.03904724121094,196.59518432617188,144.1243438720703
2023-09-09,25921.9765625,1636.8707275390625,19.602888107299805,0.5048589706420898,0.06381700187921524,0.2556320130825043,6.281607151031494,63.19569778442383,195.44728088378906,144.00181579589844
2023-09-10,25978.130859375,1635.43310546875,19.44618797302246,0.5038830041885376,0.06340499967336655,0.2534950077533722,6.168023109436035,63.083091735839844,193.11244201660156,143.7922821044922
2023-09-11,25883.947265625,1618.3057861328125,18.413116455078125,0.49801498651504517,0.061868999153375626,0.24938200414180756,6.026423931121826,61.563560485839844,191.255126953125,143.6199951171875
2023-09-12,26451.939453125,1619.114013671875,18.655071258544922,0.48482999205589294,0.06208600103855133,0.25133100152015686,6.0377020835876465,61.19291687011719,208.52691650390625,142.85325622558594
2023-09-13,26376.11328125,1615.05029296875,18.508787155151367,0.48678699135780334,0.06158300116658211,0.24971500039100647,6.047970771789551,62.59047317504883,203.04437255859375,144.6390838623047
2023-09-14,26774.623046875,1640.522705078125,19.26730728149414,0.49311500787734985,0.06238599866628647,0.25226500630378723,6.203810214996338,63.320518493652344,209.80738830566406,147.05880737304688
2023-09-15,26840.498046875,1652.1131591796875,19.40658187866211,0.5050740242004395,0.06287399679422379,0.25467801094055176,6.363574028015137,66.15228271484375,219.9273223876953,149.1507110595703
2023-09-16,26754.76953125,1649.9886474609375,19.41681480407715,0.503167986869812,0.06288400292396545,0.2536050081253052,6.406363010406494,66.70187377929688,222.7919921875,148.03111267089844
2023-09-17,26617.998046875,1635.512939453125,19.139827728271484,0.5003719925880432,0.062497999519109726,0.2511669993400574,6.283102035522461,65.38236236572266,215.1459197998047,146.1458740234375
2023-09-18,27414.734375,1669.015380859375,20.100101470947266,0.5066319704055786,0.06280799955129623,0.25586798787117004,6.803361892700195,67.35792541503906,224.2794647216797,147.97787475585938
2023-09-19,27488.763671875,1659.53173828125,20.358543395996094,0.5159749984741211,0.06321500241756439,0.25754401087760925,6.932013988494873,68.26288604736328,221.96331787109375,148.548828125
2023-09-20,27379.505859375,1649.619140625,20.48303985595703,0.5242660045623779,0.06300900131464005,0.2560330033302307,7.008670806884766,67.61347961425781,220.7642364501953,148.40164184570312
2023-09-21,27152.939453125,1625.20458984375,20.3048152923584,0.5213580131530762,0.06330700218677521,0.252905011177063,6.926135063171387,64.96765899658203,215.514404296875,148.2628936767578
2023-09-22,26726.078125,1601.5377197265625,19.774112701416016,0.5161809921264648,0.06182900071144104,0.24638299643993378,6.953512191772461,65.46080780029297,209.8055419921875,146.90460205078125
2023-09-23,26634.185546875,1598.001708984375,19.55816078186035,0.5135189890861511,0.06184599921107292,0.24667499959468842,7.211606025695801,65.22538757324219,209.3193359375,145.51210021972656
2023-09-24,26716.05859375,1600.207275390625,19.657695770263672,0.5113170146942139,0.06174299865961075,0.24622799456119537,7.236172199249268,65.08419799804688,209.81346130371094,144.4317169189453
2023-09-25,26421.5078125,1595.8441162109375,19.703439712524414,0.5064690113067627,0.06120000034570694,0.24606400728225708,7.495351791381836,64.99095916748047,213.20062255859375,145.44337463378906
2023-09-26,26389.884765625,1598.0977783203125,19.5053653717041,0.5066549777984619,0.06111599877476692,0.24739600718021393,7.549048900604248,64.91890716552734,215.13829040527344,145.210693359375
2023-09-27,26817.841796875,1631.9107666015625,19.44652557373047,0.5064759850502014,0.06133199855685234,0.24792200326919556,7.8234171867370605,65.41913604736328,234.943359375,146.5806121826172
2023-09-28,27259.5,1666.024169921875,19.960865020751953,0.5095250010490417,0.0616610012948513,0.2504410147666931,7.999269008636475,65.41007232666016,244.46189880371094,147.47218322753906
2023-09-29,27225.9375,1687.28125,20.415977478027344,0.5454570055007935,0.06230999901890755,0.25544700026512146,8.044210433959961,66.3995590209961,240.05589294433594,146.83938598632812
2023-09-30,27091.794921875,1692.5311279296875,21.729970932006836,0.5216889977455139,0.06250599771738052,0.2546730041503906,8.246541976928711,66.5233383178711,237.89593505859375,148.07321166992188
2023-10-01,28047.23828125,1750.595703125,24.396018981933594,0.5252199769020081,0.06351900100708008,0.26747098565101624,8.236618041992188,68.59121704101562,244.5816192626953,149.75393676757812
2023-10-02,28494.458984375,1743.5635986328125,24.603424072265625,0.5255429744720459,0.06396099925041199,0.2690359950065613,8.077347755432129,68.33139038085938,255.12184143066406,149.9898681640625
2023-10-03,27667.19140625,1670.3563232421875,24.662073135375977,0.5449010133743286,0.062268998473882675,0.2642180025577545,7.711099147796631,66.83684539794922,250.7174835205078,147.80560302734375
2023-10-04,27826.658203125,1657.2535400390625,23.754377365112305,0.5410130023956299,0.06156099960207939,0.2610499858856201,7.741462230682373,65.50921630859375,233.77845764160156,150.7023468017578
2023-10-05,28091.861328125,1654.3790283203125,23.717647552490234,0.5329570174217224,0.0616069994866848,0.26371800899505615,7.767576217651367,65.19656372070312,234.44088745117188,151.328369140625
2023-10-06,28252.537109375,1659.60986328125,23.70509147644043,0.529079020023346,0.06155499815940857,0.2665579915046692,7.73701810836792,65.90678405761719,233.48422241210938,152.66929626464844
2023-10-07,28028.091796875,1648.1837158203125,24.101722717285156,0.5261899828910828,0.0616689994931221,0.26552098989486694,7.674979209899902,66.2298812866211,236.0262908935547,155.24752807617188
2023-10-08,28102.169921875,1641.182373046875,23.613706588745117,0.5235400199890137,0.06161100044846535,0.2591269910335541,7.894826889038086,65.96834564208984,232.9198455810547,156.48204040527344
2023-10-09,27989.470703125,1635.4478759765625,23.353511810302734,0.5197669863700867,0.06103000044822693,0.2585330009460449,7.693662166595459,65.37638092041016,228.97091674804688,156.19293212890625
2023-10-10,27715.84765625,1593.7413330078125,22.45848846435547,0.5032560229301453,0.05920400097966194,0.2531009912490845,7.3694047927856445,63.793540954589844,219.81903076171875,154.46815490722656
2023-10-11,27474.115234375,1578.2235107421875,22.39118194580078,0.49779099225997925,0.05945400148630142,0.2494809925556183,7.413392066955566,63.68592071533203,215.5523223876953,153.929443359375
2023-10-12,26921.439453125,1566.878173828125,22.019926071166992,0.4888570010662079,0.05849500000476837,0.24807099997997284,7.4030890464782715,61.521873474121094,216.66778564453125,154.34423828125
2023-10-13,27092.697265625,1571.7506103515625,22.156654357910156,0.4897890090942383,0.05875600129365921,0.24915899336338043,7.366612911224365,61.99513626098633,218.6187744140625,154.3687744140625
2023-10-14,26969.0,1560.3250732421875,22.196813583374023,0.4879800081253052,0.05993000045418739,0.24765600264072418,7.359321117401123,61.949981689453125,218.11070251464844,154.28298950195312
2023-10-15,27289.169921875,1565.7608642578125,22.135814666748047,0.4899919927120209,0.059859998524188995,0.2482459992170334,7.530235767364502,62.10171890258789,216.36257934570312,153.46588134765625
2023-10-16,29448.138671875,1628.15625,24.41446876525879,0.5054579973220825,0.061225999146699905,0.2577979862689972,7.736898899078369,65.36457061767578,242.76766967773438,153.52294921875
2023-10-17,28618.751953125,1601.294677734375,24.485265731811523,0.4981380105018616,0.060155998915433884,0.2516759932041168,7.550541877746582,63.33576583862305,231.74441528320312,152.5327911376953
2023-10-18,28889.009765625,1584.7269287109375,24.30299949645996,0.4922049939632416,0.05927399918437004,0.24793100357055664,7.47028112411499,62.6015510559082,231.1865997314453,152.4444580078125
2023-10-19,28892.474609375,1573.7376708984375,25.389076232910156,0.5224959850311279,0.058883000165224075,0.2469239979982376,7.420115947723389,61.812965393066406,233.3279266357422,152.41409301757812
2023-10-20,30104.0859375,1628.6090087890625,27.31616973876953,0.5291029810905457,0.06033699959516525,0.2527180016040802,7.68657112121582,64.17544555664062,247.56344604492188,157.143310546875
2023-10-21,30287.482421875,1641.2418212890625,30.14244842529297,0.5294820070266724,0.06136300042271614,0.26191699504852295,9.125328063964844,65.25566864013672,245.59458923339844,158.069091796875
2023-10-22,30199.43359375,1667.6666259765625,29.9661922454834,0.5238490104675293,0.06166699901223183,0.26404398679733276,10.166531562805176,66.05732727050781,253.179931640625,160.01437377929688
2023-10-23,34370.4375,1794.0704345703125,32.468772888183594,0.5505380034446716,0.06723800301551819,0.2799539864063263,10.905618667602539,69.5350112915039,262.5324401855469,161.370849609375
2023-10-24,35150.43359375,1852.6844482421875,32.36031723022461,0.5829730033874512,0.06976699829101562,0.29318898916244507,11.023963928222656,72.3819580078125,267.4948425292969,163.4986114501953
2023-10-25,35133.7578125,1814.4847412109375,33.69322204589844,0.5623769760131836,0.06945399940013885,0.2894569933414459,11.610102653503418,70.32286834716797,259.3616638183594,160.4881134033203
2023-10-26,34832.91015625,1865.09521484375,33.22134017944336,0.5667750239372253,0.07488799840211868,0.29700300097465515,11.32233715057373,70.42892456054688,256.1741943359375,162.41590881347656
2023-10-27,34238.2109375,1804.1358642578125,33.30240249633789,0.5575659871101379,0.07217899709939957,0.2921600043773651,11.365532875061035,68.8486557006836,247.45594787597656,161.0721435546875
2023-10-28,34399.390625,1800.6053466796875,32.47766876220703,0.550046980381012,0.069691002368927,0.29728201031684875,11.594693183898926,68.29448699951172,247.53321838378906,162.61907958984375
2023-10-29,34743.26171875,1810.4886474609375,33.13132858276367,0.5609059929847717,0.07008399814367294,0.29859599471092224,11.256047248840332,69.22142028808594,249.17543029785156,174.38412475585938
2023-10-30,34843.93359375,1829.24951171875,35.17289352416992,0.583204984664917,0.07020000368356705,0.3029640018939972,11.6390380859375,69.7035903930664,250.21368408203125,174.7447052001953
2023-10-31,34719.25390625,1819.97265625,38.54643249511719,0.6127369999885559,0.07072199881076813,0.30461400747299194,11.923242568969727,70.35674285888672,248.4380340576172,173.79098510742188
2023-11-01,35527.9296875,1858.3128662109375,46.25090026855469,0.6159060001373291,0.06955400109291077,0.3085789978504181,11.715620994567871,70.34513854980469,247.09188842773438,172.9152069091797
2023-11-02,35919.84375,1873.885009765625,44.4891242980957,0.6241059899330139,0.07070399820804596,0.32912901043891907,11.703694343566895,70.67996215820312,248.63185119628906,172.45652770996094
2023-11-03,34942.47265625,1835.072509765625,40.22572326660156,0.6152380108833313,0.0682080015540123,0.3291960060596466,11.562373161315918,69.56597137451172,240.46112060546875,173.15847778320312
2023-11-04,35256.03125,1867.2613525390625,42.69524002075195,0.6180210113525391,0.06925699859857559,0.330267995595932,11.606757164001465,70.6252670288086,240.33096313476562,171.69601440429688
2023-11-05,35340.33984375,1911.608642578125,42.80353927612305,0.6611469984054565,0.07159899920225143,0.3497900068759918,12.48479175567627,72.21622467041016,242.97140502929688,170.88963317871094
2023-11-06,35286.02734375,1914.5826416015625,42.155067443847656,0.7298719882965088,0.076385997235775,0.37525200843811035,13.197270393371582,74.92601776123047,244.54510498046875,169.69207763671875
2023-11-07,35892.41796875,1907.5614013671875,44.42584991455078,0.7155050039291382,0.07638899981975555,0.3654719889163971,13.25248908996582,74.51031494140625,250.72848510742188,168.1760711669922
2023-11-08,35994.41796875,1904.5462646484375,43.805057525634766,0.6968960165977478,0.07668100297451019,0.3597640097141266,14.93785572052002,74.26231384277344,246.95645141601562,167.7588348388672
2023-11-09,37926.2578125,2130.88525390625,48.703067779541016,0.7043129801750183,0.07773599773645401,0.38583898544311523,15.870617866516113,76.1036148071289,256.8758850097656,171.0383758544922
2023-11-10,37493.80078125,2134.69140625,57.34910202026367,0.6705390214920044,0.0754539966583252,0.3875490128993988,15.591740608215332,74.9408187866211,242.40130615234375,173.6302947998047
2023-11-11,37407.09375,2089.530517578125,63.41544723510742,0.680741012096405,0.08169800043106079,0.39439401030540466,16.526731491088867,75.86489868164062,241.23306274414062,172.0946044921875
2023-11-12,37227.69140625,2066.00341796875,61.71490478515625,0.6704530119895935,0.0799809992313385,0.3908190131187439,16.461442947387695,76.63818359375,239.24740600585938,171.50657653808594
2023-11-13,37405.1171875,2116.0107421875,59.71365737915039,0.740568995475769,0.07939799875020981,0.38833901286125183,16.256441116333008,75.93030548095703,239.75531005859375,172.87876892089844
2023-11-14,36753.3515625,2065.06689453125,57.730106353759766,0.6714940071105957,0.07542700320482254,0.37135499715805054,14.887002944946289,72.5024185180664,238.74281311035156,166.40402221679688
2023-11-15,37964.89453125,2061.99169921875,66.86766815185547,0.6501539945602417,0.07640799880027771,0.37929201126098633,15.312110900878906,74.25138854980469,238.10585021972656,166.46571350097656
2023-11-16,37934.625,2088.662353515625,67.99214935302734,0.652059018611908,0.08283700048923492,0.4085249900817871,15.170623779296875,74.30123138427734,244.09695434570312,162.76174926757812
2023-11-17,36704.484375,1990.050537109375,60.416290283203125,0.6238399744033813,0.08706100285053253,0.37815698981285095,14.238204956054688,71.62705993652344,234.67518615722656,167.01417541503906
2023-11-18,36839.28125,1971.4622802734375,59.283443450927734,0.6144880056381226,0.08639399707317352,0.37772899866104126,13.784717559814453,70.27632141113281,229.5441131591797,162.853515625
2023-11-19,37509.35546875,2015.6339111328125,62.02115249633789,0.6287199854850769,0.08059799671173096,0.3853659927845001,15.017291069030762,70.6695556640625,230.8810272216797,164.276123046875
2023-11-20,37756.8203125,2066.409912109375,61.370460510253906,0.627888023853302,0.08203999698162079,0.3992759883403778,15.371983528137207,70.95977783203125,230.53897094726562,164.97950744628906
2023-11-21,37631.140625,2035.035888671875,57.36568832397461,0.6178200244903564,0.07869800180196762,0.3893260061740875,14.650261878967285,71.64383697509766,234.43490600585938,165.78318786621094
2023-11-22,37856.98046875,2089.51416015625,58.79156494140625,0.6151120066642761,0.07656099647283554,0.38705500960350037,14.596335411071777,69.0522689819336,224.62164306640625,163.88995361328125
2023-11-23,37643.91796875,2088.031982421875,59.47392272949219,0.6227570176124573,0.07634799927473068,0.38714200258255005,14.789417266845703,70.59394073486328,227.22381591796875,167.81964111328125
2023-11-24,38415.33984375,2132.481201171875,58.686012268066406,0.6252779960632324,0.07842899858951569,0.3973439931869507,14.758118629455566,71.63275146484375,228.7765655517578,171.2775421142578
2023-11-25,37892.4296875,2091.3427734375,59.654144287109375,0.6234750151634216,0.07910499721765518,0.395702987909317,14.934152603149414,72.08313751220703,228.15225219726562,172.741943359375
2023-11-26,37820.30078125,2094.095947265625,58.95796203613281,0.6355940103530884,0.07897999882698059,0.39556899666786194,15.283394813537598,71.84637451171875,229.61964416503906,172.93093872070312
2023-11-27,37559.35546875,2070.606201171875,58.02122497558594,0.6169559955596924,0.08132000267505646,0.39178600907325745,15.242313385009766,70.45950317382812,228.84693908691406,170.3249969482422
2023-11-28,38368.48046875,2074.9541015625,58.6068229675293,0.6139659881591797,0.08103100210428238,0.3881149888038635,14.672588348388672,70.16437530517578,224.70745849609375,167.91094970703125
2023-11-29,38366.11328125,2071.994384765625,61.653358459472656,0.6165099740028381,0.08284199982881546,0.3888010084629059,14.959171295166016,70.41757202148438,226.60647583007812,167.825439453125
2023-11-30,38141.75390625,2054.4443359375,61.43787384033203,0.6096320152282715,0.08421699702739716,0.38257598876953125,14.794313430786133,70.10887145996094,223.51077270507812,170.22518920898438
2023-12-01,38954.109375,2109.319091796875,61.758018493652344,0.6139929890632629,0.08490800112485886,0.38524699211120605,15.015857696533203,72.13900756835938,226.0735321044922,171.8582763671875
2023-12-02,39678.9375,2182.81787109375,63.83285903930664,0.6224589943885803,0.0864809975028038,0.39784398674964905,16.168455123901367,72.67749786376953,228.51177978515625,173.6656494140625
2023-12-03,40135.60546875,2213.17578125,65.39625549316406,0.6329129934310913,0.08714699745178223,0.40232300758361816,16.249324798583984,72.71341705322266,232.3254852294922,173.42074584960938
2023-12-04,42371.75,2273.06982421875,65.13323974609375,0.6410880088806152,0.09195400029420853,0.4145500063896179,16.350549697875977,74.97122192382812,255.35446166992188,174.2147979736328
2023-12-05,44408.6640625,2306.5703125,62.54000473022461,0.6283730268478394,0.09505700320005417,0.4256579875946045,16.020591735839844,74.29496002197266,252.0131378173828,172.27003479003906
2023-12-06,44265.76953125,2310.713134765625,66.38362121582031,0.6421639919281006,0.10543199628591537,0.45410099625587463,16.122791290283203,74.64412689208984,262.81658935546875,173.87353515625
2023-12-07,44042.58984375,2380.729736328125,69.30046844482422,0.6530579924583435,0.09793899953365326,0.45904800295829773,15.781214714050293,74.44076538085938,248.85353088378906,176.95144653320312
2023-12-08,44705.515625,2387.514404296875,75.12979125976562,0.6742069721221924,0.10340599715709686,0.5665950179100037,17.103321075439453,78.56376647949219,254.3800811767578,175.41293334960938
2023-12-09,44361.2578125,2401.760498046875,77.50202178955078,0.6988379955291748,0.10461500287055969,0.6430240273475647,17.26832389831543,79.43228149414062,261.1710510253906,176.81436157226562
2023-12-10,44034.625,2376.749755859375,74.72459411621094,0.6703150272369385,0.10263600200414658,0.6131119728088379,16.432838439941406,78.70563507080078,255.09262084960938,178.48928833007812
2023-12-11,43808.375,2354.9140625,74.8381118774414,0.6627510190010071,0.10583700239658356,0.5975660085678101,16.421165466308594,77.46167755126953,251.2843017578125,176.44143676757812
2023-12-12,42048.3046875,2242.55126953125,72.34092712402344,0.6257209777832031,0.09745299816131592,0.6043869853019714,15.114489555358887,73.6204833984375,234.68292236328125,173.09280395507812
2023-12-13,43429.78125,2283.09912109375,72.3547592163086,0.6334260106086731,0.09738200157880783,0.6745749711990356,14.915492057800293,73.93169403076172,236.68734741210938,170.78623962402344
2023-12-14,43390.859375,2331.6015625,76.17998504638672,0.6375060081481934,0.09867899864912033,0.6778050065040588,15.512604713439941,74.01651763916016,237.77565002441406,169.2522430419922
2023-12-15,43087.82421875,2316.892822265625,79.15106964111328,0.6419489979743958,0.09861099720001221,0.6520709991455078,15.393260955810547,72.97990417480469,237.3636016845703,172.64068603515625
2023-12-16,42664.9453125,2260.809814453125,77.0792007446289,0.6252110004425049,0.09707599878311157,0.624472975730896,14.76237678527832,72.4605712890625,231.7813720703125,172.1312713623047
2023-12-17,42359.49609375,2244.366455078125,74.72001647949219,0.621891975402832,0.09758500009775162,0.6163399815559387,14.344747543334961,73.49186706542969,230.3541259765625,170.3069305419922
2023-12-18,42720.296875,2222.019287109375,75.38053894042969,0.6136659979820251,0.09365099668502808,0.6010329723358154,14.64920425415039,71.4552001953125,228.13385009765625,173.6438751220703
2023-12-19,43354.296875,2253.348876953125,76.27140808105469,0.6158319711685181,0.09335500001907349,0.6162130236625671,14.779111862182617,71.5743408203125,230.33059692382812,175.71434020996094
2023-12-20,44275.5859375,2263.3291015625,83.95745086669922,0.6253569722175598,0.09326499700546265,0.6088039875030518,14.781496047973633,71.85749816894531,234.2230224609375,174.91043090820312
2023-12-21,44240.66796875,2278.12158203125,95.32344055175781,0.6245020031929016,0.09721100330352783,0.6384029984474182,15.286552429199219,71.04276275634766,234.29161071777344,176.13693237304688
2023-12-22,44367.95703125,2341.947509765625,99.12442779541016,0.6276729702949524,0.09549400210380554,0.6502670049667358,15.6690673828125,73.76168060302734,243.50137329101562,176.86769104003906
2023-12-23,44015.69921875,2332.072021484375,109.50884246826172,0.6253730058670044,0.09520000219345093,0.6240969896316528,15.86966323852539,74.00381469726562,238.7809295654297,178.97100830078125
2023-12-24,43945.5234375,2325.705078125,117.38066864013672,0.6284130215644836,0.09480199962854385,0.6270769834518433,15.918647766113281,72.91796875,233.79177856445312,179.0787353515625
2023-12-25,43765.09375,2303.551025390625,125.19389343261719,0.6469849944114685,0.09516700357198715,0.6335769891738892,15.702865600585938,72.72115325927734,236.9493408203125,174.80848693847656
2023-12-26,43603.17578125,2274.557373046875,121.14399719238281,0.646481990814209,0.09444700181484222,0.6264259815216064,15.853294372558594,74.28353118896484,235.09072875976562,176.50726318359375
2023-12-27,43683.16015625,2392.608642578125,115.03387451171875,0.6415380239486694,0.09386400133371353,0.6428679823875427,16.672073364257812,76.8629379272461,264.5057067871094,176.28802490234375
2023-12-28,43804.78125,2445.017578125,109.420654296875,0.6557689905166626,0.09490100294351578,0.6754500269889832,17.543703079223633,77.43397521972656,276.7077941894531,180.38673400878906
2023-12-29,43124.32421875,2386.004638671875,109.6711196899414,0.6365950107574463,0.09301400184631348,0.6252530217170715,16.20697593688965,77.71273803710938,268.8082580566406,176.29066467285156
2023-12-30,42584.125,2322.021484375,107.3282241821289,0.6294789910316467,0.09140100330114365,0.6127650141716003,15.612436294555664,74.00729370117188,286.23223876953125,168.9859619140625
2023-12-31,42860.9375,2318.512939453125,105.133544921875,0.6275759935379028,0.09081599861383438,0.6092150211334229,15.481535911560059,74.16226196289062,271.7076416015625,167.60696411132812
2024-01-01,44175.4375,2352.327880859375,109.50868225097656,0.6312749981880188,0.09204600006341934,0.6238120198249817,15.559929847717285,74.73192596435547,268.5260925292969,169.60633850097656
2024-01-02,45899.70703125,2431.21240234375,116.88249206542969,0.6386269927024841,0.09432999789714813,0.6367040276527405,16.04694938659668,75.80821990966797,270.48919677734375,174.19151306152344
2024-01-03,45503.2421875,2385.11767578125,109.84809112548828,0.6377699971199036,0.09209299832582474,0.6179620027542114,15.548996925354004,73.57327270507812,266.4560241699219,169.54205322265625
2024-01-04,44770.0234375,2294.608154296875,107.98246765136719,0.5939409732818604,0.08465500175952911,0.5777649879455566,14.75055980682373,66.95932006835938,240.0231170654297,164.72821044921875
2024-01-05,44353.28515625,2276.7646484375,105.23542785644531,0.5894129872322083,0.08475500345230103,0.5727090239524841,14.642992973327637,66.74877166748047,240.8262939453125,164.7928009033203
2024-01-06,44227.6328125,2271.359375,100.03740692138672,0.5765119791030884,0.08277300000190735,0.5422120094299316,14.094762802124023,66.10518646240234,242.78836059570312,158.6244354248047
2024-01-07,44495.5703125,2257.1279296875,96.69239807128906,0.5727760195732117,0.08147399872541428,0.5295060276985168,13.714838027954102,66.2977294921875,239.55665588378906,155.16644287109375
2024-01-08,47218.0,2358.815673828125,99.76187133789062,0.5815950036048889,0.08171699941158295,0.5429019927978516,14.38736343383789,68.30154418945312,255.49240112304688,154.0047607421875
2024-01-09,47893.69921875,2369.6416015625,103.7961654663086,0.5785099864006042,0.08218199759721756,0.542585015296936,14.242671966552734,67.8353042602539,256.5728759765625,148.62973022460938
2024-01-10,47647.22265625,2626.976806640625,105.0823745727539,0.6125169992446899,0.08444999903440475,0.5871779918670654,15.310247421264648,71.03638458251953,259.7375793457031,151.4274444580078
2024-01-11,48969.37109375,2687.779052734375,106.93573760986328,0.6223400235176086,0.08763500303030014,0.6157940030097961,15.656933784484863,74.51087951660156,286.9382019042969,154.61944580078125
2024-01-12,46498.13671875,2710.421875,100.2544937133789,0.6032059788703918,0.085377998650074,0.5877019762992859,15.281560897827148,76.84762573242188,296.81414794921875,161.8675079345703
2024-01-13,43234.66015625,2589.079833984375,96.91764831542969,0.5774520039558411,0.08126000314950943,0.5530080199241638,14.421743392944336,73.48469543457031,262.133056640625,156.40708923339844
2024-01-14,43065.59765625,2578.332275390625,102.173583984375,0.592091977596283,0.08382400125265121,0.5495659708976746,15.354286193847656,72.23558807373047,258.63665771484375,159.74246215820312
2024-01-15,43319.72265625,2550.76904296875,96.82123565673828,0.5884600281715393,0.08163700252771378,0.5405460000038147,15.995445251464844,71.52884674072266,257.3055725097656,158.64012145996094
2024-01-16,43566.2734375,2613.56689453125,98.59530639648438,0.5796409845352173,0.08226700127124786,0.5460190176963806,15.34381103515625,70.40702819824219,256.19647216796875,159.96981811523438
2024-01-17,43189.890625,2592.737060546875,102.4337387084961,0.5760629773139954,0.08153899759054184,0.5387750267982483,16.33771514892578,69.87574005126953,251.28369140625,160.31907653808594
2024-01-18,42876.34765625,2546.263916015625,102.92314147949219,0.568356990814209,0.08069299906492233,0.5272489786148071,15.745418548583984,70.23684692382812,244.616943359375,163.77432250976562
2024-01-19,42134.16015625,2501.30517578125,95.16472625732422,0.5529950261116028,0.07870499789714813,0.5033050179481506,16.320892333984375,71.41926574707031,237.7614288330078,158.71812438964844
2024-01-20,41877.89453125,2489.84765625,94.02531433105469,0.5543860197067261,0.08999799937009811,0.5168219804763794,16.52505874633789,72.67486572265625,239.7688751220703,159.42242431640625
2024-01-21,41855.3671875,2479.760498046875,93.71378326416016,0.5547699928283691,0.08999200165271759,0.5195670127868652,15.878677368164062,72.14863586425781,242.4431915283203,163.20237731933594
2024-01-22,41651.20703125,2463.447265625,91.63616180419922,0.5486379861831665,0.08541599661111832,0.5050889849662781,15.890238761901855,72.54460144042969,240.3723907470703,159.87364196777344
2024-01-23,40127.3515625,2348.03125,85.8401870727539,0.5310249924659729,0.08167699724435806,0.4853380024433136,14.858843803405762,68.31859588623047,237.4127197265625,154.73936462402344
2024-01-24,40483.78515625,2261.384521484375,89.2677230834961,0.518867015838623,0.08051799982786179,0.478956013917923,14.411541938781738,66.29458618164062,237.9470672607422,155.53089904785156
2024-01-25,40254.48046875,2240.380859375,89.37682342529297,0.517982006072998,0.07913699746131897,0.483024001121521,14.235353469848633,66.14049530029297,237.93898010253906,157.70375061035156
2024-01-26,42209.38671875,2280.3837890625,93.52867126464844,0.535224974155426,0.08027900010347366,0.4896160066127777,14.279745101928711,67.50267791748047,242.7001953125,162.21633911132812
2024-01-27,42195.6328125,2282.54443359375,94.43761444091797,0.5343189835548401,0.08067800104618073,0.4895470142364502,14.390691757202148,68.28233337402344,244.51434326171875,161.9222412109375
2024-01-28,42797.17578125,2306.898681640625,99.37737274169922,0.5350540280342102,0.08137000352144241,0.49955400824546814,14.687256813049316,68.44358825683594,245.46099853515625,162.2913055419922
2024-01-29,43305.8671875,2320.02734375,101.77191162109375,0.5395770072937012,0.08287200331687927,0.5273020267486572,15.063239097595215,68.70699310302734,241.78790283203125,169.66189575195312
2024-01-30,43838.9453125,2388.87060546875,106.21345520019531,0.538703978061676,0.08212900161743164,0.5357419848442078,15.773016929626465,68.64164733886719,243.58453369140625,171.89364624023438
2024-01-31,43717.40625,2349.611328125,102.54806518554688,0.5137540102005005,0.0802220031619072,0.5192189812660217,16.026805877685547,69.7961654663086,238.8311004638672,166.70603942871094
2024-02-01,43243.16796875,2309.842529296875,97.9441909790039,0.5100989937782288,0.0797789990901947,0.5073400139808655,17.35688591003418,68.0745620727539,237.17071533203125,169.11488342285156
2024-02-02,43422.48828125,2323.053466796875,102.41262817382812,0.5132740139961243,0.07990100234746933,0.5234689712524414,18.833101272583008,68.34182739257812,237.76976013183594,171.05596923828125
2024-02-03,43359.94140625,2327.346923828125,101.0589828491211,0.5257400274276733,0.07945500314235687,0.5244770050048828,18.096162796020508,69.08407592773438,241.7821807861328,169.6786346435547
2024-02-04,43097.64453125,2309.01123046875,98.45758819580078,0.5189710259437561,0.0798569992184639,0.5128819942474365,18.620283126831055,68.83361053466797,243.69119262695312,167.76048278808594
2024-02-05,43494.25,2334.6767578125,98.5440444946289,0.5128899812698364,0.08002699911594391,0.5047659873962402,19.684988021850586,68.13233184814453,237.66099548339844,167.88267517089844
2024-02-06,43344.1484375,2389.826171875,97.79078674316406,0.5104429721832275,0.0791810005903244,0.5034210085868835,19.265439987182617,68.75141143798828,237.16546630859375,166.5355224609375
2024-02-07,44341.94921875,2442.63623046875,101.23660278320312,0.514523983001709,0.08025500178337097,0.5018439888954163,19.043725967407227,68.74256896972656,240.81297302246094,133.91561889648438
2024-02-08,45575.83984375,2459.556640625,104.79804229736328,0.5184800028800964,0.08075500279664993,0.5348290205001831,19.239654541015625,70.607177734375,244.8486328125,131.45755004882812
2024-02-09,48152.49609375,2522.724609375,108.98772430419922,0.528078019618988,0.08208800107240677,0.54728102684021,18.60782241821289,71.8592529296875,253.4197540283203,129.06787109375
2024-02-10,48146.171875,2516.7197265625,110.74279022216797,0.5281879901885986,0.08208300173282623,0.5560230016708374,19.091100692749023,71.17469024658203,251.47096252441406,123.2961196899414
2024-02-11,48535.9375,2537.67919921875,110.55686950683594,0.5353350043296814,0.08327899873256683,0.5641019940376282,20.6483097076416,72.94056701660156,282.7867736816406,122.95767211914062
2024-02-12,50280.4765625,2663.8427734375,112.06966400146484,0.5369809865951538,0.08279699832201004,0.5646119713783264,20.822092056274414,73.41268157958984,288.1115417480469,128.28427124023438
2024-02-13,50358.390625,2686.455078125,114.8106460571289,0.5335379838943481,0.08295399695634842,0.563696026802063,20.576597213745117,73.13077545166016,285.87933349609375,128.7344207763672
2024-02-14,52021.37109375,2786.8935546875,118.3277816772461,0.5418819785118103,0.08700300008058548,0.5808830261230469,20.419578552246094,70.74320983886719,291.9614562988281,131.72084045410156
2024-02-15,52820.06640625,2865.845458984375,118.3064956665039,0.5738480091094971,0.08804800361394882,0.6107410192489624,20.510305404663086,70.86344146728516,282.2859191894531,129.1033477783203
2024-02-16,52537.96875,2858.450439453125,114.25308990478516,0.5784599781036377,0.08788000047206879,0.6122689843177795,20.30176544189453,70.96041870117188,274.9676208496094,128.9036407470703
2024-02-17,52191.9140625,2805.128662109375,111.07304382324219,0.5656120181083679,0.08605899661779404,0.6099179983139038,20.247217178344727,70.72038269042969,274.81219482421875,122.76209259033203
2024-02-18,52356.96484375,2892.843505859375,114.00138092041016,0.5621960163116455,0.08569999784231186,0.6374850273132324,20.343292236328125,71.278076171875,271.55926513671875,123.17143249511719
2024-02-19,52483.32421875,2983.37060546875,114.71797943115234,0.567300021648407,0.09053599834442139,0.6364780068397522,20.21760368347168,71.67140197753906,273.3285217285156,123.00676727294922
2024-02-20,52945.05078125,3031.5244140625,112.0367431640625,0.5744640231132507,0.09120800346136093,0.6390209794044495,19.869354248046875,71.42372131347656,273.4005432128906,125.2234878540039
2024-02-21,52368.81640625,3017.1904296875,108.45266723632812,0.5628790259361267,0.08622200042009354,0.6226670145988464,19.295188903808594,69.66280364990234,266.13543701171875,125.53594207763672
2024-02-22,52009.61328125,3030.666015625,106.99540710449219,0.550961971282959,0.08540699630975723,0.6068919897079468,18.999244689941406,69.63172912597656,265.52337646484375,124.81736755371094
2024-02-23,51497.93359375,2991.32958984375,103.02283477783203,0.5432940125465393,0.08548299968242645,0.5940210223197937,18.25124168395996,69.06391906738281,266.6666259765625,124.58773803710938
2024-02-24,51684.1953125,3003.195068359375,104.64539337158203,0.5477070212364197,0.08631999790668488,0.5989239811897278,18.550090789794922,70.6188735961914,270.09991455078125,125.14173889160156
2024-02-25,51950.02734375,3117.428955078125,104.32994079589844,0.5483999848365784,0.08675900101661682,0.5997750163078308,18.822856903076172,70.55437469482422,270.4248962402344,129.35189819335938
2024-02-26,54938.17578125,3197.375,110.58035278320312,0.5524439811706543,0.09002400189638138,0.6216980218887329,19.2612247467041,72.91568756103516,276.4686584472656,129.8892822265625
2024-02-27,57537.83984375,3287.9580078125,112.2047119140625,0.5960649847984314,0.09995699673891068,0.6289939880371094,19.352935791015625,76.28779602050781,311.0049133300781,130.3502960205078
2024-02-28,63913.1328125,3485.450927734375,118.05220031738281,0.6052049994468689,0.12111599743366241,0.6580229997634888,20.623516082763672,77.84503173828125,312.6141052246094,139.9464874267578
2024-02-29,63585.64453125,3518.96923828125,134.4656982421875,0.6243829727172852,0.13440899550914764,0.7052800059318542,20.415945053100586,84.81261444091797,322.6735534667969,141.0065155029297
2024-03-01,63155.1015625,3452.626220703125,137.60186767578125,0.6031879782676697,0.1452610045671463,0.7190809845924377,20.084226608276367,86.05924987792969,318.6593322753906,145.03184509277344
2024-03-02,62458.69921875,3459.747314453125,131.45486450195312,0.6495140194892883,0.15006400644779205,0.7613030076026917,21.67681121826172,94.47052001953125,502.62078857421875,145.17453002929688
2024-03-03,63230.2109375,3491.16845703125,132.062744140625,0.6448460221290588,0.15575900673866272,0.7416639924049377,21.489763259887695,94.52516174316406,525.2508544921875,151.74342346191406
2024-03-04,68537.03125,3641.459228515625,134.87417602539062,0.6641809940338135,0.18430699408054352,0.796567976474762,20.86111068725586,92.42456817626953,476.0616760253906,151.11746215820312
2024-03-05,69170.625,3828.15966796875,142.65093994140625,0.6685100197792053,0.2054390013217926,0.7806950211524963,20.992366790771484,91.83197021484375,479.2146301269531,151.004638671875
2024-03-06,67637.9296875,3901.434326171875,134.8106231689453,0.6228970289230347,0.17743299901485443,0.7542889714241028,20.145967483520508,87.25851440429688,420.70477294921875,151.53488159179688
2024-03-07,68029.921875,3939.593994140625,149.2247314453125,0.6397190093994141,0.16204099357128143,0.7546200156211853,20.339584350585938,89.60367584228516,438.80963134765625,148.74871826171875
2024-03-08,70083.0546875,3998.826416015625,152.4179229736328,0.6342830061912537,0.1754949986934662,0.7544599771499634,20.39038848876953,89.30990600585938,445.85150146484375,150.9989471435547
2024-03-09,68673.0546875,3950.396484375,149.35128784179688,0.6333230137825012,0.18454299867153168,0.7461429834365845,20.343549728393555,91.01152801513672,456.426513671875,148.946533203125
2024-03-10,70005.203125,3968.7236328125,148.6719207763672,0.6283169984817505,0.17958800494670868,0.7442259788513184,21.94320297241211,90.91190338134766,446.21893310546875,148.5636444091797
2024-03-11,72850.7109375,4087.050048828125,150.01797485351562,0.7421259880065918,0.18250900506973267,0.7868829965591431,22.82524871826172,105.58413696289062,455.5777282714844,146.832763671875
2024-03-12,72825.65625,4092.2841796875,154.94229125976562,0.7305489778518677,0.18310800194740295,0.7750030159950256,21.323486328125,104.08688354492188,448.73834228515625,147.2506866455078
2024-03-13,73637.4765625,4083.00732421875,166.44876098632812,0.7020930051803589,0.17385099828243256,0.772146999835968,20.947208404541016,98.78469848632812,451.8923645019531,150.5049285888672
2024-03-14,73750.0703125,4011.102783203125,177.8926239013672,0.7048069834709167,0.19151200354099274,0.8069850206375122,21.926925659179688,98.01575469970703,471.48089599609375,151.05618286132812
2024-03-15,72357.1328125,3928.775634765625,188.50135803222656,0.6741560101509094,0.18105700612068176,0.7619619965553284,20.97629737854004,95.27178955078125,444.3124084472656,147.46328735351562
2024-03-16,70046.2734375,3780.89453125,197.65599060058594,0.6431490182876587,0.16493600606918335,0.7336540222167969,19.816816329956055,90.63287353515625,420.65460205078125,148.72024536132812
2024-03-17,68845.71875,3676.263427734375,204.29254150390625,0.6243600249290466,0.15876099467277527,0.6867949962615967,18.798864364624023,86.679931640625,407.2947998046875,145.21580505371094
2024-03-18,68897.1328125,3642.4970703125,209.69606018066406,0.6642270088195801,0.1543319970369339,0.6964100003242493,19.473478317260742,87.86909484863281,410.5715637207031,141.6734161376953
2024-03-19,68106.9296875,3546.582275390625,198.24107360839844,0.647566020488739,0.14501400291919708,0.6644840240478516,18.44158172607422,87.42929077148438,411.2204895019531,141.35015869140625
2024-03-20,68115.2578125,3534.826416015625,192.9118194580078,0.6185659766197205,0.15286800265312195,0.6431609988212585,18.49754524230957,85.24988555908203,410.208251953125,142.71876525878906
2024-03-21,68199.9921875,3586.905029296875,195.30612182617188,0.6535210013389587,0.1587589979171753,0.6465219855308533,18.885072708129883,86.80300903320312,435.2151184082031,144.3041534423828
2024-03-22,66623.75,3541.898193359375,181.3232421875,0.6443449854850769,0.164902001619339,0.6418319940567017,18.54477882385254,86.08287811279297,432.57843017578125,140.75100708007812
2024-03-23,65976.3984375,3433.758056640625,178.80010986328125,0.632407009601593,0.17461900413036346,0.6386299729347229,18.463712692260742,87.45525360107422,475.3690490722656,139.92782592773438
2024-03-24,67622.7578125,3470.344482421875,186.62942504882812,0.6356009840965271,0.17990000545978546,0.6473039984703064,18.622695922851562,90.4247817993164,497.8091125488281,143.72979736328125
2024-03-25,71162.59375,3657.118896484375,194.43026733398438,0.6592959761619568,0.18599900603294373,0.667585015296936,19.47170066833496,91.93660736083984,505.8142395019531,143.42018127441406
2024-03-26,71535.7421875,3678.789794921875,196.2930450439453,0.6528139710426331,0.18605700135231018,0.6825870275497437,20.70880126953125,96.84715270996094,494.4664611816406,143.6093292236328
2024-03-27,71727.6875,3664.383056640625,192.49658203125,0.6344680190086365,0.19128499925136566,0.6701580286026001,20.1717529296875,98.30583190917969,551.3453979492188,141.34169006347656
2024-03-28,71546.0234375,3609.705322265625,190.8834686279297,0.636447012424469,0.22658100724220276,0.6574159860610962,19.769563674926758,96.38533782958984,585.3680419921875,139.89993286132812
2024-03-29,70913.09375,3583.701416015625,192.96981811523438,0.6439949870109558,0.22439999878406525,0.6667490005493164,19.279991149902344,110.00592803955078,637.7060546875,137.1710205078125
2024-03-30,70355.4921875,3566.08447265625,199.73094177246094,0.6364560127258301,0.21651600301265717,0.668271005153656,19.294198989868164,109.24998474121094,622.9341430664062,133.5485076904297
2024-03-31,71377.78125,3655.218994140625,203.02679443359375,0.6297630071640015,0.22393299639225006,0.6530830264091492,19.335132598876953,106.54881286621094,691.443603515625,129.87472534179688
2024-04-01,71342.09375,3648.129150390625,204.1797637939453,0.6320359706878662,0.22006799280643463,0.6509559750556946,19.268688201904297,112.31586456298828,700.2962646484375,129.38836669921875
2024-04-02,69708.3828125,3506.962890625,192.56942749023438,0.6177380084991455,0.20557700097560883,0.6216959953308105,18.471210479736328,108.81121063232422,649.0509033203125,123.6005630493164
2024-04-03,66914.3203125,3368.111572265625,191.6926727294922,0.592831015586853,0.18740299344062805,0.5940030217170715,18.284156799316406,109.54499816894531,642.8534545898438,129.68568420410156
2024-04-04,69291.2578125,3443.20751953125,190.06968688964844,0.6137800216674805,0.18809999525547028,0.5960729718208313,18.24907112121582,103.96652221679688,681.6694946289062,132.0582275390625
2024-04-05,68725.7578125,3345.66650390625,184.977783203125,0.5936980247497559,0.1804800033569336,0.5842999815940857,17.796274185180664,100.10220336914062,713.0036010742188,132.2454376220703
2024-04-06,69629.6015625,3397.592529296875,179.69752502441406,0.5981910228729248,0.1876859962940216,0.5883229970932007,17.657634735107422,102.31310272216797,714.0624389648438,132.6934356689453
2024-04-07,70284.4296875,3458.50830078125,182.5382080078125,0.6017420291900635,0.2048110067844391,0.595881998538971,17.935413360595703,105.6772689819336,708.3209838867188,135.30096435546875
2024-04-08,72715.359375,3727.616455078125,184.30287170410156,0.6260390281677246,0.20869000256061554,0.6158120036125183,18.651395797729492,105.84207916259766,709.4932250976562,136.7606658935547
2024-04-09,71742.5078125,3724.92236328125,180.82568359375,0.6412580013275146,0.20324300229549408,0.623212993144989,18.161100387573242,103.38558959960938,694.4515991210938,139.79989624023438
2024-04-10,71093.4296875,3561.516357421875,175.32261657714844,0.6196969747543335,0.20167599618434906,0.5934380292892456,17.567617416381836,98.1346435546875,672.7896118164062,136.72561645507812
2024-04-11,71256.234375,3616.1943359375,176.2355194091797,0.6208890080451965,0.20311999320983887,0.5938820242881775,17.611204147338867,99.80048370361328,629.467529296875,135.80946350097656
2024-04-12,71222.7421875,3552.589111328125,175.8086395263672,0.6153050065040588,0.20042799413204193,0.5914559960365295,17.85430908203125,99.2889633178711,617.891357421875,134.95394897460938
2024-04-13,67931.4296875,3299.663818359375,154.94395446777344,0.5488380193710327,0.1755719929933548,0.515500009059906,15.38916015625,86.49285888671875,551.1442260742188,128.999755859375
2024-04-14,65824.4296875,3174.66650390625,152.50100708007812,0.5074589848518372,0.16448600590229034,0.47727400064468384,14.230466842651367,80.36457824707031,529.7763671875,123.25422668457031
2024-04-15,66878.6484375,3277.5615234375,155.96116638183594,0.5190650224685669,0.16888999938964844,0.494594007730484,14.655649185180664,82.75382232666016,566.6868896484375,127.28872680664062
2024-04-16,64355.66796875,3127.160888671875,140.27830505371094,0.5009899735450745,0.1622370034456253,0.47684699296951294,13.795145034790039,80.38191223144531,510.0460205078125,123.96586608886719
2024-04-17,64486.36328125,3123.669677734375,142.60438537597656,0.5065799951553345,0.1585109978914261,0.4642679989337921,13.600729942321777,80.71611022949219,489.65887451171875,125.1657485961914
2024-04-18,64125.6875,3094.842041015625,143.72735595703125,0.5047540068626404,0.15371699631214142,0.4599049985408783,13.954026222229004,82.39315795898438,488.1336669921875,119.17723083496094
2024-04-19,65481.59765625,3127.114990234375,147.3337860107422,0.5106980204582214,0.15690599381923676,0.47526198625564575,14.09622573852539,82.01753997802734,489.69183349609375,121.67162322998047
2024-04-20,65442.45703125,3170.6728515625,152.09918212890625,0.52988600730896,0.16484199464321136,0.507407009601593,15.033140182495117,85.89022064208984,522.0184936523438,122.17503356933594
2024-04-21,65723.2421875,3197.50634765625,153.42225646972656,0.5366100072860718,0.16547800600528717,0.5122659802436829,15.096563339233398,85.68260192871094,518.1041259765625,125.08568572998047
2024-04-22,67233.9609375,3236.6591796875,158.37271118164062,0.569130003452301,0.16336099803447723,0.5218070149421692,16.014923095703125,86.37734985351562,528.0584716796875,124.00096130371094
2024-04-23,67199.2421875,3264.41943359375,159.94459533691406,0.557187020778656,0.16286799311637878,0.520421028137207,15.568509101867676,85.90682983398438,522.8160400390625,124.06352996826172
2024-04-24,67075.3671875,3292.921630859375,159.58090209960938,0.5516200065612793,0.1640940010547638,0.5098400115966797,15.62138557434082,87.6387710571289,511.36944580078125,122.21572875976562
2024-04-25,65275.20703125,3190.976318359375,149.3037567138672,0.532256007194519,0.15418100357055664,0.4792329967021942,14.881219863891602,85.02046203613281,485.63262939453125,121.7177505493164
2024-04-26,64789.65625,3166.188720703125,145.8546142578125,0.5355110168457031,0.15172700583934784,0.47815001010894775,14.907397270202637,88.48827362060547,492.7309875488281,122.44477081298828
2024-04-27,63898.36328125,3279.451171875,142.87451171875,0.5262110233306885,0.14936399459838867,0.4689350128173828,14.510931968688965,88.36001586914062,484.76519775390625,123.07646942138672
2024-04-28,64321.484375,3351.176513671875,144.51388549804688,0.5246260166168213,0.15095999836921692,0.47733500599861145,14.42255687713623,85.36380767822266,486.8470153808594,129.9467010498047
2024-04-29,64174.87890625,3285.46875,138.7387237548828,0.5171279907226562,0.14794999361038208,0.46306100487709045,14.16159439086914,85.4811019897461,473.79241943359375,129.57058715820312
2024-04-30,64703.33203125,3249.37841796875,139.6676483154297,0.5192300081253052,0.14590199291706085,0.46238499879837036,14.189181327819824,84.4456558227539,469.61572265625,131.4962921142578
2024-05-01,60780.5,3020.17333984375,135.11386108398438,0.5201680064201355,0.13372400403022766,0.4560829997062683,13.415224075317383,80.6950454711914,435.30145263671875,123.54643249511719
2024-05-02,59602.296875,3015.05029296875,140.28152465820312,0.5243350267410278,0.13425399363040924,0.4610069990158081,13.764080047607422,81.14041137695312,434.0450134277344,125.88201141357422
2024-05-03,63320.50390625,3127.1552734375,144.9600372314453,0.5365129709243774,0.1477620005607605,0.47281500697135925,14.20153522491455,82.59833526611328,457.9335021972656,126.46170043945312
2024-05-04,64494.95703125,3167.541259765625,148.9357452392578,0.5401409864425659,0.16909199953079224,0.4745520055294037,14.466255187988281,82.92390441894531,478.90643310546875,129.53396606445312
2024-05-05,64610.890625,3170.05517578125,147.91647338867188,0.5331860184669495,0.1631300002336502,0.4652009904384613,14.645101547241211,81.73737335205078,472.1885070800781,134.4983673095703
2024-05-06,65494.90234375,3220.15234375,156.62669372558594,0.5688809752464294,0.16894100606441498,0.4746440052986145,15.149190902709961,83.98172760009766,483.94927978515625,134.5620880126953
2024-05-07,64390.45703125,3129.081298828125,159.05345153808594,0.5438420176506042,0.15980200469493866,0.4557110071182251,14.70867919921875,82.54014587402344,493.6477355957031,133.3108673095703
2024-05-08,62986.0859375,3037.196044921875,149.81089782714844,0.5290600061416626,0.15192100405693054,0.46747300028800964,14.083839416503906,82.10762023925781,472.5580139160156,131.891845703125
2024-05-09,63404.9140625,3057.958251953125,153.08624267578125,0.5232700109481812,0.1539829969406128,0.464136004447937,14.355130195617676,83.07113647460938,456.85107421875,135.1270751953125
2024-05-10,63446.7421875,3052.7294921875,155.41159057617188,0.521058976650238,0.15304799377918243,0.46769899129867554,14.35779857635498,83.42251586914062,456.2049865722656,134.1036834716797
2024-05-11,61451.15234375,2942.1787109375,147.4264373779297,0.50730299949646,0.1460369974374771,0.4505470097064972,13.796143531799316,82.18994903564453,433.9058837890625,133.42112731933594
2024-05-12,61818.15625,2953.04736328125,147.57147216796875,0.5085880160331726,0.14438900351524353,0.4425640106201172,13.578140258789062,82.10115814208984,437.831298828125,134.7428741455078
2024-05-13,63422.66015625,2994.869140625,150.54666137695312,0.5116739869117737,0.1568250060081482,0.4521450102329254,13.651914596557617,82.46473693847656,447.6558532714844,136.92623901367188
2024-05-14,63092.125,2959.546630859375,148.8286895751953,0.511355996131897,0.15476499497890472,0.43781399726867676,13.570034980773926,81.17059326171875,438.655029296875,135.97230529785156
2024-05-15,66454.453125,3041.602294921875,158.64071655273438,0.5196210145950317,0.1569889932870865,0.45458799600601196,13.932564735412598,82.78459167480469,466.2270202636719,136.2345428466797
2024-05-16,66712.4296875,3041.80712890625,164.31932067871094,0.5213310122489929,0.15902499854564667,0.46197599172592163,15.821798324584961,83.18783569335938,465.3505554199219,135.50892639160156
2024-05-17,67459.4609375,3120.3017578125,171.6060791015625,0.5288699865341187,0.15636399388313293,0.4899449944496155,16.721471786499023,84.21932220458984,476.8539733886719,135.60890197753906
2024-05-18,67387.328125,3146.79052734375,175.7790985107422,0.5256279706954956,0.1568720042705536,0.48551398515701294,16.543102264404297,84.61653900146484,490.9467468261719,137.70480346679688
2024-05-19,67694.296875,3137.1484375,175.1893310546875,0.5235369801521301,0.15596400201320648,0.48301801085472107,17.08928108215332,84.37700653076172,496.274169921875,136.29043579101562
2024-05-20,71483.5625,3690.805908203125,187.44712829589844,0.5373330116271973,0.16594499349594116,0.5017579793930054,17.422252655029297,88.99490356445312,516.750732421875,136.91647338867188
2024-05-21,71946.4609375,3837.372802734375,188.49383544921875,0.5561180114746094,0.17262999713420868,0.5089679956436157,17.410146713256836,89.41799926757812,527.9810180664062,142.12765502929688
2024-05-22,70623.6953125,3810.948486328125,183.0676727294922,0.5376880168914795,0.1740950047969818,0.49492400884628296,16.90926742553711,88.40859985351562,515.3020629882812,139.65060424804688
2024-05-23,70041.2734375,3943.553955078125,180.165283203125,0.5392069816589355,0.1691419929265976,0.4876349866390228,16.785688400268555,87.71839904785156,514.55224609375,141.54554748535156
2024-05-24,69220.296875,3825.12255859375,176.03147888183594,0.5367299914360046,0.17270100116729736,0.46891599893569946,17.739299774169922,86.33328247070312,499.6725158691406,143.9115447998047
2024-05-25,69579.3203125,3776.006591796875,170.3550567626953,0.5423189997673035,0.17408600449562073,0.46427100896835327,17.45404624938965,85.88945007324219,498.68829345703125,142.4070587158203
2024-05-26,69506.2265625,3879.470703125,168.43927001953125,0.5418350100517273,0.17454999685287476,0.46236398816108704,17.876766204833984,85.21260070800781,493.68768310546875,143.7331085205078
2024-05-27,70597.8828125,3973.556396484375,171.98854064941406,0.539929986000061,0.17303599417209625,0.4739989936351776,18.82194709777832,86.3172378540039,502.51556396484375,144.15159606933594
2024-05-28,69514.640625,3924.895751953125,173.0171356201172,0.5345720052719116,0.16933000087738037,0.46843698620796204,18.796405792236328,85.39529418945312,489.1937255859375,144.4872589111328
2024-05-29,68852.4609375,3880.6484375,173.64195251464844,0.5320940017700195,0.17026899755001068,0.46310698986053467,19.163124084472656,84.08186340332031,474.3714294433594,143.52081298828125
2024-05-30,69500.5390625,3823.643310546875,172.41778564453125,0.5273370146751404,0.1654070019721985,0.4545460045337677,19.159082412719727,85.42882537841797,474.39111328125,147.0178985595703
2024-05-31,68999.5625,3843.857666015625,170.63156127929688,0.5240820050239563,0.16222600638866425,0.4549570083618164,18.695404052734375,84.59213256835938,468.5384521484375,148.87396240234375
2024-06-01,67839.765625,3829.294677734375,167.73709106445312,0.5212609767913818,0.16132299602031708,0.45258399844169617,18.644102096557617,83.64016723632812,464.9303894042969,150.84860229492188
2024-06-02,68409.1640625,3834.911865234375,166.9154815673828,0.5194140076637268,0.16119399666786194,0.4532549977302551,18.53378677368164,83.43370819091797,464.5645751953125,152.751953125
2024-06-03,70230.8203125,3848.60302734375,167.03875732421875,0.5224829912185669,0.16321100294589996,0.4623570144176483,18.330148696899414,84.16109466552734,471.2911682128906,158.1108856201172
2024-06-04,71047.40625,3831.364990234375,171.8168182373047,0.5300390124320984,0.16174399852752686,0.46518000960350037,17.8302001953125,83.65604400634766,479.1919250488281,160.02249145507812
2024-06-05,71735.4140625,3887.48583984375,175.47531127929688,0.5306640267372131,0.16472400724887848,0.464711993932724,18.05718994140625,85.4281005859375,497.57781982421875,165.2701873779297
2024-06-06,71625.734375,3878.05224609375,174.30470275878906,0.5276039838790894,0.16516999900341034,0.46186500787734985,17.763635635375977,85.73461151123047,501.9044494628906,166.31126403808594
2024-06-07,71907.8515625,3838.4521484375,172.4381561279297,0.5274670124053955,0.16201899945735931,0.4884360134601593,17.68723487854004,84.80403137207031,519.4896240234375,174.50274658203125
2024-06-08,69533.3203125,3707.497314453125,163.62017822265625,0.5005019903182983,0.14858299493789673,0.4496389925479889,16.40069007873535,80.39139556884766,484.4852600097656,169.46412658691406
2024-06-09,69817.5234375,3719.36767578125,162.91897583007812,0.4990290105342865,0.1490889936685562,0.44571900367736816,16.364234924316406,80.6773681640625,475.471923828125,175.28504943847656
2024-06-10,70146.0703125,3711.4287109375,162.8277587890625,0.5051659941673279,0.14781999588012695,0.4500879943370819,16.37598419189453,80.51067352294922,474.6488952636719,181.34616088867188
2024-06-11,69549.4140625,3669.890869140625,159.52310180664062,0.49664801359176636,0.14504699409008026,0.44093799591064453,15.89627456665039,79.64070129394531,468.9769592285156,180.60108947753906
2024-06-12,69977.890625,3652.4921875,161.51483154296875,0.4975320100784302,0.1503250002861023,0.4438050091266632,16.224266052246094,79.19055938720703,466.1671447753906,182.25440979003906
2024-06-13,68365.78125,3559.725341796875,155.19235229492188,0.4915579855442047,0.14635300636291504,0.4386430084705353,16.02467918395996,79.71875,455.7046203613281,181.2927703857422
2024-06-14,67294.6484375,3528.602294921875,148.78933715820312,0.48075199127197266,0.14321300387382507,0.4241209924221039,15.438286781311035,80.1712646484375,439.8710632324219,176.6988525390625
2024-06-15,66402.1875,3589.887451171875,145.5409698486328,0.5038589835166931,0.1372770071029663,0.41505101323127747,15.090065002441406,79.34984588623047,432.14697265625,177.92532348632812
2024-06-16,66894.84375,3648.093017578125,151.12550354003906,0.4986270070075989,0.1373469978570938,0.41812801361083984,15.2034912109375,80.00274658203125,433.4825134277344,177.96011352539062
2024-06-17,67188.3203125,3634.285400390625,151.58477783203125,0.5191419720649719,0.1380230039358139,0.4199869930744171,15.192699432373047,79.16062927246094,428.9483947753906,178.0352020263672
2024-06-18,66556.703125,3514.17724609375,143.61065673828125,0.5078030228614807,0.12910300493240356,0.40221598744392395,14.58327579498291,76.67543029785156,420.69097900390625,174.4120330810547
2024-06-19,65695.3515625,3583.320068359375,141.66993713378906,0.4991689920425415,0.12650799751281738,0.3972490131855011,14.482510566711426,74.879638671875,397.8953857421875,172.07003784179688
2024-06-20,66438.9609375,3623.886474609375,141.0752410888672,0.501285970211029,0.12826600670814514,0.3967899978160858,14.820920944213867,75.29202270507812,400.22747802734375,172.18617248535156
2024-06-21,65007.546875,3542.957275390625,135.22915649414062,0.49488401412963867,0.12549999356269836,0.39034199714660645,14.576876640319824,74.6950912475586,393.7512512207031,172.81886291503906
2024-06-22,64475.46875,3519.49755859375,136.46005249023438,0.48934200406074524,0.1253650039434433,0.3895919919013977,13.89426326751709,74.8216323852539,396.1449279785156,167.74217224121094
2024-06-23,64491.703125,3519.324951171875,135.005859375,0.4888480007648468,0.12612000107765198,0.3922950029373169,13.663207054138184,74.96100616455078,396.16534423828125,168.07400512695312
2024-06-24,63292.52734375,3430.698974609375,132.3112335205078,0.4812979996204376,0.12367500364780426,0.38089999556541443,13.665404319763184,73.37001037597656,383.5332336425781,167.22825622558594
2024-06-25,62258.26171875,3422.21337890625,139.72958374023438,0.4795460104942322,0.12823599576950073,0.39673399925231934,14.273918151855469,71.91136169433594,393.5743408203125,164.70030212402344
2024-06-26,62434.13671875,3421.509521484375,140.16876220703125,0.47781699895858765,0.12852199375629425,0.39453399181365967,14.274323463439941,71.90345764160156,396.8505859375,166.1926727294922
2024-06-27,62293.86328125,3470.923095703125,150.7672119140625,0.4764530062675476,0.1281149983406067,0.393204003572464,14.521854400634766,73.18812561035156,391.5429382324219,167.06028747558594
2024-06-28,62126.09765625,3482.95751953125,150.0515899658203,0.4801720082759857,0.12797600030899048,0.39517098665237427,14.555310249328613,74.5482177734375,405.87164306640625,168.351806640625
2024-06-29,61097.62109375,3401.730224609375,142.8238525390625,0.4761430025100708,0.12412100285291672,0.4020240008831024,14.130751609802246,76.5953369140625,388.5091857910156,167.9651641845703
2024-06-30,62892.828125,3453.21142578125,147.19932556152344,0.47732600569725037,0.1253329962491989,0.3932330012321472,14.305947303771973,75.80418395996094,396.4529113769531,169.48956298828125
2024-07-01,63777.2265625,3513.310791015625,148.7985076904297,0.4828220009803772,0.1272359937429428,0.4075619876384735,14.542048454284668,75.80268096923828,397.51837158203125,173.19979858398438
2024-07-02,63203.359375,3459.761474609375,154.7129669189453,0.48772498965263367,0.1250939965248108,0.4187830090522766,14.717906951904297,76.04199981689453,391.1229553222656,170.4072723388672
2024-07-03,62187.703125,3426.332275390625,154.197998046875,0.4860219955444336,0.1253259927034378,0.42190998792648315,14.551860809326172,76.06666564941406,381.9670715332031,170.50111389160156
2024-07-04,60399.67578125,3309.20361328125,142.51486206054688,0.4690040051937103,0.11894799768924713,0.4126319885253906,13.712814331054688,72.29471588134766,373.83203125,166.0784149169922
2024-07-05,57497.15234375,3106.152587890625,135.84579467773438,0.4334479868412018,0.10641799867153168,0.3627130091190338,12.5511474609375,65.39863586425781,331.39886474609375,156.2938995361328
2024-07-06,58472.546875,3080.107421875,144.0084686279297,0.4494819939136505,0.11407899856567383,0.3729360103607178,13.262130737304688,65.58055877685547,343.5633239746094,159.0389862060547
2024-07-07,58371.12109375,3072.814453125,143.1870574951172,0.4490480124950409,0.11357700079679489,0.37118399143218994,13.198487281799316,65.53449249267578,343.0304870605469,159.6597442626953
2024-07-08,58131.3359375,3090.66455078125,141.6341094970703,0.44206199049949646,0.1110209971666336,0.3788749873638153,13.5100679397583,66.1348876953125,336.5621337890625,155.14407348632812
2024-07-09,58239.1953125,3105.800537109375,143.92938232421875,0.43742600083351135,0.1092199981212616,0.3805429935455322,13.263107299804688,66.1781997680664,340.0464172363281,155.57618713378906
2024-07-10,59359.43359375,3148.407470703125,145.8537139892578,0.44240400195121765,0.11043000221252441,0.3896229863166809,13.143470764160156,67.19572448730469,345.6974792480469,158.71751403808594
2024-07-11,59299.43359375,3208.9384765625,145.32443237304688,0.45281898975372314,0.11217900365591049,0.4041309952735901,13.108009338378906,69.08324432373047,366.6850891113281,159.64967346191406
2024-07-12,58532.5546875,3154.6015625,140.42477416992188,0.47741299867630005,0.10826600342988968,0.4176590144634247,12.809008598327637,69.343994140625,369.2003479003906,160.05099487304688
2024-07-13,59787.078125,3199.989501953125,143.367431640625,0.5635790228843689,0.11288899928331375,0.4451799988746643,13.103643417358398,70.57685089111328,379.5633239746094,162.5828094482422
2024-07-14,61329.52734375,3266.487548828125,148.54705810546875,0.5396050214767456,0.11649499833583832,0.44449499249458313,13.514665603637695,70.50310516357422,387.7035217285156,160.14964294433594
2024-07-15,64870.15234375,3494.098388671875,159.9420623779297,0.5393840074539185,0.12535199522972107,0.44558200240135193,14.483896255493164,72.51093292236328,400.7317199707031,161.75914001464844
2024-07-16,65354.33984375,3498.218994140625,162.46951293945312,0.5925269722938538,0.12725700438022614,0.4521940052509308,14.60416030883789,73.99192810058594,404.21820068359375,163.69309997558594
2024-07-17,66066.734375,3516.104248046875,163.59523010253906,0.6366440057754517,0.12750600278377533,0.4552229940891266,14.497535705566406,74.19403839111328,397.7931213378906,164.1903839111328
2024-07-18,65104.66015625,3488.715576171875,161.587158203125,0.6359869837760925,0.1238429993391037,0.44866400957107544,13.976606369018555,72.88584899902344,386.02862548828125,161.69471740722656
2024-07-19,67442.640625,3540.58837890625,171.50674438476562,0.5860120058059692,0.1260560005903244,0.4427649974822998,14.13770866394043,74.11105346679688,400.0182800292969,163.16891479492188
2024-07-20,67610.734375,3539.904296875,174.831298828125,0.6037819981575012,0.1356460005044937,0.4416719973087311,14.32972240447998,73.85535430908203,398.7216491699219,164.69412231445312
2024-07-21,68372.90625,3546.619140625,184.8703155517578,0.6071879863739014,0.1430869996547699,0.4484730064868927,15.000847816467285,74.04309844970703,401.1235656738281,165.04495239257812
2024-07-22,68480.0625,3560.075439453125,184.79246520996094,0.6226630210876465,0.14246900379657745,0.44940099120140076,14.859349250793457,74.5453872680664,404.287353515625,165.34645080566406
2024-07-23,67779.015625,3539.53173828125,180.49615478515625,0.6165760159492493,0.13920199871063232,0.429298996925354,14.139090538024902,73.00350189208984,392.39453125,161.9291534423828
2024-07-24,67113.984375,3487.653076171875,182.35760498046875,0.6321550011634827,0.13462699949741364,0.4208729863166809,13.938982009887695,73.62262725830078,374.4277648925781,164.09124755859375
2024-07-25,66112.421875,3341.4384765625,179.52093505859375,0.6238240003585815,0.12864099442958832,0.4078739881515503,13.437110900878906,71.61515045166016,364.9766845703125,162.88722229003906
2024-07-26,68207.6015625,3285.760986328125,183.53836059570312,0.6084539890289307,0.1348779946565628,0.41957199573516846,13.631189346313477,71.6604232788086,378.38348388671875,175.38316345214844
2024-07-27,69398.5078125,3327.426513671875,188.14059448242188,0.6088709831237793,0.1386670023202896,0.4286850094795227,13.869378089904785,72.27794647216797,397.69976806640625,165.59097290039062
2024-07-28,68301.8515625,3283.152099609375,186.51461791992188,0.6129159927368164,0.13179999589920044,0.42028701305389404,13.635148048400879,71.72260284423828,422.8785400390625,165.04403686523438
2024-07-29,69987.5390625,3396.625732421875,193.73228454589844,0.611411988735199,0.1349489986896515,0.42643699049949646,13.889019966125488,76.61622619628906,457.971923828125,165.6873779296875
2024-07-30,66987.671875,3365.322509765625,184.1801300048828,0.6349650025367737,0.13030600547790527,0.40697699785232544,13.779858589172363,74.4849853515625,445.677001953125,164.77647399902344
2024-07-31,66810.2109375,3347.636474609375,184.179443359375,0.6579110026359558,0.12720100581645966,0.4074009954929352,13.376241683959961,72.83888244628906,440.7234191894531,160.9737091064453
2024-08-01,65593.2421875,3241.77734375,172.68980407714844,0.6294329762458801,0.12293200194835663,0.3950749933719635,13.076332092285156,71.38333892822266,423.12066650390625,158.51153564453125
2024-08-02,65523.22265625,3214.527099609375,169.04396057128906,0.5964660048484802,0.11951299756765366,0.39426299929618835,12.916152954101562,69.82292175292969,416.3282470703125,164.7029571533203
2024-08-03,62148.37109375,3015.296142578125,153.77685546875,0.5765460133552551,0.11449699848890305,0.3724839985370636,12.110445976257324,66.28813171386719,385.3769226074219,161.32107543945312
2024-08-04,61062.98828125,2931.4716796875,145.83766174316406,0.5583059787750244,0.10921400040388107,0.3669930100440979,11.762271881103516,65.13240814208984,366.61834716796875,153.91091918945312
2024-08-05,58268.828125,2695.88671875,139.14146423339844,0.5252829790115356,0.10416600108146667,0.34546899795532227,10.944942474365234,62.49174499511719,333.95587158203125,154.29051208496094
2024-08-06,57059.91796875,2553.5810546875,149.35296630859375,0.5185030102729797,0.10138799995183945,0.3361400067806244,10.449228286743164,59.25807571411133,330.0059509277344,151.71632385253906
2024-08-07,57726.8828125,2551.560791015625,155.00779724121094,0.6408190131187439,0.10184700042009354,0.340582013130188,10.4685640335083,59.51057052612305,327.3889465332031,153.01670837402344
2024-08-08,62673.765625,2721.95458984375,163.02590942382812,0.6416190266609192,0.10777200013399124,0.3530629873275757,10.798641204833984,61.84330368041992,369.5331726074219,159.21337890625
2024-08-09,61751.86328125,2706.451171875,163.24948120117188,0.6237069964408875,0.10758200287818909,0.3538700044155121,10.744385719299316,61.23487854003906,357.1910095214844,159.15365600585938
2024-08-10,61464.51171875,2642.92578125,158.5860595703125,0.6013669967651367,0.10585899651050568,0.3517650067806244,10.700221061706543,61.501312255859375,358.2238464355469,153.1822509765625
2024-08-11,61778.66015625,2718.797607421875,157.93190002441406,0.5930770039558411,0.11079400032758713,0.3562749922275543,10.826677322387695,62.30714416503906,357.9990539550781,151.69244384765625
2024-08-12,60680.33203125,2749.135009765625,150.81463623046875,0.5790690183639526,0.10853499919176102,0.34397798776626587,10.733485221862793,61.99182891845703,358.9184265136719,150.80856323242188
2024-08-13,61572.3984375,2737.990478515625,149.61012268066406,0.5831130146980286,0.10884299874305725,0.34465599060058594,10.67758846282959,63.43269348144531,364.7131652832031,151.13388061523438
2024-08-14,61687.7578125,2775.281005859375,151.72604370117188,0.5818889737129211,0.10673999786376953,0.345194011926651,10.71323013305664,64.66471099853516,352.39093017578125,152.23228454589844
2024-08-15,59838.6484375,2675.314453125,147.35154724121094,0.573872983455658,0.10479799658060074,0.3413679897785187,10.680227279663086,66.82774353027344,344.1620178222656,153.5124053955078
2024-08-16,59847.359375,2629.383544921875,144.7954559326172,0.570268988609314,0.1020279973745346,0.3449530005455017,10.3893404006958,66.72370910644531,346.1034240722656,150.41294860839844
2024-08-17,59694.66796875,2626.6728515625,141.96282958984375,0.5705400109291077,0.10363099724054337,0.33860400319099426,10.168416023254395,67.83253479003906,347.58428955078125,150.17605590820312
2024-08-18,60262.71875,2684.031005859375,146.96298217773438,0.5787519812583923,0.10430599749088287,0.33959800004959106,10.458497047424316,68.10401916503906,345.2036437988281,152.0535125732422
2024-08-19,59612.66015625,2648.284423828125,145.9236297607422,0.6085090041160583,0.10180699825286865,0.3375450074672699,10.186885833740234,67.40308380126953,339.5158386230469,157.07818603515625
2024-08-20,61396.328125,2695.913818359375,148.6486053466797,0.6145210266113281,0.10561899840831757,0.3481540083885193,10.536776542663574,67.27870178222656,346.6777038574219,161.22801208496094
2024-08-21,61834.3515625,2662.953369140625,144.1562957763672,0.6053040027618408,0.10782500356435776,0.377265989780426,11.366964340209961,64.71910095214844,354.8583679199219,162.38192749023438
2024-08-22,61408.109375,2644.82373046875,144.81321716308594,0.6038659811019897,0.10682199895381927,0.37719398736953735,11.608884811401367,64.32396697998047,351.62921142578125,169.757568359375
2024-08-23,64947.0625,2799.329833984375,153.771240234375,0.615634024143219,0.11523900181055069,0.39228299260139465,12.187732696533203,66.7776870727539,368.2425842285156,173.32594299316406
2024-08-24,64513.7890625,2820.0205078125,162.16932678222656,0.6304439902305603,0.11494699865579605,0.40117698907852173,12.535622596740723,67.98399353027344,368.8868103027344,176.39035034179688
2024-08-25,64996.421875,2793.012939453125,161.94796752929688,0.6137539744377136,0.11275800317525864,0.3940260112285614,12.351366996765137,66.83509826660156,364.21185302734375,171.67666625976562
2024-08-26,64489.70703125,2763.004150390625,161.91110229492188,0.6021869778633118,0.11029200255870819,0.3876760005950928,12.678086280822754,65.08028411865234,358.0350341796875,168.0017852783203
2024-08-27,63210.796875,2700.15283203125,159.62355041503906,0.5995519757270813,0.1064779981970787,0.3724910020828247,12.044462203979492,63.941749572753906,347.0865783691406,168.09803771972656
2024-08-28,60236.44921875,2553.820068359375,148.69497680664062,0.5842499732971191,0.10175800323486328,0.3601889908313751,11.692720413208008,62.32095718383789,329.4745788574219,160.17164611816406
2024-08-29,61184.08203125,2595.97705078125,147.2205810546875,0.5764099955558777,0.10249199718236923,0.36735498905181885,11.452714920043945,63.85160827636719,330.7136535644531,166.38633728027344
2024-08-30,59896.88671875,2539.915283203125,141.01318359375,0.5672929883003235,0.10238199681043625,0.3615800142288208,11.184162139892578,65.36481475830078,326.7728271484375,168.49644470214844
2024-08-31,59432.59375,2532.389892578125,138.99224853515625,0.5717840194702148,0.10224100202322006,0.35011500120162964,11.194512367248535,66.37171173095703,326.6273498535156,172.4048614501953
2024-09-01,59062.0703125,2515.46728515625,135.99781799316406,0.5665749907493591,0.1014610007405281,0.34563401341438293,11.025275230407715,65.06591796875,322.6195983886719,171.77413940429688
2024-09-02,59403.0703125,2563.0859375,135.35238647460938,0.5682830214500427,0.09973999857902527,0.3369620144367218,10.811654090881348,65.64596557617188,325.18402099609375,170.64190673828125
2024-09-03,59815.05859375,2552.802734375,137.14476013183594,0.572052001953125,0.10070600360631943,0.3394089937210083,10.86128044128418,66.2955093383789,325.8701171875,175.4652099609375
2024-09-04,58511.5703125,2488.91650390625,134.86917114257812,0.5644980072975159,0.09945599734783173,0.3291020095348358,10.485757827758789,66.16659545898438,319.0618591308594,175.37872314453125
2024-09-05,58300.58203125,2465.38525390625,135.085205078125,0.559436023235321,0.09909900277853012,0.339150995016098,10.386664390563965,68.35598754882812,316.8160095214844,176.5746307373047
2024-09-06,56976.109375,2406.511962890625,134.16807556152344,0.5470010042190552,0.09937900304794312,0.33132100105285645,10.171409606933594,66.75572204589844,312.48712158203125,173.86422729492188
2024-09-07,54838.14453125,2310.19482421875,129.2908935546875,0.5327169895172119,0.09561800211668015,0.3276199996471405,10.15163803100586,64.08972930908203,308.0719909667969,172.6223602294922
2024-09-08,55300.859375,2332.359375,131.51524353027344,0.5310080051422119,0.096902996301651,0.3405809998512268,10.445469856262207,62.26115417480469,307.8006591796875,176.42259216308594
2024-09-09,58041.125,2379.78662109375,136.18653869628906,0.5422049760818481,0.10461899638175964,0.34838199615478516,10.804430961608887,61.73335266113281,325.3136901855469,173.88336181640625
2024-09-10,58029.9765625,2398.50390625,137.8063507080078,0.5426139831542969,0.1045209988951683,0.3454369902610779,10.711577415466309,61.752750396728516,331.50946044921875,171.72535705566406
2024-09-11,57991.3203125,2389.71826171875,135.8038787841797,0.5410810112953186,0.10296999663114548,0.3564249873161316,10.59736442565918,62.39975357055664,343.4049072265625,174.50424194335938
2024-09-12,58534.359375,2390.186767578125,136.61480712890625,0.5809379816055298,0.10320699959993362,0.3604629933834076,10.797333717346191,63.110389709472656,340.529541015625,175.21853637695312
2024-09-13,60648.0234375,2462.802978515625,139.83250427246094,0.5745009779930115,0.10829000174999237,0.364547997713089,11.545028686523438,64.99256134033203,337.0822448730469,172.77978515625
2024-09-14,60656.72265625,2442.632080078125,139.7345733642578,0.5985770225524902,0.1075579971075058,0.36175400018692017,11.469806671142578,66.73397827148438,337.8517150878906,171.2882843017578
2024-09-15,60381.91796875,2430.38330078125,137.92349243164062,0.596215009689331,0.10635899752378464,0.3559969961643219,11.349872589111328,66.2911605834961,329.0856628417969,171.5842742919922
2024-09-16,59205.51171875,2334.789794921875,132.29637145996094,0.5898429751396179,0.10313200205564499,0.3385460078716278,10.823189735412598,63.721614837646484,316.9617614746094,171.69973754882812
2024-09-17,61316.08984375,2392.149169921875,135.4871368408203,0.5932450294494629,0.10246700048446655,0.34283798933029175,10.910009384155273,64.00006866455078,321.28253173828125,172.67359924316406
2024-09-18,61664.06640625,2369.72900390625,133.99185180664062,0.5854700207710266,0.1035899966955185,0.3429360091686249,10.853248596191406,64.76728057861328,325.8941650390625,174.69351196289062
2024-09-19,63872.44140625,2492.20458984375,143.9043731689453,0.5940539836883545,0.10707399994134903,0.3561669886112213,11.389837265014648,66.02198028564453,348.9515686035156,177.65658569335938
2024-09-20,64119.53125,2571.99267578125,151.7609405517578,0.5921419858932495,0.10729599744081497,0.36093100905418396,11.725863456726074,66.40876007080078,345.07647705078125,178.61837768554688
2024-09-21,63543.359375,2621.62255859375,149.83645629882812,0.6099920272827148,0.11037299782037735,0.3595559895038605,11.537297248840332,67.11405181884766,346.6807556152344,178.70289611816406
2024-09-22,63993.421875,2632.039306640625,149.86582946777344,0.6041049957275391,0.11005000025033951,0.3590629994869232,11.535246849060059,68.73760986328125,346.82464599609375,177.3826446533203
2024-09-23,64733.55859375,2701.677734375,148.97042846679688,0.5952360033988953,0.10908400267362595,0.36522001028060913,11.583003044128418,69.26701354980469,348.92230224609375,176.85025024414062
2024-09-24,64695.21484375,2671.27587890625,153.53628540039062,0.5923969745635986,0.11046800017356873,0.39121800661087036,12.217344284057617,67.1346206665039,350.778564453125,171.8737335205078
2024-09-25,64804.50390625,2672.4619140625,153.54763793945312,0.5948659777641296,0.11088400334119797,0.39298200607299805,12.540008544921875,67.77375030517578,355.4508361816406,169.70510864257812
2024-09-26,65790.796875,2665.99267578125,157.858154296875,0.5959879755973816,0.12016300112009048,0.4033229947090149,12.727975845336914,68.51920318603516,357.6687316894531,166.4236297607422
2024-09-27,66480.6953125,2728.067626953125,160.9813995361328,0.597025990486145,0.12807999551296234,0.414669007062912,12.870658874511719,71.19657897949219,364.2591552734375,164.43235778808594
2024-09-28,66255.53125,2704.9287109375,159.34521484375,0.6256269812583923,0.1319500058889389,0.40563899278640747,12.961899757385254,71.4619140625,360.8158874511719,165.5080108642578
2024-09-29,66069.34375,2683.44580078125,161.62306213378906,0.6622059941291809,0.13030199706554413,0.4039500057697296,12.966425895690918,70.25792694091797,357.73492431640625,158.6992645263672
2024-09-30,65635.0546875,2662.489013671875,159.50892639160156,0.6524109840393066,0.12466900050640106,0.3976210057735443,12.482575416564941,69.32129669189453,353.32794189453125,155.70614624023438
2024-10-01,64110.98046875,2657.615478515625,157.25819396972656,0.6335890293121338,0.11927399784326553,0.38567501306533813,12.237958908081055,68.51738739013672,346.9056091308594,154.82508850097656
2024-10-02,62357.6875,2498.121337890625,148.82568359375,0.6057800054550171,0.10941100120544434,0.36212098598480225,11.299097061157227,64.73551177978516,323.9666748046875,149.36483764648438
2024-10-03,61469.0390625,2402.862548828125,142.80543518066406,0.5435670018196106,0.10663799941539764,0.349249005317688,10.855036735534668,63.938289642333984,322.23828125,145.00863647460938
2024-10-04,62465.9921875,2440.242431640625,144.42678833007812,0.5383750200271606,0.11043699830770493,0.35560500621795654,11.22384262084961,65.14322662353516,325.5118103027344,151.04098510742188
2024-10-05,62371.0234375,2427.517578125,144.83428955078125,0.5348529815673828,0.11006300151348114,0.3554779887199402,11.371917724609375,66.27556610107422,325.4635314941406,155.01953125
2024-10-06,62959.5703125,2456.630615234375,146.62001037597656,0.5367090106010437,0.11265599727630615,0.3582029938697815,11.382131576538086,67.5989990234375,325.2454528808594,155.12515258789062
2024-10-07,64443.70703125,2520.40625,152.1038360595703,0.5453609824180603,0.11520899832248688,0.3676770031452179,11.708335876464844,67.88581085205078,332.41412353515625,148.5865936279297
2024-10-08,63174.3046875,2464.12744140625,145.44879150390625,0.5341200232505798,0.10970400273799896,0.3565419912338257,11.27587604522705,66.0897216796875,333.219970703125,151.6842498779297
2024-10-09,62508.8359375,2470.9130859375,145.1295166015625,0.534063994884491,0.11113200336694717,0.3475230038166046,10.947110176086426,65.89076232910156,330.0743103027344,154.446533203125
2024-10-10,61236.72265625,2417.2880859375,140.58058166503906,0.5432389974594116,0.10845000296831131,0.3411659896373749,10.716479301452637,64.98635864257812,325.1151123046875,154.05975341796875
2024-10-11,63400.87109375,2470.395751953125,146.43063354492188,0.5416160225868225,0.11134400218725204,0.35458898544311523,11.013775825500488,65.8458251953125,328.8378601074219,154.57180786132812
2024-10-12,63448.78515625,2488.23779296875,147.13690185546875,0.542464017868042,0.11205799877643585,0.356130987405777,11.131552696228027,66.6081314086914,332.923828125,154.39248657226562
2024-10-13,63272.65234375,2484.12939453125,148.7133331298828,0.539563000202179,0.11200500279664993,0.3588539958000183,11.060730934143066,66.2498779296875,329.5268249511719,152.33204650878906
2024-10-14,66482.4921875,2652.8818359375,157.7541046142578,0.5511299967765808,0.11745599657297134,0.36484599113464355,11.311012268066406,67.2420654296875,368.0841369628906,157.0479736328125
2024-10-15,67881.6796875,2685.166748046875,158.71575927734375,0.5545179843902588,0.11879199743270874,0.3694489896297455,11.65633487701416,71.46139526367188,383.9180908203125,158.05221557617188
2024-10-16,68375.2890625,2644.854248046875,158.1370391845703,0.5531389713287354,0.12944400310516357,0.3603920042514801,11.500997543334961,72.84838104248047,370.2337646484375,159.2775421142578
2024-10-17,67912.2109375,2646.8740234375,155.5516357421875,0.5641160011291504,0.13064900040626526,0.35455799102783203,11.338802337646484,73.90220642089844,374.4607238769531,158.7249755859375
2024-10-18,68969.75,2674.371826171875,156.53741455078125,0.5523849725723267,0.14052699506282806,0.35251501202583313,11.487777709960938,74.6957778930664,376.3393249511719,162.6416778564453
2024-10-19,68668.0078125,2661.872802734375,159.71041870117188,0.5495190024375916,0.14654399454593658,0.3566330075263977,11.588594436645508,75.87850189208984,368.4596862792969,162.04356384277344
2024-10-20,69359.0078125,2756.436767578125,167.5856475830078,0.5480319857597351,0.1452459990978241,0.36514800786972046,12.015083312988281,75.59207153320312,369.8941650390625,163.50704956054688
2024-10-21,69462.734375,2765.549560546875,171.4306640625,0.5594419836997986,0.1495330035686493,0.37190499901771545,12.00901985168457,74.50643157958984,378.1859130859375,163.3345489501953
2024-10-22,67801.578125,2669.7900390625,170.7600860595703,0.5488110184669495,0.14788299798965454,0.36726799607276917,12.306395530700684,71.45474243164062,365.9845886230469,158.49774169921875
2024-10-23,67402.7421875,2624.450439453125,173.8150177001953,0.5335379838943481,0.14060400426387787,0.3682210147380829,11.985514640808105,70.2011947631836,357.27313232421875,158.2428436279297
2024-10-24,68798.9609375,2559.1513671875,178.99530029296875,0.5332859754562378,0.14350199699401855,0.3543640077114105,11.62044620513916,71.2596435546875,370.3706970214844,158.71556091308594
2024-10-25,68722.15625,2563.734130859375,177.1919403076172,0.5317639708518982,0.14239999651908875,0.3464919924736023,12.068778038024902,72.19135284423828,373.44097900390625,159.62942504882812
2024-10-26,67317.921875,2503.23046875,172.8228302001953,0.5144050121307373,0.13783100247383118,0.3338940143585205,11.362091064453125,69.5140380859375,356.413330078125,160.7352294921875
2024-10-27,68221.3125,2523.17138671875,177.89515686035156,0.5171440243721008,0.14585700631141663,0.3413800001144409,11.1443452835083,71.0909423828125,353.3833923339844,164.2769775390625
2024-10-28,70212.265625,2587.43017578125,179.40797424316406,0.5208380222320557,0.16200999915599823,0.3469580113887787,11.216483116149902,71.443359375,367.4704284667969,164.03451538085938
2024-10-29,73577.2109375,2680.054443359375,183.03944396972656,0.5303099751472473,0.17922699451446533,0.3561910092830658,11.788113594055176,74.26810455322266,388.4923095703125,165.63009643554688
2024-10-30,72905.296875,2720.271484375,181.1526641845703,0.5280550122261047,0.17753499746322632,0.3630259931087494,12.433547973632812,74.14144897460938,386.5310974121094,164.919677734375
2024-10-31,72662.3125,2667.5595703125,176.27984619140625,0.5233500003814697,0.17299699783325195,0.36055201292037964,12.412105560302734,71.95084381103516,377.25738525390625,162.11834716796875
2024-11-01,71559.015625,2583.777099609375,173.8500213623047,0.5233510136604309,0.16824199259281158,0.3610070049762726,11.701598167419434,70.935546875,359.2394104003906,159.55979919433594
2024-11-02,69867.3515625,2522.360595703125,168.4605712890625,0.515749990940094,0.16329799592494965,0.362870991230011,11.384263038635254,71.1883544921875,356.5190734863281,160.03733825683594
2024-11-03,69361.65625,2495.4365234375,166.37632751464844,0.510748028755188,0.1596270054578781,0.34791100025177,11.214405059814453,69.23020935058594,353.80615234375,158.2552947998047
2024-11-04,69433.1796875,2488.350341796875,164.71389770507812,0.5138319730758667,0.15989400446414948,0.3360849916934967,10.884852409362793,67.60408782958984,341.5669860839844,161.47264099121094
2024-11-05,70522.7890625,2478.618896484375,169.12664794921875,0.518310010433197,0.17883999645709991,0.3378939926624298,10.921979904174805,67.21973419189453,344.9583740234375,162.84286499023438
2024-11-06,76460.15625,2743.964111328125,189.9154815673828,0.5465790033340454,0.2133360058069229,0.36503198742866516,12.291268348693848,71.51042938232422,383.03314208984375,163.6555938720703
2024-11-07,76943.1171875,2918.744384765625,197.90093994140625,0.5738679766654968,0.20347799360752106,0.40501299500465393,12.677818298339844,72.35088348388672,386.3945617675781,168.60862731933594
2024-11-08,77252.75,2983.744873046875,204.96975708007812,0.5596889853477478,0.20656399428844452,0.45788899064064026,13.74239444732666,73.0263671875,383.0251159667969,167.0657501220703
2024-11-09,76932.765625,3156.3662109375,203.3472900390625,0.5613809823989868,0.2197369933128357,0.4938949942588806,13.804889678955078,74.14163970947266,406.61431884765625,165.6871337890625
2024-11-10,81474.421875,3249.9140625,215.1790771484375,0.6160420179367065,0.29661399126052856,0.652301013469696,14.836310386657715,78.20659637451172,453.0811462402344,166.36375427246094
2024-11-11,89604.5,3389.529296875,223.2198028564453,0.6307060122489929,0.34960201382637024,0.6222490072250366,14.903121948242188,80.17518615722656,477.26470947265625,162.18093872070312
2024-11-12,89956.8828125,3444.154052734375,225.0115203857422,0.7353529930114746,0.4358629882335663,0.64963299036026,15.316909790039062,82.56068420410156,473.3289794921875,160.05624389648438
2024-11-13,93434.3515625,3337.877197265625,220.3391876220703,0.7435349822044373,0.43162399530410767,0.605301022529602,14.371114730834961,77.83482360839844,449.64300537109375,152.36050415039062
2024-11-14,91765.21875,3240.270751953125,222.63914489746094,0.8452110290527344,0.41470399498939514,0.5980579853057861,13.812694549560547,84.40142059326172,445.0203552246094,150.6878204345703
2024-11-15,91868.7421875,3130.703857421875,219.53878784179688,0.9248210191726685,0.38424599170684814,0.6892160177230835,13.884851455688477,87.05353546142578,435.42822265625,149.98849487304688
2024-11-16,91763.9453125,3218.089599609375,221.66236877441406,1.2567440271377563,0.3898789882659912,0.8116559982299805,14.770939826965332,97.88931274414062,481.8152770996094,152.30308532714844
2024-11-17,91433.0390625,3160.152587890625,241.23533630371094,1.1545950174331665,0.37355801463127136,0.7678120136260986,14.855191230773926,96.92909240722656,485.68707275390625,157.7187042236328
2024-11-18,92596.7890625,3225.130615234375,248.19281005859375,1.1833419799804688,0.3799059987068176,0.7796580195426941,15.96382999420166,94.32913208007812,469.2617492675781,160.57225036621094
2024-11-19,94002.8671875,3222.00439453125,247.09056091308594,1.1457940340042114,0.4183340072631836,0.7635290026664734,15.404451370239258,89.98341369628906,459.7451477050781,166.234619140625
2024-11-20,94902.0234375,3159.949462890625,242.10787963867188,1.146636962890625,0.39559900760650635,0.8466290235519409,15.288311958312988,87.69684600830078,453.9173889160156,163.62335205078125
2024-11-21,99014.21875,3388.54296875,259.0535583496094,1.25177001953125,0.3949440121650696,0.8205469846725464,15.36253833770752,90.93290710449219,533.6788940429688,163.85934448242188
2024-11-22,99655.5,3428.46044921875,263.70086669921875,1.4969069957733154,0.41919198632240295,1.0384249687194824,16.55234146118164,92.36090087890625,501.3301696777344,162.35995483398438
2024-11-23,99014.6796875,3499.370849609375,263.83154296875,1.6216150522232056,0.47745999693870544,1.1416820287704468,18.247535705566406,105.69182586669922,564.1494750976562,165.09373474121094
2024-11-24,98647.1796875,3451.80224609375,259.6256408691406,1.5091010332107544,0.45242801308631897,1.094539999961853,18.285884857177734,102.70941162109375,525.1842041015625,166.38023376464844
2024-11-25,98935.03125,3545.27880859375,256.4226989746094,1.5359230041503906,0.4370419979095459,1.0699199438095093,19.00322723388672,98.96502685546875,529.560791015625,166.3345947265625
2024-11-26,94991.75,3461.29296875,239.63780212402344,1.4565420150756836,0.40837201476097107,0.9883769750595093,17.800683975219727,95.0949478149414,504.5390625,162.67893981933594
2024-11-27,97361.1796875,3687.009033203125,243.1248016357422,1.5183700323104858,0.408051997423172,1.03671395778656,18.97032356262207,98.99482727050781,523.0794067382812,161.2427215576172
2024-11-28,96650.203125,3664.878173828125,245.20445251464844,1.5423699617385864,0.4273050129413605,1.0457689762115479,18.699745178222656,98.29045104980469,522.2720947265625,160.55157470703125
2024-11-29,98693.171875,3647.264404296875,246.7762908935547,1.8115309476852417,0.43708598613739014,1.0977959632873535,18.383203506469727,104.4058609008789,522.3468627929688,160.41873168945312
2024-11-30,97499.34375,3739.934814453125,245.23687744140625,1.954906940460205,0.43470099568367004,1.1470849514007568,19.402557373046875,104.65580749511719,535.3505859375,163.70156860351562
2024-12-01,97888.125,3747.455322265625,239.80657958984375,2.3396410942077637,0.4492810070514679,1.1584930419921875,19.075044631958008,120.99210357666016,535.982177734375,165.05918884277344
2024-12-02,98152.6015625,3761.343017578125,237.87661743164062,2.8496809005737305,0.4602450132369995,1.2306849956512451,26.50433349609375,139.0248565673828,558.864501953125,177.611083984375
2024-12-03,96297.203125,3670.2197265625,239.27252197265625,2.864886999130249,0.4280489981174469,1.318681001663208,26.10818862915039,134.55455017089844,587.8036499023438,212.14669799804688
2024-12-04,99207.328125,3895.17431640625,240.71958923339844,2.6703460216522217,0.43562600016593933,1.2401750087738037,26.315021514892578,135.07838439941406,595.9005126953125,212.4136505126953
2024-12-05,103900.46875,3956.54150390625,244.6809539794922,2.484998941421509,0.46340399980545044,1.238353967666626,24.731903076171875,146.60946655273438,630.7698974609375,211.72853088378906
2024-12-06,102039.8828125,4093.172119140625,246.4186553955078,2.4604899883270264,0.44178199768066406,1.2346420288085938,25.923297882080078,138.82379150390625,639.6852416992188,205.08770751953125
2024-12-07,100563.3828125,4029.452880859375,243.1240234375,2.6172640323638916,0.4660390019416809,1.2345750331878662,26.771257400512695,138.5782012939453,626.1600341796875,203.50201416015625
2024-12-08,101399.9921875,4018.0,241.4407196044922,2.6408751010894775,0.48350998759269714,1.2221519947052002,27.36673355102539,135.29348754882812,624.5870971679688,225.03317260742188
2024-12-09,101272.5078125,4008.77783203125,237.4574432373047,2.608304977416992,0.4672990143299103,1.1964149475097656,27.26143455505371,135.1741180419922,623.3421630859375,227.06056213378906
2024-12-10,98270.15625,3780.75341796875,220.74098205566406,2.411073923110962,0.42240700125694275,1.0361729860305786,23.72846221923828,114.72270202636719,563.96923828125,180.2780303955078
2024-12-11,101913.359375,3850.765380859375,230.5073699951172,2.4658830165863037,0.41878798604011536,1.1092840433120728,24.300079345703125,118.58147430419922,550.3167114257812,200.0621337890625
2024-12-12,102524.9140625,3987.005859375,234.33322143554688,2.481632947921753,0.4233590066432953,1.1767499446868896,29.372716903686523,124.92489624023438,563.5128784179688,214.85702514648438
2024-12-13,101888.8046875,3967.395263671875,228.27305603027344,2.4723498821258545,0.4116869866847992,1.1274850368499756,30.80512809753418,124.77325439453125,543.1663818359375,214.2122039794922
2024-12-14,102618.8828125,3943.278076171875,227.241943359375,2.520582914352417,0.41275399923324585,1.1311299800872803,30.688148498535156,124.97249603271484,550.5867309570312,220.38551330566406
2024-12-15,105047.5390625,3971.498046875,225.066650390625,2.4654200077056885,0.40983501076698303,1.1070879697799683,29.743661880493164,122.00162506103516,549.443603515625,222.95114135742188
2024-12-16,107780.578125,4106.95556640625,227.04476928710938,2.568895101547241,0.41359400749206543,1.115705966949463,30.723875045776367,123.51959991455078,555.5768432617188,231.4756317138672
2024-12-17,108268.4453125,4040.337890625,228.68629455566406,2.717674970626831,0.4098989963531494,1.109043002128601,28.975662231445312,130.58755493164062,546.4817504882812,224.74847412109375
2024-12-18,106470.609375,3902.715576171875,225.89439392089844,2.584602117538452,0.3961629867553711,1.0579450130462646,28.2781925201416,128.51417541503906,542.9521484375,224.3123321533203
2024-12-19,102748.1484375,3717.662353515625,211.99520874023438,2.4264090061187744,0.36703601479530334,0.9871839880943298,25.54539680480957,111.42552185058594,488.3216552734375,215.44395446777344
2024-12-20,98098.9140625,3496.327392578125,199.36219787597656,2.346127986907959,0.3280569911003113,0.9567130208015442,23.641067504882812,103.0234375,450.4432678222656,201.63357543945312
2024-12-21,99507.1015625,3552.921630859375,201.63169860839844,2.381589889526367,0.34940600395202637,0.9959099888801575,24.886436462402344,105.82720947265625,471.9540710449219,196.9986572265625
2024-12-22,97360.265625,3398.657470703125,187.53346252441406,2.2909209728240967,0.3240320086479187,0.921684980392456,22.685020446777344,103.70294952392578,460.4260559082031,198.19735717773438
2024-12-23,96416.2109375,3461.52783203125,193.0481414794922,2.2684519290924072,0.32788199186325073,0.9395459890365601,24.894193649291992,107.33769226074219,464.9556884765625,193.62423706054688
2024-12-24,99404.0625,3535.857666015625,198.69613647460938,2.346191883087158,0.3394339978694916,0.9477130174636841,25.9332275390625,110.58429718017578,477.73681640625,193.39878845214844
2024-12-25,99478.75,3542.833740234375,201.6346435546875,2.3278110027313232,0.3413659930229187,0.9365509748458862,25.53032112121582,110.30265808105469,470.67926025390625,199.69940185546875
2024-12-26,99884.5703125,3512.6044921875,199.39797973632812,2.311979055404663,0.3373810052871704,0.9246339797973633,24.640653610229492,110.1251220703125,467.1692199707031,194.11566162109375
2024-12-27,97294.84375,3436.710693359375,193.75335693359375,2.231316089630127,0.3238469958305359,0.9113370180130005,23.62131690979004,106.13684844970703,460.1948547363281,195.62371826171875
2024-12-28,95525.8984375,3419.920166015625,195.43544006347656,2.1994919776916504,0.3258579969406128,0.8950690031051636,22.28091049194336,101.44341278076172,452.17193603515625,200.0677947998047
2024-12-29,95174.875,3406.6484375,197.1810760498047,2.192812919616699,0.3289330005645752,0.9079430103302002,21.96608543395996,101.37926483154297,452.7679138183594,197.2910919189453
2024-12-30,94903.3203125,3428.52734375,196.12290954589844,2.143188953399658,0.3224799931049347,0.8961949944496155,21.73308563232422,102.7220458984375,451.9984436035156,196.82345581054688
2024-12-31,96090.6015625,3444.396728515625,198.6783905029297,2.1409740447998047,0.32786598801612854,0.8722630143165588,21.073659896850586,104.49745178222656,453.3890686035156,197.2279815673828
2025-01-01,94929.8671875,3366.531494140625,194.81849670410156,2.3467729091644287,0.3264780044555664,0.9294220209121704,21.77120018005371,107.728759765625,451.3052062988281,196.6422882080078
2025-01-02,97739.8203125,3493.4482421875,209.0667266845703,2.435502052307129,0.3441779911518097,0.9790819883346558,22.829362869262695,107.70021057128906,464.3663330078125,197.20541381835938
2025-01-03,98956.9140625,3627.0556640625,219.5595245361328,2.4745519161224365,0.3877969980239868,1.1160989999771118,23.855545043945312,114.67105865478516,476.60150146484375,205.92404174804688
2025-01-04,98734.4296875,3669.19677734375,217.90504455566406,2.5043840408325195,0.3979969918727875,1.1079189777374268,23.980871200561523,112.72618865966797,482.3426513671875,202.04702758789062
2025-01-05,98813.3046875,3673.81298828125,218.87840270996094,2.4255449771881104,0.3973050117492676,1.107867956161499,23.771909713745117,116.04695892333984,478.9992980957031,198.586181640625
2025-01-06,102482.875,3743.941650390625,222.95297241210938,2.4552509784698486,0.3937020003795624,1.1125869750976562,24.716794967651367,116.9095230102539,485.5890197753906,206.2185516357422
2025-01-07,102712.484375,3701.10693359375,219.14230346679688,2.460566997528076,0.3978079855442047,1.1501630544662476,23.832096099853516,114.75484466552734,485.9147033691406,205.64076232910156
2025-01-08,97258.3203125,3413.682861328125,203.06031799316406,2.3951570987701416,0.3551110029220581,1.0212819576263428,21.67677879333496,104.85659790039062,441.3079528808594,201.34327697753906
2025-01-09,95349.71875,3355.8623046875,198.9010009765625,2.389349937438965,0.34628599882125854,0.9582769870758057,20.698904037475586,105.68768310546875,436.6822204589844,201.07545471191406
2025-01-10,95770.609375,3320.50048828125,192.75631713867188,2.3639349937438965,0.33853399753570557,0.9717730283737183,20.495519638061523,106.1594009399414,450.0120544433594,200.2428741455078
2025-01-11,94977.6875,3317.654296875,191.71881103515625,2.5923891067504883,0.3478110134601593,1.0129410028457642,20.66607666015625,104.84367370605469,450.1679992675781,199.66940307617188
2025-01-12,95367.5390625,3298.018310546875,190.74917602539062,2.5779190063476562,0.3429889976978302,1.034566044807434,20.297443389892578,105.12775421142578,463.24053955078125,207.95692443847656
2025-01-13,95837.0,3335.193603515625,191.77517700195312,2.5590319633483887,0.34521400928497314,0.9910529851913452,20.375051498413086,104.20748901367188,452.8014221191406,204.2310791015625
2025-01-14,97352.6640625,3254.75146484375,189.93731689453125,2.6874170303344727,0.3610909879207611,1.0069010257720947,20.474609375,102.45130920410156,440.43377685546875,209.8472900390625
2025-01-15,100697.234375,3473.1015625,205.93495178222656,3.1775259971618652,0.3873539865016937,1.0837650299072266,22.12666130065918,118.3126220703125,462.8702087402344,210.28158569335938
2025-01-16,100781.5859375,3458.1806640625,216.83995056152344,3.388071060180664,0.3893490135669708,1.13960599899292,23.7116641998291,129.6850128173828,470.82177734375,221.9270477294922
2025-01-17,105884.2265625,3525.54345703125,221.8524169921875,3.34301495552063,0.4205009937286377,1.1636749505996704,25.198850631713867,140.61679077148438,499.6245422363281,235.33279418945312
2025-01-18,104913.203125,3493.06005859375,268.74658203125,3.2986679077148438,0.43351200222969055,1.143610954284668,25.61128807067871,138.97384643554688,494.12152099609375,232.04098510742188
2025-01-19,106299.796875,3444.20654296875,294.3349609375,3.285343885421753,0.40896499156951904,1.1474610567092896,26.564298629760742,128.32504272460938,470.2031555175781,223.4953155517578
2025-01-20,109114.8828125,3444.28271484375,272.1530456542969,3.3472440242767334,0.3849729895591736,1.0967010259628296,26.791934967041016,125.77989196777344,472.091552734375,213.83050537109375
2025-01-21,107180.921875,3365.778076171875,259.829345703125,3.234592914581299,0.4001699984073639,1.0269290208816528,27.026363372802734,124.48506164550781,453.6377868652344,219.59889221191406
2025-01-22,106294.34375,3364.74609375,271.530029296875,3.2742350101470947,0.37334200739860535,1.0159939527511597,27.01178741455078,120.0925521850586,450.6258850097656,223.53790283203125
2025-01-23,106820.328125,3346.732421875,258.129150390625,3.177994966506958,0.36408698558807373,1.0066380500793457,26.09185028076172,116.91870880126953,446.418212890625,226.86363220214844
2025-01-24,107098.546875,3424.89990234375,269.8057861328125,3.200756072998047,0.3638930022716522,1.0071090459823608,26.382143020629883,122.67864990234375,442.02996826171875,222.55035400390625
2025-01-25,105243.7890625,3349.29833984375,260.5824890136719,3.1417129039764404,0.35958799719810486,0.9902070164680481,25.392475128173828,129.0458221435547,453.8683776855469,222.99398803710938
2025-01-26,105438.6484375,3359.3125,259.6344909667969,3.1410889625549316,0.3570230007171631,0.9992120265960693,26.35795783996582,124.8520278930664,447.6676940917969,225.84567260742188
2025-01-27,103214.109375,3250.396484375,242.42901611328125,3.053670883178711,0.33674100041389465,0.9568079710006714,25.08004379272461,117.71218872070312,428.2572326660156,223.68617248535156
2025-01-28,103730.8203125,3222.7373046875,243.894775390625,3.2090890407562256,0.3386459946632385,0.9670730233192444,24.623937606811523,116.88208770751953,430.6153869628906,225.27809143066406
2025-01-29,104750.8046875,3177.98046875,237.7097625732422,3.1274349689483643,0.33350899815559387,0.9583600163459778,24.423309326171875,118.95044708251953,420.957275390625,225.417724609375
2025-01-30,106418.765625,3282.986328125,244.32595825195312,3.1513309478759766,0.33808401226997375,0.9862490296363831,25.159801483154297,133.62950134277344,438.8310852050781,243.03001403808594
2025-01-31,106026.3515625,3437.569091796875,241.66659545898438,3.1311330795288086,0.3406769931316376,0.9818969964981079,26.263757705688477,134.53956604003906,444.5398864746094,239.88458251953125
2025-02-01,102755.7265625,3329.6552734375,233.86383056640625,3.0685110092163086,0.33189401030540466,0.9560539722442627,25.9173641204834,131.09091186523438,430.9076232910156,242.03659057617188
2025-02-02,101430.6640625,3161.894287109375,218.38438415527344,2.9528748989105225,0.3145889937877655,0.9097269773483276,23.294618606567383,121.23682403564453,410.1123352050781,239.6400909423828
2025-02-03,102514.171875,2919.477294921875,218.64768981933594,2.7798500061035156,0.2924639880657196,0.8229950070381165,21.977678298950195,109.48930358886719,360.3173522949219,227.03387451171875
2025-02-04,101745.6171875,2888.25,219.99588012695312,2.7766449451446533,0.2884669899940491,0.81843101978302,21.690210342407227,108.57109832763672,355.3353576660156,235.05001831054688
2025-02-05,99113.2109375,2824.400146484375,209.31875610351562,2.567157030105591,0.2690280079841614,0.7740880250930786,20.2470645904541,108.8306884765625,337.9870300292969,229.2127685546875
2025-02-06,99168.609375,2857.14208984375,203.8878173828125,2.4646880626678467,0.2656950056552887,0.7646530270576477,19.890478134155273,109.29440307617188,334.9215087890625,239.01980590820312
2025-02-07,100154.140625,2798.02880859375,203.15052795410156,2.5338680744171143,0.26121699810028076,0.7500200271606445,19.787992477416992,107.8051986694336,334.9669189453125,228.27523803710938
2025-02-08,96877.8046875,2665.484619140625,200.83197021484375,2.4338529109954834,0.25394999980926514,0.7148569822311401,18.581850051879883,105.10611724853516,324.2894592285156,219.50096130371094
2025-02-09,97325.28125,2695.222412109375,207.27464294433594,2.5043768882751465,0.25983598828315735,0.7126370072364807,18.966943740844727,109.00012969970703,328.8790283203125,222.9706268310547
2025-02-10,98333.21875,2692.80859375,208.82749938964844,2.4694418907165527,0.2559249997138977,0.716280996799469,19.090980529785156,121.71173095703125,334.14801025390625,225.76695251464844
2025-02-11,98492.8984375,2724.90234375,205.9241943359375,2.5253920555114746,0.26923298835754395,0.8159189820289612,19.76460838317871,131.6415557861328,343.88031005859375,227.39222717285156
2025-02-12,98151.0234375,2794.867431640625,198.44981384277344,2.490575075149536,0.2670300006866455,0.8050739765167236,19.44901466369629,124.47865295410156,346.4083557128906,227.82174682617188
2025-02-13,98111.0859375,2756.443359375,198.26075744628906,2.596129894256592,0.26691800355911255,0.8269019722938538,19.314369201660156,129.00433349609375,345.3232421875,228.3234405517578
2025-02-14,98819.46875,2790.023681640625,205.12501525878906,2.82827091217041,0.28529301285743713,0.8270789980888367,19.812788009643555,133.58102416992188,350.4349060058594,231.88438415527344
2025-02-15,97975.0390625,2738.68115234375,200.0533905029297,2.8273110389709473,0.2826789915561676,0.8129389882087708,19.630155563354492,134.51234436035156,345.609619140625,237.47401428222656
2025-02-16,97725.59375,2724.096435546875,196.0703125,2.8022820949554443,0.27381598949432373,0.7868019938468933,19.23417091369629,137.17132568359375,334.72735595703125,235.33984375
2025-02-17,97032.234375,2848.7841796875,189.50650024414062,2.7614479064941406,0.2684989869594574,0.8269169926643372,19.77117347717285,128.5653839111328,336.3781433105469,238.83203125
2025-02-18,96695.375,2754.6767578125,178.94607543945312,2.666670083999634,0.25939399003982544,0.8125380277633667,19.171762466430664,129.5143280029297,324.8931884765625,239.0952911376953
2025-02-19,96855.59375,2735.917724609375,174.12147521972656,2.7440109252929688,0.25522300601005554,0.7747200131416321,18.150611877441406,139.41400146484375,324.0519714355469,241.5812225341797
2025-02-20,98767.1953125,2770.030517578125,176.588134765625,2.744910955429077,0.25745999813079834,0.8104299902915955,18.442869186401367,135.20355224609375,326.79278564453125,239.5435791015625
2025-02-21,99497.96875,2842.8271484375,180.4339599609375,2.709012031555176,0.26093098521232605,0.8169400095939636,19.02232551574707,139.8590545654297,333.2948913574219,238.47021484375
2025-02-22,96950.15625,2797.057861328125,174.46559143066406,2.607469081878662,0.24766500294208527,0.7826600074768066,18.015968322753906,130.95367431640625,322.4486083984375,237.3199920654297
2025-02-23,96671.875,2850.6103515625,173.0360565185547,2.5969789028167725,0.24743500351905823,0.7869970202445984,18.118183135986328,130.1383514404297,332.192626953125,237.77828979492188
2025-02-24,96503.453125,2839.010009765625,169.56248474121094,2.6004559993743896,0.24382799863815308,0.7755889892578125,17.723520278930664,130.2569580078125,329.0187683105469,237.5910186767578
2025-02-25,92511.078125,2529.669189453125,146.7398681640625,2.3579061031341553,0.21392099559307098,0.6930379867553711,15.542108535766602,116.80304718017578,296.29107666015625,230.9812774658203
2025-02-26,89286.25,2503.422119140625,144.8746795654297,2.3249189853668213,0.21350200474262238,0.693576991558075,15.6930513381958,128.13632202148438,300.4550476074219,224.48939514160156
2025-02-27,87000.78125,2378.08740234375,142.1814727783203,2.2538559436798096,0.21123899519443512,0.6781089901924133,15.73945140838623,131.72024536132812,302.9151611328125,216.17625427246094
2025-02-28,85036.3203125,2310.94921875,148.183837890625,2.1986401081085205,0.20685899257659912,0.645609974861145,15.140673637390137,129.3928680419922,319.462158203125,219.2408447265625
2025-03-01,86522.3046875,2279.873046875,150.7871551513672,2.2123920917510986,0.20869700610637665,0.674651026725769,15.121204376220703,130.2673797607422,323.8949279785156,226.6760711669922
2025-03-02,95043.4375,2548.811767578125,178.50856018066406,2.9667201042175293,0.24166999757289886,1.134268045425415,17.450847625732422,129.27154541015625,340.64178466796875,230.47604370117188
2025-03-03,94429.75,2522.316650390625,178.6346435546875,2.943916082382202,0.23965300619602203,1.1342129707336426,17.422916412353516,130.0357208251953,350.9582214355469,234.2351531982422
2025-03-04,88911.2734375,2220.358642578125,146.39646911621094,2.516110897064209,0.20162899792194366,0.9502570033073425,15.289105415344238,110.75364685058594,328.759033203125,224.38955688476562
2025-03-05,90998.2421875,2272.79736328125,149.4854736328125,2.5330400466918945,0.20595699548721313,1.0150569677352905,16.56216812133789,106.62614440917969,395.10797119140625,229.40045166015625
2025-03-06,92804.9375,2319.396240234375,152.7792510986328,2.63842511177063,0.2192309945821762,0.9784650206565857,17.621931076049805,112.85941314697266,418.2606201171875,234.10159301757812
2025-03-07,91191.046875,2254.232421875,150.02325439453125,2.61004900932312,0.20833100378513336,0.9126889705657959,17.469846725463867,106.51160430908203,408.45294189453125,229.59707641601562
2025-03-08,86847.265625,2232.3271484375,140.90457153320312,2.406409978866577,0.20066900551319122,0.836214005947113,15.997062683105469,108.21886444091797,395.16912841796875,228.3702392578125
2025-03-09,86471.1328125,2210.313720703125,139.72576904296875,2.348783016204834,0.19399699568748474,0.8156759738922119,15.335953712463379,102.58417510986328,386.47100830078125,221.46644592285156
2025-03-10,83955.9296875,2150.706298828125,131.24095153808594,2.2516989707946777,0.18028299510478973,0.7737690210342407,14.512513160705566,98.76484680175781,369.6250915527344,213.58859252929688
2025-03-11,83577.7578125,1961.7977294921875,128.14886474609375,2.2082018852233887,0.1683170050382614,0.7412700057029724,13.622076034545898,92.99475860595703,349.2240905761719,213.70709228515625
2025-03-12,84358.578125,1954.5711669921875,130.6551055908203,2.2588319778442383,0.1725129932165146,0.7614730000495911,13.773078918457031,92.5585708618164,360.14404296875,213.11373901367188
2025-03-13,84301.6953125,1919.688232421875,128.15863037109375,2.337981939315796,0.17271099984645844,0.7383890151977539,13.541891098022461,91.65618133544922,355.05426025390625,211.32518005371094
2025-03-14,85263.2890625,1945.0914306640625,135.6434783935547,2.3833189010620117,0.17570200562477112,0.7483530044555664,14.650102615356445,92.71328735351562,334.2023010253906,211.28759765625
2025-03-15,84672.671875,1955.2384033203125,136.48133850097656,2.4717578887939453,0.17761200666427612,0.7584199905395508,14.227458953857422,94.10469818115234,351.34942626953125,213.346435546875
2025-03-16,85051.6015625,1940.474365234375,136.468994140625,2.4085230827331543,0.17669899761676788,0.748278021812439,14.165285110473633,92.6170425415039,342.8220520019531,214.66326904296875
2025-03-17,84725.328125,1951.6259765625,130.52687072753906,2.375943899154663,0.1759919971227646,0.7291240096092224,14.21088695526123,94.2761459350586,341.8912353515625,212.64434814453125
2025-03-18,84075.71875,1935.1820068359375,128.16134643554688,2.340630054473877,0.17347200214862823,0.7181329727172852,14.223532676696777,92.36336517333984,343.1203918457031,212.6893768310547
2025-03-19,87021.1875,2068.764404296875,135.92552185058594,2.572793960571289,0.17851699888706207,0.7460219860076904,15.018282890319824,94.13768768310547,346.5509033203125,210.3325958251953
2025-03-20,87443.265625,2067.483642578125,135.77261352539062,2.550710916519165,0.17900599539279938,0.7522349953651428,15.105804443359375,94.41155242919922,349.5953674316406,211.34559631347656
2025-03-21,84782.2734375,1994.8914794921875,129.95623779296875,2.463002920150757,0.1714009940624237,0.7261019945144653,14.37282657623291,93.81848907470703,335.0297546386719,214.01332092285156
2025-03-22,84513.875,2005.0411376953125,131.57618713378906,2.4131650924682617,0.1695459932088852,0.7152050137519836,14.485215187072754,92.14759063720703,325.82635498046875,217.6776123046875
2025-03-23,86094.78125,2019.889404296875,133.9619598388672,2.4358808994293213,0.17225299775600433,0.7151650190353394,14.470629692077637,92.94347381591797,325.7184143066406,218.18008422851562
2025-03-24,88758.7265625,2101.9833984375,144.88308715820312,2.501594066619873,0.18894599378108978,0.7440339922904968,15.32787799835205,95.5163803100586,336.5546569824219,222.17599487304688
2025-03-25,88542.3984375,2096.518310546875,147.05799865722656,2.4719130992889404,0.19335000216960907,0.7653399705886841,15.582963943481445,94.6620864868164,338.8973083496094,224.9302978515625
2025-03-26,88292.15625,2078.369140625,145.3684844970703,2.4761669635772705,0.20537899434566498,0.7727810144424438,15.990032196044922,96.47010803222656,340.34930419921875,228.5973358154297
2025-03-27,87786.7265625,2037.3961181640625,140.1745147705078,2.388458013534546,0.2003840059041977,0.7435969710350037,15.771846771240234,94.97689056396484,339.2383728027344,225.21578979492188
2025-03-28,87489.859375,2015.454345703125,138.95281982421875,2.3407599925994873,0.19258099794387817,0.7448449730873108,15.561384201049805,93.3537368774414,326.4827880859375,226.26763916015625
2025-03-29,84567.3359375,1911.90087890625,130.38050842285156,2.2213709354400635,0.18220700323581696,0.7111859917640686,14.391704559326172,87.92958068847656,308.6727600097656,219.66793823242188
2025-03-30,83505.0,1847.570556640625,126.6233901977539,2.211034059524536,0.1722099930047989,0.6867219805717468,13.84270191192627,86.7560043334961,307.82318115234375,219.03211975097656
2025-03-31,83870.125,1852.5513916015625,127.6968994140625,2.1373190879821777,0.16821199655532837,0.6637219786643982,13.69515609741211,86.16148376464844,305.48370361328125,218.33273315429688
2025-04-01,85487.3671875,1926.302978515625,130.0324249267578,2.192725896835327,0.1751450002193451,0.6926289796829224,14.367353439331055,85.83924865722656,315.9886169433594,219.58192443847656
2025-04-02,88466.953125,1951.1802978515625,135.69578552246094,2.221312999725342,0.17869800329208374,0.7056289911270142,14.283526420593262,88.07308197021484,315.8262023925781,221.96047973632812
2025-04-03,83909.296875,1844.071044921875,120.78982543945312,2.0798630714416504,0.1672399938106537,0.6562399864196777,13.295575141906738,84.57359313964844,307.26324462890625,217.46324157714844
2025-04-04,84696.1484375,1833.956787109375,123.90060424804688,2.150624990463257,0.17257900536060333,0.6685310006141663,13.170368194580078,84.9629898071289,309.7270202636719,218.85047912597656
2025-04-05,84207.015625,1826.298583984375,122.78691101074219,2.170936107635498,0.17141300439834595,0.6664019823074341,13.031200408935547,84.87789154052734,303.9845275878906,218.89894104003906
2025-04-06,83704.71875,1815.5748291015625,120.93267822265625,2.1564838886260986,0.16976900398731232,0.6547629833221436,12.929146766662598,82.99740600585938,307.02032470703125,215.67532348632812
2025-04-07,81119.0625,1634.0411376953125,111.47198486328125,1.9928799867630005,0.1526000052690506,0.5966190099716187,11.788345336914062,72.35467529296875,280.0010681152344,204.83615112304688
2025-04-08,80823.890625,1617.33984375,112.29893493652344,1.9660459756851196,0.15672700107097626,0.616657018661499,11.844194412231445,73.4031982421875,284.1695556640625,208.16409301757812
2025-04-09,83541.0,1687.18798828125,120.47077178955078,2.086500883102417,0.16402600705623627,0.6438260078430176,12.800328254699707,78.0263900756836,310.915771484375,205.52001953125
2025-04-10,82700.9296875,1669.3941650390625,119.08255767822266,2.0527539253234863,0.16037699580192566,0.6323840022087097,12.65727710723877,76.01459503173828,303.61083984375,205.06044006347656
2025-04-11,84247.4765625,1587.53857421875,122.39859008789062,2.0614120960235596,0.16213999688625336,0.6366549730300903,12.872617721557617,77.39379119873047,315.55572509765625,206.66098022460938
2025-04-12,85856.1875,1666.017578125,133.75885009765625,2.1717629432678223,0.16933399438858032,0.665910005569458,13.26894760131836,79.97667694091797,352.2669982910156,209.8020782470703
2025-04-13,86015.1875,1648.2867431640625,133.5068359375,2.232383966445923,0.1684889942407608,0.6663169860839844,13.20571231842041,79.9318618774414,352.7746276855469,212.1244354248047
2025-04-14,85785.0,1689.8575439453125,135.18695068359375,2.1742610931396484,0.16864100098609924,0.6556959748268127,13.22470474243164,80.13285064697266,372.05523681640625,216.91226196289062
2025-04-15,86429.3515625,1659.836181640625,134.1931915283203,2.1812610626220703,0.16106100380420685,0.6474990248680115,12.805367469787598,78.61451721191406,336.9947204589844,216.87794494628906
2025-04-16,85428.28125,1610.7821044921875,133.59011840820312,2.1178948879241943,0.1570030003786087,0.6225619912147522,12.510177612304688,76.44567108154297,325.3072204589844,220.1252899169922
2025-04-17,85449.0703125,1615.306884765625,135.9093475341797,2.1128690242767334,0.15935100615024567,0.6292309761047363,12.690652847290039,76.44384765625,339.97735595703125,219.42221069335938
2025-04-18,85095.046875,1599.4168701171875,135.868896484375,2.087322950363159,0.15876999497413635,0.6313210129737854,12.707058906555176,76.98479461669922,344.60888671875,219.73472595214844
2025-04-19,85597.703125,1629.051513671875,140.0926055908203,2.0954349040985107,0.16055600345134735,0.634082019329071,13.027256965637207,76.6787338256836,339.8147888183594,216.12606811523438
2025-04-20,85306.3828125,1618.436767578125,141.8303680419922,2.0925440788269043,0.15928299725055695,0.6339120268821716,13.567761421203613,78.34217071533203,341.6944885253906,219.14051818847656
2025-04-21,88460.09375,1656.11962890625,142.66159057617188,2.1390879154205322,0.16293400526046753,0.6492059826850891,13.68026065826416,81.49262237548828,347.8679504394531,216.68724060058594
2025-04-22,93817.3828125,1773.63916015625,149.94924926757812,2.2378690242767334,0.17937099933624268,0.6838780045509338,14.15064811706543,84.47547912597656,364.1048583984375,226.95021057128906
2025-04-23,94535.734375,1829.7099609375,153.86874389648438,2.299539089202881,0.1850219964981079,0.7152690291404724,15.226228713989258,85.12458038330078,363.7303466796875,230.56175231933594
2025-04-24,94016.1953125,1801.69140625,152.75404357910156,2.227350950241089,0.18314500153064728,0.7390909790992737,15.111536979675293,84.52508544921875,366.5555725097656,230.6317901611328
2025-04-25,95768.390625,1826.696044921875,156.04518127441406,2.216888904571533,0.18603500723838806,0.7277060151100159,15.339580535888672,87.2347183227539,383.821533203125,230.91976928710938
2025-04-26,95251.359375,1839.363037109375,153.01953125,2.24590802192688,0.19244299829006195,0.7331420183181763,15.240860939025879,88.03485107421875,376.71124267578125,230.48031616210938
2025-04-27,95301.203125,1856.44384765625,150.20872497558594,2.2909960746765137,0.18314500153064728,0.7170320153236389,15.072090148925781,87.57086181640625,359.64788818359375,233.95028686523438
2025-04-28,95598.4921875,1827.4822998046875,153.20770263671875,2.352191925048828,0.18267199397087097,0.7281910181045532,15.098552703857422,88.01630401611328,368.1187744140625,339.1914367675781
2025-04-29,95485.4140625,1842.0330810546875,150.044189453125,2.311781883239746,0.1805409938097,0.7176340222358704,15.224578857421875,87.2408447265625,376.84423828125,279.62835693359375
2025-04-30,95249.3203125,1816.68994140625,148.20928955078125,2.258281946182251,0.17634999752044678,0.702830970287323,14.732857704162598,86.53041076660156,369.5191345214844,281.5609130859375
2025-05-01,97437.9609375,1872.9395751953125,153.86590576171875,2.2549800872802734,0.1832900047302246,0.7138029932975769,15.02629280090332,90.87566375732422,373.5812072753906,287.81304931640625
2025-05-02,97905.8984375,1869.530029296875,151.73170471191406,2.238821029663086,0.1840820014476776,0.7243419885635376,15.011055946350098,90.8663101196289,385.8911437988281,291.5555725097656
2025-05-03,96943.8828125,1848.246826171875,148.95945739746094,2.2192180156707764,0.18205299973487854,0.7283570170402527,14.665719032287598,88.00183868408203,383.3672180175781,286.1046142578125
2025-05-04,96318.921875,1849.99853515625,147.68251037597656,2.2153871059417725,0.177264004945755,0.713371992111206,14.354964256286621,86.86620330810547,368.4869689941406,280.531005859375
2025-05-05,95193.1875,1832.05078125,147.61659240722656,2.1935369968414307,0.1745380014181137,0.6897919774055481,14.154820442199707,89.35408782958984,360.7534484863281,282.4953918457031
2025-05-06,96889.1796875,1820.796630859375,147.0896453857422,2.1578099727630615,0.17240199446678162,0.6799700260162354,13.873090744018555,92.36015319824219,373.41900634765625,290.7297668457031
2025-05-07,97625.8046875,1849.658447265625,149.33984375,2.1697230339050293,0.17406299710273743,0.6878399848937988,14.067219734191895,93.2015380859375,386.07769775390625,290.87359619140625
2025-05-08,103969.5390625,2222.20556640625,163.9750518798828,2.324671983718872,0.19793899357318878,0.7683410048484802,15.93652629852295,95.19078826904297,425.85009765625,299.7543640136719
2025-05-09,104297.4921875,2486.0068359375,175.86207580566406,2.4253990650177,0.21263499557971954,0.8161730170249939,16.691730499267578,101.33683776855469,428.35107421875,316.1003723144531
2025-05-10,104961.765625,2597.54345703125,178.5718536376953,2.4726719856262207,0.24910999834537506,0.8414779901504517,17.42261505126953,106.14918518066406,431.9118957519531,333.0515441894531
2025-05-11,104937.9921875,2603.264404296875,179.62252807617188,2.4762539863586426,0.25873899459838867,0.8435559868812561,17.36441421508789,105.64225769042969,431.3128356933594,341.4976501464844
2025-05-12,105747.453125,2620.897216796875,180.9514923095703,2.639677047729492,0.25154098868370056,0.8608250021934509,17.892364501953125,104.79100799560547,418.3527526855469,349.9527587890625
2025-05-13,104997.421875,2736.89013671875,184.70140075683594,2.6008999347686768,0.24289900064468384,0.8407639861106873,17.78870964050293,104.89891815185547,415.5973205566406,345.1044921875
2025-05-14,104303.5625,2721.949951171875,184.7181854248047,2.645735025405884,0.2467689961194992,0.8317170143127441,17.49659538269043,105.06613159179688,413.18194580078125,349.1174011230469
2025-05-15,104153.6171875,2645.07421875,178.10504150390625,2.570915937423706,0.23643699288368225,0.8096849918365479,17.18041229248047,101.82231903076172,404.71807861328125,349.0091857910156
2025-05-16,104533.484375,2645.60791015625,173.95809936523438,2.436707019805908,0.23029600083827972,0.784978985786438,16.494943618774414,102.1082763671875,403.4589538574219,343.38775634765625
2025-05-17,103716.9453125,2537.78173828125,169.76828002929688,2.388313055038452,0.22204500436782837,0.7802760004997253,15.760971069335938,101.07940673828125,401.2992248535156,339.9779968261719
2025-05-18,106597.171875,2585.697021484375,176.4924774169922,2.4429008960723877,0.23715700209140778,0.7752469778060913,16.363126754760742,102.23527526855469,407.8995361328125,345.26751708984375
2025-05-19,107068.71875,2545.461181640625,173.83853149414062,2.4357941150665283,0.2351430058479309,0.7632330060005188,15.960365295410156,101.13946533203125,408.2640075683594,346.0531005859375
2025-05-20,107307.1171875,2585.619873046875,172.86056518554688,2.4056599140167236,0.23032699525356293,0.7524899840354919,16.379098892211914,99.53951263427734,397.9524230957031,356.3671875
2025-05-21,110724.4609375,2614.060791015625,175.5224151611328,2.4261128902435303,0.2375829964876175,0.782069981098175,16.457889556884766,98.28128814697266,411.59027099609375,399.8681640625
2025-05-22,111970.171875,2691.102294921875,180.54624938964844,2.4517180919647217,0.24543899297714233,0.8098549842834473,16.87770652770996,100.8830795288086,445.24542236328125,409.5287780761719
2025-05-23,111798.90625,2731.220703125,187.27975463867188,2.476517915725708,0.25361698865890503,0.8396180272102356,17.137393951416016,102.82711029052734,454.7947998046875,402.26849365234375
2025-05-24,109454.5234375,2575.13134765625,178.1427459716797,2.3588058948516846,0.23036199808120728,0.765932023525238,15.8966646194458,97.76754760742188,431.62078857421875,406.44921875
2025-05-25,109313.3046875,2553.869140625,176.72129821777344,2.3441929817199707,0.22627100348472595,0.7600029706954956,15.547592163085938,96.03606414794922,426.9320373535156,418.27850341796875
2025-05-26,110376.8828125,2598.566650390625,178.97799682617188,2.3580880165100098,0.2302750051021576,0.7756810188293457,15.93619155883789,97.57124328613281,427.08453369140625,420.3804931640625
2025-05-27,110744.2109375,2712.28515625,179.2212677001953,2.3520429134368896,0.2320069968700409,0.7749689817428589,16.110109329223633,96.98282623291016,423.97265625,404.4132995605469
2025-05-28,109298.2890625,2688.7421875,177.37599182128906,2.3214120864868164,0.2276570051908493,0.7603399753570557,16.13788414001465,97.42896270751953,423.8404541015625,371.5734558105469
2025-05-29,108910.046875,2784.75244140625,175.1842803955078,2.3111259937286377,0.22783400118350983,0.7644929885864258,16.175519943237305,98.57928466796875,427.7229919433594,351.44073486328125
2025-05-30,106308.9453125,2648.2607421875,167.3471221923828,2.250627040863037,0.21629999577999115,0.727092981338501,15.107035636901855,93.8394775390625,414.1343688964844,340.9776306152344
2025-05-31,104927.1015625,2550.483642578125,157.9366912841797,2.2038750648498535,0.1953520029783249,0.6946390271186829,14.178274154663086,87.88267517089844,422.4761657714844,330.3401794433594
2025-06-01,105884.546875,2547.77294921875,157.82785034179688,2.187160015106201,0.19478000700473785,0.6870660185813904,14.119718551635742,88.7032699584961,415.0939025878906,349.0662536621094
2025-06-02,105958.3125,2615.515625,158.89463806152344,2.2030580043792725,0.1960649937391281,0.6915000081062317,14.111964225769043,89.939453125,406.8408508300781,368.3299560546875
2025-06-03,106813.578125,2652.418701171875,163.39369201660156,2.280704975128174,0.2002509981393814,0.7058320045471191,14.425639152526855,90.56140899658203,408.8075256347656,370.43316650390625
2025-06-04,105997.6953125,2677.970458984375,157.85304260253906,2.264259099960327,0.19690999388694763,0.701337993144989,14.464346885681152,90.9671401977539,410.4613342285156,352.751220703125
2025-06-05,105936.6875,2640.60400390625,154.5604248046875,2.2252910137176514,0.1923760026693344,0.6891019940376282,14.031489372253418,89.08477783203125,404.79998779296875,338.5474853515625
2025-06-06,105376.7734375,2530.391845703125,152.02252197265625,2.1888461112976074,0.1842530071735382,0.6709520220756531,13.638745307922363,87.68367004394531,399.0812683105469,339.12225341796875
2025-06-07,105972.7578125,2543.048828125,152.82553100585938,2.1910500526428223,0.18857300281524658,0.6703829765319824,14.082703590393066,89.31390380859375,411.3736572265625,330.2895202636719
2025-06-08,106497.0625,2547.467041015625,155.04188537597656,2.2942090034484863,0.18675099313259125,0.6786649823188782,13.963918685913086,88.58467102050781,419.0455627441406,336.6078186035156
2025-06-09,110561.421875,2693.806640625,161.4990997314453,2.3278310298919678,0.19542500376701355,0.706961989402771,14.385820388793945,90.7641372680664,429.4818115234375,335.58282470703125
2025-06-10,110380.125,2824.80810546875,165.53392028808594,2.3248300552368164,0.19830000400543213,0.7187880277633667,15.492620468139648,93.39981842041016,442.6920471191406,342.2256774902344
2025-06-11,110384.21875,2877.62939453125,168.0181121826172,2.3354949951171875,0.20433199405670166,0.7303619980812073,15.64050579071045,94.00593566894531,445.685546875,345.0383605957031
2025-06-12,108780.6953125,2784.2626953125,161.20278930664062,2.2712199687957764,0.1936189979314804,0.6991270184516907,14.91075325012207,91.7936782836914,441.12774658203125,331.75677490234375
2025-06-13,106182.546875,2651.91552734375,152.78704833984375,2.1947391033172607,0.18154799938201904,0.6638190150260925,14.026015281677246,86.605224609375,453.3433837890625,322.0124816894531
2025-06-14,106203.7578125,2580.158203125,148.64666748046875,2.1783881187438965,0.18044200539588928,0.6421999931335449,13.443733215332031,86.87774658203125,449.1024169921875,318.76788330078125
2025-06-15,106157.1015625,2558.677734375,153.21786499023438,2.1749680042266846,0.17857599258422852,0.6356289982795715,13.314410209655762,86.54517364501953,467.172119140625,319.1190490722656
2025-06-16,108915.375,2680.087646484375,158.60787963867188,2.335679054260254,0.1810149997472763,0.656781017780304,14.14445972442627,88.89298248291016,475.4433898925781,332.13958740234375
2025-06-17,107750.1953125,2617.9013671875,154.14801025390625,2.254978895187378,0.17589500546455383,0.6419140100479126,13.765875816345215,87.69681549072266,480.4688720703125,330.0003356933594
2025-06-18,105581.8515625,2546.62744140625,149.15914916992188,2.1802639961242676,0.1720609962940216,0.620764970779419,13.213550567626953,85.58200073242188,478.6559143066406,331.61895751953125
2025-06-19,105250.890625,2546.76953125,147.78707885742188,2.1820759773254395,0.17184700071811676,0.6108440160751343,13.362924575805664,85.8410415649414,500.1043701171875,323.2815246582031
2025-06-20,106539.3828125,2569.0146484375,148.71890258789062,2.178421974182129,0.17188100516796112,0.6059219837188721,13.270346641540527,85.92496490478516,500.107666015625,318.838134765625
2025-06-21,104015.78125,2448.41162109375,142.49974060058594,2.143980026245117,0.16423299908638,0.5873389840126038,12.726534843444824,84.08651733398438,477.0577392578125,317.5793762207031
2025-06-22,103351.6328125,2313.85302734375,137.55213928222656,2.088361978530884,0.15724900364875793,0.562654972076416,12.166029930114746,81.98597717285156,469.58038330078125,313.8361511230469
2025-06-23,106116.859375,2434.23974609375,146.59849548339844,2.168555974960327,0.16499100625514984,0.5853840112686157,12.91619873046875,85.38858032226562,469.2757263183594,312.4754333496094
2025-06-24,106316.828125,2481.222900390625,146.5894775390625,2.2160279750823975,0.16742700338363647,0.5931649804115295,13.722312927246094,85.3385238647461,466.1972961425781,319.3349609375
2025-06-25,108168.3984375,2468.677978515625,147.77401733398438,2.225637912750244,0.16736499965190887,0.5899930000305176,13.489498138427734,85.41447448730469,494.4190979003906,321.8258056640625
2025-06-26,108305.546875,2519.619873046875,147.7301483154297,2.2118210792541504,0.16790400445461273,0.5805730223655701,13.537347793579102,85.89220428466797,505.3204650878906,319.67535400390625
2025-06-27,107772.46875,2463.15478515625,144.4037322998047,2.150455951690674,0.16259700059890747,0.5615090131759644,13.204341888427734,85.6033706665039,508.1553955078125,312.61761474609375
2025-06-28,107567.8828125,2448.191650390625,152.43739318847656,2.2066619396209717,0.16489799320697784,0.5682680010795593,13.439176559448242,87.34298706054688,505.1878356933594,315.97552490234375
2025-06-29,108526.3046875,2523.320556640625,154.42337036132812,2.2182369232177734,0.16977599263191223,0.5824400186538696,13.837636947631836,88.35588836669922,506.1245422363281,323.3393859863281
2025-06-30,108798.7890625,2521.720458984375,159.63160705566406,2.3205649852752686,0.1697939932346344,0.588808000087738,13.740310668945312,88.24590301513672,520.1087646484375,326.22430419921875
2025-07-01,107550.6796875,2500.591796875,155.34742736816406,2.2523210048675537,0.1661520004272461,0.5759639739990234,13.420132637023926,86.7782974243164,526.7191162109375,325.49615478515625
2025-07-02,109763.65625,2616.78369140625,154.4098358154297,2.2791690826416016,0.17243899405002594,0.5980119705200195,13.838497161865234,88.44430541992188,511.9389343261719,326.6492004394531
2025-07-03,110541.4609375,2635.192138671875,156.1884765625,2.308444023132324,0.1751910001039505,0.6105120182037354,14.028029441833496,92.1041030883789,514.459228515625,336.8021545410156
2025-07-04,109751.984375,2601.11962890625,153.55760192871094,2.2671821117401123,0.17266100645065308,0.602724015712738,13.757813453674316,89.20399475097656,496.7086486816406,323.1867980957031
2025-07-05,108381.34375,2529.84228515625,148.59071350097656,2.2334558963775635,0.1649550050497055,0.5828490257263184,13.263463973999023,87.81245422363281,489.7107238769531,316.843994140625
2025-07-06,109731.625,2603.064697265625,153.38705444335938,2.286876916885376,0.17471100389957428,0.5918269753456116,13.680948257446289,88.34991455078125,499.3248596191406,321.8062744140625
2025-07-07,109710.25,2589.324951171875,153.27696228027344,2.348522901535034,0.1767289936542511,0.5925729870796204,13.682707786560059,88.19832611083984,499.67236328125,325.0574645996094
2025-07-08,109198.96875,2626.66455078125,152.79660034179688,2.3197081089019775,0.17177699506282806,0.5914509892463684,13.980143547058105,87.93972778320312,505.24981689453125,320.0486145019531
2025-07-09,111925.375,2794.5185546875,157.88002014160156,2.4232490062713623,0.18478600680828094,0.6263269782066345,14.354907035827637,91.3194580078125,516.2163696289062,327.0312194824219
2025-07-10,116608.78125,2995.152099609375,165.0765838623047,2.558056116104126,0.19574199616909027,0.6787980198860168,15.321435928344727,95.13665008544922,520.1332397460938,329.3062438964844
2025-07-11,118856.4765625,3038.14111328125,167.92196655273438,2.9642701148986816,0.2129340022802353,0.7725200057029724,15.834834098815918,98.11109161376953,537.9725341796875,331.3044128417969
2025-07-12,118219.8984375,2979.780029296875,163.84532165527344,2.8412539958953857,0.2061060070991516,0.7336840033531189,15.466806411743164,95.37165832519531,533.9378662109375,335.194580078125
2025-07-13,119449.5703125,3016.3935546875,163.9575958251953,2.878499984741211,0.20360900461673737,0.7537540197372437,15.9246826171875,96.77396392822266,512.526123046875,340.9085998535156
2025-07-14,123091.609375,3079.985595703125,168.33612060546875,3.021791934967041,0.21038900315761566,0.7654730081558228,16.420507431030273,97.81761169433594,524.4868774414062,356.8652038574219
2025-07-15,119935.5625,3142.42724609375,164.12208557128906,2.957473039627075,0.19917899370193481,0.7483000159263611,16.154226303100586,96.65665435791016,505.25103759765625,344.964599609375
2025-07-16,120065.515625,3422.60302734375,175.83580017089844,3.0970680713653564,0.21973200142383575,0.7835590243339539,17.0117130279541,99.87815856933594,508.59844970703125,337.805419921875
2025-07-17,120999.609375,3521.685302734375,178.0684356689453,3.5405991077423096,0.22205500304698944,0.8371580243110657,18.054662704467773,103.47513580322266,504.4915771484375,344.8263244628906
2025-07-18,120851.9140625,3674.855224609375,184.36900329589844,3.650209903717041,0.2525370121002197,0.8921710252761841,19.080799102783203,111.89652252197266,539.76123046875,340.6781311035156
2025-07-19,118541.3984375,3608.275634765625,178.369384765625,3.4801108837127686,0.2566330134868622,0.835457980632782,18.539112091064453,113.49437713623047,521.0634765625,327.9373474121094
2025-07-20,118865.03125,3819.398681640625,183.31976318359375,3.5544300079345703,0.27696600556373596,0.8757979869842529,19.78963851928711,121.29607391357422,552.83837890625,329.1605224609375
2025-07-21,119671.5625,3856.76708984375,198.91555786132812,3.64241099357605,0.2867560088634491,0.9296600222587585,20.235979080200195,121.85041809082031,548.2609252929688,332.1666564941406
2025-07-22,120269.96875,3798.100341796875,205.87147521972656,3.5769379138946533,0.2744089961051941,0.9070109724998474,19.935165405273438,119.72757720947266,529.7896728515625,326.1836242675781
2025-07-23,120113.3515625,3765.0263671875,205.75608825683594,3.5521459579467773,0.27087700366973877,0.9034550189971924,19.691198348999023,121.89842987060547,529.5054931640625,328.5184326171875
2025-07-24,119535.453125,3771.381591796875,191.88336181640625,3.2600300312042236,0.24647800624370575,0.8367080092430115,18.65234375,115.28633880615234,526.9827270507812,327.6640319824219
2025-07-25,118486.9765625,3744.820068359375,186.78858947753906,3.1508629322052,0.23681199550628662,0.8162519931793213,18.45374870300293,116.2565689086914,562.0377807617188,337.6044921875
2025-07-26,118335.6875,3789.789794921875,189.64695739746094,3.213773012161255,0.23986400663852692,0.8374770283699036,18.570951461791992,115.40968322753906,562.7250366210938,328.9027099609375
2025-07-27,119815.59375,3876.93359375,190.44314575195312,3.2484660148620605,0.24357399344444275,0.83815997838974,19.27501106262207,115.43243408203125,605.4916381835938,328.8507995605469
2025-07-28,119819.7890625,3940.652099609375,194.65802001953125,3.324357032775879,0.2482140064239502,0.8540030121803284,19.541828155517578,116.271484375,603.461669921875,331.13800048828125
2025-07-29,119273.8671875,3883.997802734375,186.4884490966797,3.1827991008758545,0.2324489951133728,0.8089470267295837,18.609115600585938,110.6766357421875,586.019775390625,324.6786193847656
2025-07-30,118780.7265625,3832.884033203125,182.3795166015625,3.157607078552246,0.2261440008878708,0.788320004940033,17.91929054260254,111.12191772460938,593.0418090820312,317.54522705078125
2025-07-31,118919.984375,3877.47021484375,182.48248291015625,3.1738059520721436,0.22551299631595612,0.7876889705657959,18.214069366455078,111.71803283691406,596.6082153320312,317.7375183105469
2025-08-01,116060.7734375,3722.585693359375,172.4171142578125,3.051882028579712,0.21203500032424927,0.7400559782981873,17.014402389526367,108.09593200683594,571.24169921875,307.887451171875
2025-08-02,114021.6015625,3535.558837890625,165.1070098876953,3.0177719593048096,0.2032189965248108,0.7268519997596741,16.236696243286133,109.85327911376953,543.407958984375,298.6910095214844
2025-08-03,114747.421875,3520.831298828125,162.8240509033203,2.9583849906921387,0.19992800056934357,0.7290189862251282,16.35841941833496,111.20707702636719,547.5726928710938,304.5343933105469
2025-08-04,115729.46875,3734.9775390625,169.71173095703125,3.088593006134033,0.21118800342082977,0.7585129737854004,17.181243896484375,121.33966064453125,578.8119506835938,314.40093994140625
2025-08-05,115117.4375,3720.656494140625,171.56015014648438,3.103377103805542,0.21087799966335297,0.7593119740486145,17.109827041625977,128.78732299804688,582.7623901367188,305.9958190917969
2025-08-06,115737.8359375,3698.124755859375,169.86183166503906,3.017256021499634,0.20701800286769867,0.7473000288009644,16.884077072143555,120.97944641113281,572.9185791015625,295.58953857421875
2025-08-07,117676.90625,3926.204345703125,175.48870849609375,3.329602003097534,0.2228730022907257,0.7874410152435303,18.483678817749023,122.72650146484375,583.8564453125,287.5916442871094
2025-08-08,117689.203125,4068.84765625,179.35963439941406,3.375807046890259,0.23223599791526794,0.8044260144233704,19.957372665405273,126.08000183105469,588.771484375,277.41864013671875
2025-08-09,117906.609375,4323.76123046875,183.14248657226562,3.34472393989563,0.24609799683094025,0.8194649815559387,21.94300651550293,126.13383483886719,591.417724609375,284.8497314453125
2025-08-10,119320.7109375,4332.21044921875,185.916748046875,3.2766270637512207,0.24312999844551086,0.8327460289001465,22.61202049255371,125.49437713623047,580.3805541992188,280.85693359375
2025-08-11,122321.09375,4362.0927734375,186.6573028564453,3.3272359371185303,0.24140800535678864,0.832243025302887,22.548227310180664,127.67213439941406,594.676513671875,278.372802734375
2025-08-12,120302.46875,4634.05517578125,193.4408416748047,3.300262928009033,0.2378000020980835,0.8537390232086182,24.0731201171875,131.7564239501953,625.0442504882812,267.5706481933594
2025-08-13,123682.453125,4784.6689453125,204.4700164794922,3.3238399028778076,0.24965700507164001,0.9180219769477844,24.657821655273438,133.91891479492188,629.1561279296875,259.1630554199219
2025-08-14,124457.1171875,4788.5517578125,209.66685485839844,3.3459880352020264,0.25477901101112366,1.0164639949798584,24.27507781982422,133.68826293945312,626.236328125,258.9613952636719
2025-08-15,119332.3125,4667.72998046875,198.13832092285156,3.1427619457244873,0.23284900188446045,0.9610769748687744,23.02439308166504,123.15582275390625,601.648681640625,246.7645263671875
2025-08-16,117996.0625,4493.1494140625,189.98114013671875,3.156259059906006,0.23541100323200226,0.975259006023407,22.950401306152344,120.94686889648438,597.5339965820312,257.3371276855469
2025-08-17,118595.7734375,4575.87646484375,195.4407958984375,3.146683931350708,0.24234800040721893,0.9848380088806152,26.22469711303711,123.22441864013672,592.0797119140625,272.1424865722656
2025-08-18,117614.171875,4484.009765625,191.35415649414062,3.0956459045410156,0.2355320006608963,0.9659919738769531,26.676715850830078,120.9471435546875,582.5004272460938,282.0242004394531
2025-08-19,116764.5,4355.0751953125,185.7837371826172,3.0802559852600098,0.22556200623512268,0.9506000280380249,25.78093910217285,119.02588653564453,573.6394653320312,282.55670166015625
2025-08-20,114625.796875,4376.78955078125,187.68954467773438,2.9852991104125977,0.22272199392318726,0.8909909725189209,26.85666847229004,117.02444458007812,562.565673828125,271.5894470214844
2025-08-21,114802.6484375,4338.826171875,189.40052795410156,2.9521749019622803,0.224030002951622,0.8907340168952942,26.51304817199707,116.99514770507812,564.2708129882812,273.9313049316406
2025-08-22,117377.3984375,4884.22802734375,201.93734741210938,3.0979928970336914,0.24172499775886536,0.9390249848365784,27.735258102416992,123.50634002685547,607.5272827148438,272.76715087890625
2025-08-23,116996.25,4831.61083984375,207.83900451660156,3.0757880210876465,0.24059300124645233,0.9335880279541016,26.773052215576172,123.15911865234375,600.7739868164062,273.49981689453125
2025-08-24,115615.0859375,4953.73291015625,211.76023864746094,3.123673915863037,0.244501993060112,0.9600899815559387,26.567134857177734,124.64083099365234,599.3931274414062,285.3854064941406
2025-08-25,113637.84375,4796.35009765625,213.00613403320312,3.049161911010742,0.2341099977493286,0.9252349734306335,26.385013580322266,118.4730453491211,586.8638916015625,278.81976318359375
2025-08-26,112397.015625,4632.0732421875,197.84652709960938,3.0737359523773193,0.21982400119304657,0.8738229870796204,24.717517852783203,114.69602966308594,554.0781860351562,285.0852355957031
2025-08-27,112619.4140625,4659.9873046875,211.85757446289062,3.042534112930298,0.22326500713825226,0.8751929998397827,24.626983642578125,116.1255111694336,562.1173095703125,280.12847900390625
2025-08-28,113450.078125,4629.03125,216.08740234375,3.02406907081604,0.22587800025939941,0.8778470158576965,25.89582633972168,114.52999877929688,565.0848388671875,277.1268005371094
2025-08-29,112619.0546875,4513.859375,217.83670043945312,2.9724369049072266,0.2246280014514923,0.8626239895820618,25.192163467407227,113.75794219970703,559.2968139648438,268.3792419433594
2025-08-30,108929.3515625,4413.27490234375,206.80039978027344,2.833678960800171,0.21841999888420105,0.8418530225753784,23.505321502685547,111.1325454711914,554.0957641601562,268.08428955078125
2025-08-31,109491.0,4497.1767578125,206.5069580078125,2.8643128871917725,0.22094599902629852,0.8369359970092773,24.01214599609375,111.86898040771484,554.0567016601562,266.2209777832031
2025-09-01,109890.5859375,4490.3466796875,204.2178497314453,2.834273099899292,0.21962599456310272,0.8426880240440369,23.824735641479492,111.24774169921875,551.0439453125,268.58795166015625
2025-09-02,111748.015625,4414.93408203125,209.48153686523438,2.8625171184539795,0.2152629941701889,0.8347330093383789,23.571842193603516,112.05509948730469,585.8167114257812,270.3062438964844
2025-09-03,112600.2265625,4489.19873046875,212.82351684570312,2.884850025177002,0.22324000298976898,0.8430140018463135,23.890018463134766,113.21360778808594,604.8558959960938,272.8414306640625
2025-09-04,112208.328125,4483.451171875,211.79501342773438,2.859074115753174,0.22089199721813202,0.841346025466919,23.939865112304688,113.4330825805664,604.08837890625,274.6972961425781
2025-09-05,113357.4921875,4484.361328125,209.8600616455078,2.8827059268951416,0.22065100073814392,0.8460689783096313,23.182537078857422,114.95743560791016,618.5623168945312,272.6981201171875
2025-09-06,111275.015625,4327.43994140625,204.5575408935547,2.827824115753174,0.2187259942293167,0.835273027420044,22.48929786682129,112.48799896240234,616.1646728515625,271.4353332519531
2025-09-07,111591.078125,4334.2744140625,207.86734008789062,2.910407066345215,0.22905200719833374,0.840815007686615,22.569889068603516,115.26837921142578,606.682861328125,273.43865966796875
2025-09-08,112869.234375,4381.27490234375,216.8997802734375,2.99190092086792,0.2436400055885315,0.8685129880905151,23.269760131835938,115.30451965332031,605.8727416992188,272.75689697265625
2025-09-09,113225.4375,4381.2265625,219.52349853515625,3.0332069396972656,0.24853099882602692,0.8936349749565125,23.794448852539062,114.62589263916016,590.4154052734375,274.47808837890625
2025-09-10,114275.25,4450.41796875,225.51246643066406,3.0198910236358643,0.24803900718688965,0.8939700126647949,23.88629722595215,117.87779235839844,589.4597778320312,271.97613525390625
2025-09-11,115522.546875,4471.69873046875,228.90882873535156,3.0474040508270264,0.2568559944629669,0.8954480290412903,24.492229461669922,117.65097045898438,602.39794921875,273.8304748535156
2025-09-12,116769.3828125,4734.27392578125,243.78890991210938,3.1292951107025146,0.27838701009750366,0.9171010255813599,25.29320526123047,118.23968505859375,601.3950805664062,284.0312805175781
2025-09-13,116334.6328125,4763.361328125,244.14328002929688,3.1834518909454346,0.3056420087814331,0.9525709748268127,25.577938079833984,120.79342651367188,605.3619995117188,290.20281982421875
2025-09-14,116181.5,4690.64208984375,249.12413024902344,3.125075101852417,0.2942120134830475,0.9304819703102112,24.998287200927734,119.33483123779297,603.2343139648438,308.37652587890625
2025-09-15,116747.8828125,4670.5302734375,244.0004119873047,3.0665009021759033,0.28168100118637085,0.9021649956703186,24.431182861328125,116.72882080078125,604.7797241210938,308.54296875
2025-09-16,117005.2734375,4537.599609375,240.6835174560547,3.057734966278076,0.27156201004981995,0.8838239908218384,23.744661331176758,115.73894500732422,601.6998291015625,325.7724609375
2025-09-17,117328.609375,4617.23486328125,246.4639434814453,3.106205940246582,0.2835659980773926,0.9183170199394226,24.230695724487305,117.55502319335938,624.8118896484375,320.16448974609375
2025-09-18,117911.7890625,4643.97265625,253.20989990234375,3.1373729705810547,0.28790199756622314,0.9378219842910767,24.72763442993164,119.03903198242188,650.3606567382812,302.4939270019531
2025-09-19,117479.7578125,4620.79296875,248.50660705566406,3.091960906982422,0.2840220034122467,0.9363790154457092,24.851457595825195,119.37104034423828,631.8939208984375,303.5884094238281
2025-09-20,116191.1484375,4509.81201171875,240.99896240234375,3.0097670555114746,0.26914501190185547,0.9063169956207275,23.654325485229492,115.20100402832031,606.5555419921875,299.4167785644531
2025-09-21,115901.0859375,4499.38916015625,241.80892944335938,3.012864112854004,0.26968398690223694,0.9023290276527405,23.485740661621094,116.17369079589844,602.1749267578125,301.1034240722656
2025-09-22,115431.3125,4457.08251953125,236.8692626953125,2.975092887878418,0.26204100251197815,0.8874809741973877,23.032779693603516,114.394287109375,594.7813110351562,300.7727355957031
2025-09-23,113351.9140625,4227.7314453125,221.3500518798828,2.8936240673065186,0.24340100586414337,0.8291509747505188,21.988452911376953,107.22338104248047,569.7745971679688,295.7056884765625
2025-09-24,113986.2734375,4206.90185546875,216.38018798828125,2.9935901165008545,0.2501550018787384,0.8290830254554749,21.96425437927246,107.60359191894531,563.6603393554688,300.7557678222656
2025-09-25,113541.0859375,4162.0625,212.4007568359375,2.943459987640381,0.24193400144577026,0.8144090175628662,21.6571044921875,105.84506225585938,557.5267944335938,299.49652099609375
2025-09-26,110359.1953125,4069.168701171875,205.415283203125,2.809046983718872,0.2332880049943924,0.7961000204086304,21.22411346435547,104.8933334350586,550.294677734375,297.6683349609375
2025-09-27,109778.5,4038.45166015625,205.39913940429688,2.8261570930480957,0.23421500623226166,0.7941470146179199,21.151464462280273,104.9557113647461,548.5022583007812,293.0125427246094
2025-09-28,112375.484375,4143.00390625,210.89622497558594,2.866821050643921,0.23747199773788452,0.8112549781799316,21.69170570373535,107.12031555175781,558.0104370117188,292.56341552734375
2025-09-29,114473.5703125,4234.78271484375,214.6881103515625,2.9153709411621094,0.2386849969625473,0.8149600028991699,21.88847541809082,107.33427429199219,563.2060546875,293.24761962890625
2025-09-30,114836.6171875,4238.67138671875,213.50680541992188,2.9061388969421387,0.23565100133419037,0.8119840025901794,21.836164474487305,107.55210876464844,562.7998657226562,299.25421142578125
2025-10-01,118648.9296875,4351.1123046875,221.67587280273438,2.958820104598999,0.24836499989032745,0.8500400185585022,22.627830505371094,115.24842834472656,597.029541015625,320.9474182128906
2025-10-02,121086.40625,4517.6650390625,234.86058044433594,3.0992510318756104,0.26341500878334045,0.877269983291626,23.11431121826172,122.4579849243164,596.69873046875,341.0205078125
2025-10-03,123944.703125,4591.44384765625,236.7911834716797,3.093135118484497,0.26496899127960205,0.8909919857978821,23.05874252319336,123.96359252929688,615.2291259765625,339.56524658203125
2025-10-04,122857.640625,4519.52685546875,233.90084838867188,3.0501859188079834,0.2594049870967865,0.8685050010681152,22.599348068237305,120.92424774169922,609.244873046875,329.9809265136719
2025-10-05,125559.2109375,4616.533203125,236.77723693847656,3.068089008331299,0.26466500759124756,0.8800269961357117,22.91104507446289,123.98868560791016,611.0782470703125,341.1110534667969
2025-10-06,126198.0703125,4736.208984375,237.32254028320312,3.046444892883301,0.27004700899124146,0.8797109723091125,23.575542449951172,121.19857025146484,606.4380493164062,326.0416564941406
2025-10-07,125184.0234375,4755.22021484375,235.08648681640625,2.999748945236206,0.267863005399704,0.8769299983978271,23.669267654418945,119.21309661865234,599.722412109375,326.8825378417969
2025-10-08,124167.09375,4556.2216796875,229.5643310546875,2.923064947128296,0.26093098521232605,0.8453329801559448,22.653024673461914,119.56070709228516,587.7357788085938,341.7781982421875
2025-10-09,123739.34375,4531.716796875,229.31578063964844,2.880836009979248,0.2557089924812317,0.839119017124176,22.654375076293945,127.4483413696289,592.620361328125,345.98675537109375
2025-10-10,122509.6640625,4395.57080078125,224.25440979003906,2.8336119651794434,0.25362399220466614,0.8226950168609619,22.751161575317383,135.5629425048828,597.1498413085938,345.66485595703125
2025-10-11,113429.7265625,3882.241455078125,190.87913513183594,2.5019938945770264,0.20023399591445923,0.6819599866867065,18.477811813354492,102.40986633300781,539.9500732421875,312.0290222167969
2025-10-12,115805.0625,4195.3974609375,198.8739776611328,2.581763982772827,0.21404899656772614,0.7082160115242004,19.391937255859375,102.02229309082031,545.138916015625,314.9848327636719
2025-10-13,116020.484375,4292.845703125,209.2491912841797,2.6452128887176514,0.21827000379562378,0.7350540161132812,20.192644119262695,101.28065490722656,549.7081298828125,317.01544189453125
2025-10-14,115502.8828125,4265.10546875,211.10504150390625,2.6204729080200195,0.21554400026798248,0.7325869798660278,20.03530502319336,100.39759826660156,546.9992065429688,313.0212707519531
2025-10-15,113622.3828125,4213.85595703125,208.33116149902344,2.5257151126861572,0.20797300338745117,0.7133269906044006,19.235950469970703,99.68315124511719,544.7749633789062,330.4587707519531
2025-10-16,111990.8125,4079.648193359375,197.95574951171875,2.4628589153289795,0.20123499631881714,0.6835539937019348,18.566953659057617,96.78978729248047,528.9629516601562,321.5332946777344
2025-10-17,109235.8046875,3950.56689453125,187.42857360839844,2.380460023880005,0.19079700112342834,0.6539419889450073,17.666961669921875,92.85997009277344,509.63031005859375,301.9630126953125
2025-10-18,107490.984375,3927.24560546875,188.26788330078125,2.391555070877075,0.19022299349308014,0.6408190131187439,16.966510772705078,92.1534194946289,479.3109436035156,315.4695739746094
2025-10-19,109488.9921875,4029.35546875,192.2006072998047,2.417567014694214,0.1985349953174591,0.6644870042800903,17.6568603515625,94.75799560546875,478.5227355957031,319.79669189453125
2025-10-20,111711.03125,4084.15966796875,194.34115600585938,2.5430819988250732,0.20244699716567993,0.6754990220069885,19.172805786132812,95.79956817626953,486.32763671875,323.4664001464844
2025-10-21,113996.34375,4109.533203125,197.37448120117188,2.531348943710327,0.20543499290943146,0.6846290230751038,18.940265655517578,96.84846496582031,514.15478515625,317.6094055175781
2025-10-22,109115.1328125,3890.63232421875,187.32662963867188,2.437922954559326,0.19531400501728058,0.6466839909553528,17.835784912109375,94.88703918457031,484.5442199707031,312.6349792480469
2025-10-23,111288.59375,3930.974853515625,193.17556762695312,2.4232709407806396,0.1972160041332245,0.6529579758644104,17.764766693115234,94.73509216308594,491.3616638183594,339.4936218261719
2025-10-24,111842.53125,4002.561767578125,195.3123321533203,2.512458086013794,0.19968299567699432,0.6588299870491028,17.984703063964844,97.03467559814453,506.58642578125,330.3811950683594
2025-10-25,111947.703125,3967.6455078125,195.08335876464844,2.645198106765747,0.19971799850463867,0.6586470007896423,18.223819732666016,97.0202407836914,511.0977478027344,339.4529113769531
2025-10-26,115260.90625,4177.310546875,200.6212158203125,2.658691883087158,0.20641100406646729,0.6842309832572937,18.66091537475586,100.51624298095703,563.8194580078125,351.68603515625
2025-10-27,116273.3125,4250.669921875,205.02005004882812,2.6934471130371094,0.2093150019645691,0.6918720006942749,19.02147674560547,102.87415313720703,571.3715209960938,350.4927673339844
2025-10-28,116078.984375,4173.50537109375,203.83175659179688,2.6833300590515137,0.202906996011734,0.6745150089263916,18.787517547607422,106.34300994873047,570.3652954101562,345.4299011230469
2025-10-29,113642.7265625,4036.35302734375,201.6774444580078,2.663019895553589,0.197270005941391,0.6566420197486877,18.618070602416992,100.5983657836914,566.3123168945312,345.2677307128906
2025-10-30,111612.3515625,3948.22265625,198.0394744873047,2.589812994003296,0.1944890022277832,0.6476460099220276,18.400466918945312,99.67179107666016,574.0560913085938,339.5243835449219
2025-10-31,111031.8203125,3900.580322265625,189.85353088378906,2.546717882156372,0.1877560019493103,0.6190329790115356,17.419322967529297,96.1800765991211,563.2086181640625,335.04296875
2025-11-01,110574.8984375,3906.7802734375,187.34556579589844,2.521034002304077,0.18838299810886383,0.6165509819984436,17.401369094848633,101.75743103027344,559.8309326171875,353.91986083984375
2025-11-02,111167.3125,3914.87548828125,188.1415252685547,2.546015977859497,0.18867699801921844,0.6181179881095886,17.600069046020508,101.3951644897461,555.1066284179688,361.0074462890625
2025-11-03,110764.9140625,3912.63330078125,188.7412109375,2.5297560691833496,0.18657800555229187,0.6109489798545837,17.62802505493164,99.66692352294922,537.2637939453125,351.67193603515625
2025-11-04,107264.8828125,3652.687255859375,168.20030212402344,2.3605270385742188,0.17088499665260315,0.5624409914016724,15.474836349487305,90.76715850830078,512.2496337890625,350.29473876953125
2025-11-05,104534.703125,3479.8095703125,163.65786743164062,2.3712880611419678,0.16846300661563873,0.5489150285720825,15.377610206604004,89.84207153320312,493.8278503417969,378.5447082519531
2025-11-06,104147.3046875,3454.3359375,162.779296875,2.3857710361480713,0.16738000512123108,0.5461379885673523,15.19433307647705,89.55572509765625,489.8311767578125,360.8134765625
2025-11-07,104052.9140625,3471.804931640625,164.09254455566406,2.3664300441741943,0.18138399720191956,0.5855069756507874,16.19568634033203,104.45751953125,519.9895629882812,375.0445556640625
2025-11-08,103373.5625,3482.268310546875,164.70510864257812,2.332689046859741,0.18300899863243103,0.5914940237998962,16.001401901245117,106.15178680419922,514.7979125976562,372.60406494140625
2025-11-09,105418.3671875,3616.43701171875,166.2310333251953,2.377732992172241,0.18096399307250977,0.5834720134735107,16.09974479675293,113.23821258544922,505.0336608886719,470.0068054199219
2025-11-10,106564.6953125,3656.14892578125,170.15528869628906,2.577178955078125,0.18501900136470795,0.6012809872627258,16.625041961669922,111.60379791259766,523.322998046875,427.40216064453125
2025-11-11,107428.2578125,3644.5283203125,171.6073455810547,2.565876007080078,0.18534600734710693,0.6052200198173523,16.716917037963867,106.50173950195312,530.5660400390625,395.63238525390625
2025-11-12,105297.234375,3586.013916015625,161.01406860351562,2.447227954864502,0.17828400433063507,0.5801439881324768,16.209758758544922,104.0236587524414,531.5944213867188,391.4712219238281
2025-11-13,104005.4921875,3561.86083984375,156.98609924316406,2.5200459957122803,0.17679500579833984,0.5700870156288147,15.976841926574707,101.62030029296875,530.5211181640625,402.312744140625
2025-11-14,99804.4296875,3252.660888671875,145.46722412109375,2.3358540534973145,0.16571900248527527,0.5320929884910583,14.585670471191406,99.9609603881836,516.010009765625,401.8001403808594
2025-11-15,96728.46875,3227.690185546875,143.59059143066406,2.297705888748169,0.16429300606250763,0.5142670273780823,14.309027671813965,109.05707550048828,516.9778442382812,437.0334167480469
2025-11-16,96564.1875,3244.837646484375,143.15945434570312,2.2763640880584717,0.1653279960155487,0.5083739757537842,14.473529815673828,103.23072814941406,503.46539306640625,435.84539794921875
2025-11-17,95928.3671875,3218.13037109375,142.46754455566406,2.2913529872894287,0.1639450043439865,0.49720001220703125,14.17671012878418,97.48358154296875,514.2647094726562,419.46429443359375
2025-11-18,93745.078125,3167.9326171875,141.83172607421875,2.2369699478149414,0.1625330001115799,0.48122501373291016,13.961406707763672,97.35035705566406,535.68310546875,413.8758850097656
2025-11-19,92946.1640625,3122.64599609375,142.47825622558594,2.2164790630340576,0.1620970070362091,0.47617799043655396,13.79459285736084,95.82930755615234,523.1023559570312,403.7989196777344
2025-11-20,93025.0703125,3057.78857421875,144.3306121826172,2.1467740535736084,0.1590999960899353,0.46996599435806274,13.940572738647461,93.53813171386719,511.3036193847656,375.2976379394531
2025-11-21,87380.8046875,2880.60302734375,134.7876434326172,2.0236189365386963,0.15062600374221802,0.43801799416542053,13.17544174194336,88.42239379882812,545.064697265625,351.6555480957031
2025-11-22,85503.0078125,2795.4267578125,129.64389038085938,1.9626660346984863,0.1419059932231903,0.41175898909568787,12.262310981750488,83.79682159423828,566.3325805664062,372.783203125
2025-11-23,88038.46875,2856.446533203125,133.32691955566406,2.0801029205322266,0.14742599427700043,0.41769498586654663,12.724534034729004,84.32813262939453,556.9505004882812,406.8509826660156
2025-11-24,89206.3359375,2982.822021484375,139.48390197753906,2.278395891189575,0.1535950005054474,0.4335879981517792,13.178525924682617,87.18663787841797,562.4476318359375,392.2425231933594
2025-11-25,88457.3359375,2978.704345703125,140.3466339111328,2.259398937225342,0.15473900735378265,0.42862099409103394,13.197150230407715,86.56163787841797,548.9869995117188,400.4964599609375
2025-11-26,90581.15625,3043.927001953125,144.47103881835938,2.250157117843628,0.15660199522972107,0.4365760087966919,13.492705345153809,87.66581726074219,547.8298950195312,404.48895263671875
2025-11-27,91897.578125,3070.73193359375,144.1732177734375,2.232724905014038,0.15546299517154694,0.4384619891643524,13.553443908691406,87.71068572998047,549.1996459960938,411.33245849609375
2025-11-28,92969.0859375,3095.033203125,143.30421447753906,2.2628979682922363,0.155008003115654,0.4352410137653351,13.510627746582031,86.64335632324219,554.314453125,418.8084716796875
2025-11-29,91187.6171875,3051.962890625,137.8857879638672,2.2205989360809326,0.15080100297927856,0.4215719997882843,13.205680847167969,85.58342742919922,549.398681640625,418.0417785644531
2025-11-30,91965.046875,3051.597900390625,139.93711853027344,2.212327003479004,0.15048199892044067,0.42709100246429443,13.412604331970215,84.77369689941406,561.2555541992188,438.22515869140625
2025-12-01,90398.15625,2996.8818359375,133.60720825195312,2.160788059234619,0.14667099714279175,0.41589298844337463,12.979913711547852,82.5545883178711,542.1174926757812,436.8783874511719
2025-12-02,92316.6328125,3032.76123046875,140.66482543945312,2.1788489818573,0.14724600315093994,0.43836599588394165,13.569308280944824,83.26100158691406,555.7528076171875,419.4176940917969
2025-12-03,94060.7734375,3212.559814453125,145.73007202148438,2.217345952987671,0.1529189944267273,0.45315200090408325,14.709872245788574,86.55573272705078,604.9505004882812,416.5595397949219
2025-12-04,94038.2421875,3238.555419921875,146.7203826904297,2.2096900939941406,0.1527310013771057,0.45466798543930054,14.910977363586426,86.65631103515625,596.2896728515625,410.51019287109375
2025-12-05,92702.640625,3192.45703125,140.3798828125,2.1116750240325928,0.14828400313854218,0.4423460066318512,14.37975788116455,84.10447692871094,581.9634399414062,406.4151916503906
2025-12-06,90267.4609375,3067.661376953125,134.06983947753906,2.0492188930511475,0.1405850052833557,0.42084801197052,14.07009506225586,82.45606231689453,595.5606689453125,400.6352844238281
2025-12-07,91740.84375,3148.7734375,136.23268127441406,2.1088130474090576,0.14283199608325958,0.4343140125274658,14.135845184326172,83.64776611328125,603.696533203125,394.1816711425781
2025-12-08,92267.1171875,3177.86767578125,139.2073516845703,2.116265058517456,0.1446080058813095,0.43998101353645325,14.254388809204102,84.36334228515625,604.55029296875,381.1431884765625
2025-12-09,94601.5703125,3395.838623046875,144.74278259277344,2.174415111541748,0.15291300415992737,0.4828679859638214,14.984186172485352,87.40348815917969,590.6727905273438,388.3959655761719
2025-12-10,94477.15625,3446.622802734375,142.44235229492188,2.108875036239624,0.15012100338935852,0.47410398721694946,14.862334251403809,86.93563079833984,587.97119140625,408.7095947265625
2025-12-11,93554.265625,3327.344482421875,137.67807006835938,2.05297589302063,0.14354300498962402,0.45451900362968445,14.181832313537598,84.5112533569336,576.0899658203125,416.7222595214844
2025-12-12,92747.9296875,3265.37255859375,139.98731994628906,2.0456368923187256,0.14138999581336975,0.4286330044269562,14.326870918273926,84.4286117553711,585.3566284179688,419.238525390625
2025-12-13,90647.5703125,3134.849365234375,134.24513244628906,2.0472359657287598,0.13990400731563568,0.41544100642204285,13.95242977142334,82.42469024658203,586.5040893554688,419.3820495605469
2025-12-14,90498.109375,3128.622802734375,133.5909881591797,2.0300180912017822,0.13923799991607666,0.4112190008163452,13.78232479095459,81.81561279296875,584.8614501953125,417.4692687988281
2025-12-15,89983.921875,3175.1181640625,134.71762084960938,2.0092670917510986,0.13807499408721924,0.4061709940433502,13.71958065032959,81.32539367675781,571.8214721679688,416.63458251953125
2025-12-16,88170.09375,2978.92138671875,129.9452667236328,1.9440170526504517,0.13293300569057465,0.39094701409339905,13.069948196411133,79.52284240722656,555.3692626953125,432.81829833984375
2025-12-17,90264.5703125,3025.8154296875,133.4417724609375,1.9836959838867188,0.13592199981212616,0.3987720012664795,13.126523971557617,80.79371643066406,567.4837036132812,438.1585388183594
2025-12-18,89412.6640625,2994.552734375,128.76417541503906,1.930562973022461,0.1304199993610382,0.37787601351737976,12.829325675964355,78.39100646972656,577.3231811523438,445.22344970703125
2025-12-19,89339.1171875,3014.6123046875,127.5052261352539,1.915884017944336,0.13311299681663513,0.3794440031051636,12.729793548583984,77.87434387207031,630.127197265625,445.54913330078125
2025-12-20,88497.203125,2992.31005859375,126.76323699951172,1.9539439678192139,0.13245199620723724,0.37993499636650085,12.696409225463867,79.05339050292969,624.6204223632812,497.1609802246094
2025-12-21,89027.953125,3009.80712890625,126.45636749267578,1.9473049640655518,0.13299700617790222,0.3740440011024475,12.684806823730469,77.99432373046875,601.8732299804688,476.67144775390625
2025-12-22,90501.9296875,3073.353759765625,128.38507080078125,1.9436969757080078,0.1349879950284958,0.3803060054779053,12.877555847167969,79.2843017578125,596.2508544921875,483.2112731933594
2025-12-23,88898.3828125,3033.1962890625,126.73116302490234,1.9071170091629028,0.13349999487400055,0.3733760118484497,12.667014122009277,77.84679412841797,592.9747314453125,465.6741638183594
2025-12-24,87956.8828125,2975.171142578125,124.10684204101562,1.8758349418640137,0.13018099963665009,0.3642849922180176,12.410330772399902,77.3224868774414,578.7781372070312,449.14642333984375
2025-12-25,88501.7890625,2968.705078125,124.19391632080078,1.885256052017212,0.12885800004005432,0.3608259856700897,12.401097297668457,77.4364242553711,599.01953125,447.3397521972656
2025-12-26,89459.4296875,2991.219970703125,124.92918395996094,1.8802529573440552,0.1272439956665039,0.3572100102901459,12.51515007019043,77.89866638183594,610.5982666015625,449.41510009765625
2025-12-27,87874.78125,2957.300537109375,124.74816131591797,1.8740400075912476,0.12448500096797943,0.3695540130138397,12.497825622558594,80.2055892944336,624.2138671875,462.59002685546875
2025-12-28,87986.890625,2957.138671875,125.21761322021484,1.8768310546875,0.12472499907016754,0.3747270107269287,12.564410209655762,80.33125305175781,632.6312866210938,462.11065673828125
2025-12-29,90299.15625,3051.94189453125,129.30441284179688,1.914788007736206,0.12781700491905212,0.38263800740242004,12.977884292602539,80.08719635009766,624.660888671875,461.22021484375
2025-12-30,89297.9375,3002.8046875,126.19066619873047,1.88264799118042,0.12488599866628647,0.35597100853919983,12.561203002929688,78.79412078857422,606.549072265625,440.856689453125
2025-12-31,89080.2890625,3021.849609375,127.11942291259766,1.8805949687957764,0.12353900074958801,0.3529210090637207,12.507661819458008,78.78184509277344,601.8131103515625,443.7326965332031
2026-01-01,88803.2265625,3006.01025390625,126.98711395263672,1.8779360055923462,0.1269569993019104,0.3588869869709015,12.60582160949707,79.85816192626953,603.4395141601562,434.1930236816406
2026-01-02,90884.4609375,3146.984375,132.98789978027344,2.0228350162506104,0.14453600347042084,0.3956420123577118,13.405162811279297,82.1622085571289,615.4260864257812,425.8428039550781
2026-01-03,90679.5703125,3135.025634765625,133.60838317871094,2.0536348819732666,0.14412899315357208,0.3983420133590698,13.355284690856934,82.75752258300781,661.61962890625,437.29510498046875
2026-01-04,91712.5859375,3160.551025390625,135.35447692871094,2.116791009902954,0.15390799939632416,0.4043079912662506,13.557690620422363,82.9967269897461,659.2989501953125,441.3172607421875
2026-01-05,94762.0703125,3261.245849609375,139.63558959960938,2.3607370853424072,0.15353499352931976,0.4246099889278412,14.114192962646484,84.38826751708984,668.0632934570312,439.52587890625
2026-01-06,94395.296875,3303.5634765625,143.0365753173828,2.410264015197754,0.15609100461006165,0.43573498725891113,14.18685245513916,84.75396728515625,653.7285766601562,449.5772399902344
2026-01-07,93738.7890625,3296.394287109375,141.0989227294922,2.316704034805298,0.15361599624156952,0.42155200242996216,14.041777610778809,83.94857025146484,639.303955078125,455.8329162597656
2026-01-08,91485.8515625,3179.866455078125,139.83444213867188,2.186410903930664,0.147380992770195,0.4037480056285858,13.529767990112305,82.16637420654297,650.613525390625,473.7505798339844
2026-01-09,91910.671875,3140.709228515625,140.8950653076172,2.154855966567993,0.14379599690437317,0.40358099341392517,13.407736778259277,81.91614532470703,640.9353637695312,463.3059387207031
2026-01-10,90713.03125,3099.16748046875,136.81883239746094,2.106307029724121,0.14051499962806702,0.3917059898376465,13.226133346557617,82.19161224365234,648.7786254882812,471.9014892578125
2026-01-11,91155.2265625,3141.9580078125,141.0433807373047,2.104557991027832,0.14086200296878815,0.3957900106906891,13.326699256896973,81.64285278320312,663.8021240234375,558.6594848632812
2026-01-12,92395.5234375,3166.219970703125,143.9115753173828,2.1054608821868896,0.142084002494812,0.40277299284935,13.488855361938477,80.57671356201172,659.4444580078125,638.5950927734375
2026-01-13,96011.625,3352.580078125,147.30531311035156,2.179780960083008,0.15018999576568604,0.4255230128765106,14.15237808227539,78.81372833251953,624.9453125,689.958740234375
2026-01-14,97860.6015625,3397.897705078125,148.21600341796875,2.1859281063079834,0.15106900036334991,0.4266499876976013,14.376190185546875,80.70114135742188,618.3944702148438,798.9148559570312
2026-01-15,97150.171875,3382.44873046875,146.76199340820312,2.142441987991333,0.1472260057926178,0.41457098722457886,14.189085006713867,76.7447509765625,627.7365112304688,751.3694458007812
2026-01-16,95801.890625,3325.25048828125,145.3809814453125,2.084851026535034,0.1403149962425232,0.39772599935531616,13.856759071350098,75.95524597167969,605.4857788085938,717.6925659179688
2026-01-17,95598.4765625,3328.283447265625,144.8657684326172,2.080599069595337,0.13974200189113617,0.40325701236724854,13.883112907409668,75.91065979003906,601.434326171875,637.9765625
2026-01-18,95491.5078125,3367.167724609375,143.82252502441406,2.066092014312744,0.13823600113391876,0.398283988237381,13.862284660339355,75.83094787597656,600.7280883789062,614.9719848632812
2026-01-19,93660.828125,3282.65478515625,137.99765014648438,2.02561092376709,0.1316639930009842,0.37567898631095886,13.329689025878906,72.26481628417969,593.9591064453125,648.0673217773438
2026-01-20,92798.4296875,3197.391845703125,134.38629150390625,1.9879659414291382,0.12913499772548676,0.3701319992542267,12.88645076751709,70.97494506835938,586.6298828125,625.1953125
2026-01-21,90430.40625,3064.390625,131.8393096923828,1.9848949909210205,0.12853899598121643,0.3725849986076355,12.637521743774414,69.55957794189453,596.6368408203125,543.4530639648438
2026-01-22,90258.9609375,3034.338134765625,130.49163818359375,1.9640729427337646,0.1277420073747635,0.3682340085506439,12.564042091369629,69.50504302978516,602.92138671875,532.4766845703125
2026-01-23,91100.25,3013.9541015625,129.72862243652344,1.959054946899414,0.1272979974746704,0.3688490092754364,12.441727638244629,69.43572998046875,600.3695068359375,532.5989379882812
2026-01-24,89811.609375,2965.46875,127.90245056152344,1.9246670007705688,0.1246889978647232,0.36189699172973633,12.260381698608398,68.83739471435547,597.8724975585938,528.794677734375
2026-01-25,89193.1484375,2955.016845703125,127.22686004638672,1.9136459827423096,0.1241379976272583,0.35912901163101196,12.196954727172852,70.18705749511719,594.387939453125,506.9028625488281
2026-01-26,88743.0703125,2945.99755859375,125.06038665771484,1.9373899698257446,0.12351000308990479,0.3572179973125458,12.098298072814941,69.96148681640625,582.1566162109375,476.1163024902344
2026-01-27,89427.125,3031.03857421875,127.62338256835938,1.9254250526428223,0.12628600001335144,0.36215800046920776,12.155853271484375,70.19268035888672,602.4869384765625,479.5693359375
2026-01-28,90439.2890625,3040.718505859375,127.9662857055664,1.9381749629974365,0.12727199494838715,0.36387699842453003,12.035970687866211,70.07806396484375,600.73388671875,483.2959899902344
2026-01-29,89200.78125,3008.03759765625,125.18667602539062,1.9090800285339355,0.12490200251340866,0.358040988445282,11.834918022155762,69.38214111328125,590.429931640625,477.53253173828125
2026-01-30,84602.1640625,2823.91455078125,118.86773681640625,1.8093270063400269,0.11835300177335739,0.3351230025291443,11.1371488571167,66.26493835449219,558.6058959960938,465.3035583496094
2026-01-31,84136.921875,2709.53369140625,118.61029052734375,1.7491769790649414,0.11566299945116043,0.3214290142059326,10.79741096496582,65.36953735351562,552.8529663085938,498.1527404785156
2026-02-01,79322.609375,2472.646240234375,106.20301818847656,1.6733479499816895,0.10653399676084518,0.29829901456832886,10.059540748596191,59.813575744628906,536.8626708984375,467.594482421875
2026-02-02,79258.609375,2393.0634765625,105.69131469726562,1.653190016746521,0.1100350022315979,0.3027229905128479,9.978842735290527,61.0601692199707,541.8814086914062,420.84539794921875
2026-02-03,79118.8515625,2357.2060546875,104.91223907470703,1.62539803981781,0.109995998442173,0.30366501212120056,9.848698616027832,61.1273193359375,540.10693359375,391.4936218261719
2026-02-04,76864.65625,2291.13134765625,99.45185852050781,1.6087690591812134,0.109095998108387,0.3018079996109009,9.74454402923584,60.85531997680664,537.8162231445312,394.001220703125
2026-02-05,73161.5546875,2167.139892578125,92.90266418457031,1.510475993156433,0.1042879968881607,0.28829601407051086,9.300849914550781,59.2274284362793,539.8199462890625,382.4068603515625
2026-02-06,71681.3046875,2090.328125,89.50743865966797,1.5389080047607422,0.10141599923372269,0.28355398774147034,8.981346130371094,56.30624008178711,538.4826049804688,335.13287353515625
2026-02-07,71611.1484375,2115.824951171875,89.0591812133789,1.482395052909851,0.09925399720668793,0.2779479920864105,9.023839950561523,55.90404510498047,539.3423461914062,338.779541015625
2026-02-08,72206.90625,2148.12060546875,88.67376708984375,1.4655400514602661,0.09853900223970413,0.2755480110645294,9.023260116577148,55.67023468017578,538.4505615234375,333.45343017578125
2026-02-09,71369.96875,2144.97607421875,88.4691162109375,1.4568630456924438,0.09711399674415588,0.27330300211906433,8.991809844970703,55.01172637939453,537.3595581054688,337.2585144042969
2026-02-10,70464.265625,2122.021484375,87.34439086914062,1.4498050212860107,0.09641499817371368,0.2701910138130188,8.871094703674316,54.56680679321289,533.4915771484375,348.1749267578125
2026-02-11,69242.6796875,2030.409423828125,84.22687530517578,1.418908953666687,0.09348499774932861,0.264382004737854,8.601218223571777,53.65777587890625,527.1304931640625,361.23370361328125
2026-02-12,68339.4921875,1999.5028076171875,82.10655975341797,1.403725028038025,0.09437000006437302,0.26896199584007263,8.575175285339355,53.6776123046875,519.79248046875,353.3664245605469
2026-02-13,69382.8359375,2069.456787109375,85.46414184570312,1.4240080118179321,0.0974470004439354,0.274044007062912,8.87685775756836,55.615867614746094,566.4749755859375,362.71197509765625
2026-02-14,70481.1640625,2105.067626953125,88.80354309082031,1.5109330415725708,0.11311999708414078,0.2998009920120239,9.191017150878906,56.559104919433594,571.099365234375,364.17706298828125
2026-02-15,70939.2890625,2100.47900390625,91.07579040527344,1.664342999458313,0.11709900200366974,0.30072200298309326,9.228911399841309,56.54235076904297,565.4764404296875,357.71087646484375
2026-02-16,70067.234375,2021.0836181640625,86.67033386230469,1.5111160278320312,0.10336100310087204,0.28817999362945557,8.971851348876953,55.431236267089844,579.7008056640625,332.76531982421875
2026-02-17,69201.8671875,2013.8560791015625,87.5501708984375,1.4913769960403442,0.10300400108098984,0.28930899500846863,8.98016357421875,55.75352096557617,576.86572265625,344.193603515625
2026-02-18,68434.4296875,2037.1585693359375,85.85118865966797,1.49093496799469,0.10222700238227844,0.2867799997329712,8.977253913879395,54.87519073486328,568.9712524414062,343.8522644042969
2026-02-19,67277.125,1985.8076171875,82.57433319091797,1.4345190525054932,0.09900499880313873,0.2767469882965088,8.729703903198242,53.676719665527344,564.1442260742188,338.1723327636719
2026-02-20,68269.03125,1980.2437744140625,85.26191711425781,1.435297966003418,0.10211700201034546,0.29290398955345154,8.992319107055664,55.3929557800293,568.2222290039062,340.0657653808594
2026-02-21,68657.703125,1994.8277587890625,86.6406478881836,1.4606800079345703,0.10086599737405777,0.2859629988670349,9.00577163696289,55.87038040161133,574.5145263671875,334.3094482421875
2026-02-22,68235.2265625,1982.2142333984375,85.48234558105469,1.4327579736709595,0.09848099946975708,0.28003498911857605,8.889033317565918,54.94766616821289,584.7605590820312,327.9081115722656
2026-02-23,67668.4296875,1958.1396484375,82.78715515136719,1.4194960594177246,0.09745000302791595,0.27436500787734985,8.683244705200195,53.481910705566406,570.43505859375,328.1087646484375
2026-02-24,64992.15625,1868.3206787109375,79.57894897460938,1.3644460439682007,0.09333200007677078,0.264272004365921,8.326231002807617,51.830162048339844,497.7060852050781,329.3122863769531
2026-02-25,69953.53125,2145.506103515625,91.04756927490234,1.485679030418396,0.10574600100517273,0.3123829960823059,9.535964965820312,58.503211975097656,519.031494140625,347.86669921875
2026-02-26,68843.3515625,2082.78662109375,89.1194076538086,1.4650429487228394,0.10144399851560593,0.30042099952697754,9.328387260437012,57.000919342041016,505.1429748535156,350.9089660644531
2026-02-27,68220.40625,2062.627197265625,88.04073333740234,1.4248640537261963,0.09899099916219711,0.29562801122665405,9.271328926086426,56.32912826538086,489.21636962890625,355.2891845703125
2026-02-28,67714.5234375,1983.9927978515625,85.25884246826172,1.3892569541931152,0.09466099739074707,0.28314000368118286,8.909947395324707,54.92530822753906,464.7760314941406,343.6957092285156
2026-03-01,68162.8203125,2053.28564453125,88.65435028076172,1.432224988937378,0.09746900200843811,0.29121801257133484,9.184593200683594,55.49464797973633,466.2662048339844,349.9372253417969
2026-03-02,70044.0,2085.427978515625,89.88912200927734,1.4165890216827393,0.09724400192499161,0.2876119911670685,9.217735290527344,55.51797103881836,453.0135498046875,353.350341796875
2026-03-03,69232.890625,2040.7916259765625,87.32257080078125,1.393746018409729,0.09367299824953079,0.2769800126552582,9.002706527709961,55.12779235839844,449.38458251953125,347.8865966796875
2026-03-04,74051.8046875,2198.65673828125,93.82653045654297,1.4689719676971436,0.10401999950408936,0.2845570147037506,9.614965438842773,57.6497802734375,475.196533203125,365.1600646972656
2026-03-05,73555.7890625,2163.0361328125,92.78878784179688,1.4508119821548462,0.09910299628973007,0.2775219976902008,9.479454040527344,57.15501022338867,467.64971923828125,374.671875
2026-03-06,71378.5703125,2092.51513671875,89.24493408203125,1.4128520488739014,0.09425400197505951,0.27173298597335815,9.2899751663208,55.82067108154297,462.7828369140625,365.1501770019531
2026-03-07,68515.1640625,1994.9705810546875,85.00260162353516,1.3728400468826294,0.09194199740886688,0.26049500703811646,8.835349082946777,54.23338317871094,452.9064025878906,353.2623291015625
2026-03-08,68177.7890625,1978.7071533203125,84.05389404296875,1.370622992515564,0.09120500087738037,0.2570219933986664,8.765351295471191,53.845218658447266,454.9637451171875,347.06390380859375
2026-03-09,69474.9453125,2052.327392578125,86.91543579101562,1.3816490173339844,0.09253399819135666,0.26151901483535767,9.078290939331055,54.658851623535156,456.2234802246094,352.4945373535156
2026-03-10,71770.8984375,2087.9853515625,88.63069152832031,1.4377050399780273,0.10013800114393234,0.2731480002403259,9.162632942199707,54.91547775268555,453.4951477050781,353.27203369140625
2026-03-11,71337.6640625,2085.286376953125,87.83213806152344,1.4071999788284302,0.09462899714708328,0.2669770121574402,9.145256042480469,55.192710876464844,459.4840393066406,362.8016662597656
2026-03-12,70775.828125,2094.32568359375,87.5905990600586,1.3922309875488281,0.09571799635887146,0.2650879919528961,9.099336624145508,54.97324752807617,460.0367431640625,358.9394836425781
2026-03-13,73927.328125,2206.813232421875,92.88053131103516,1.4498389959335327,0.10159599781036377,0.2807599902153015,9.570826530456543,56.598358154296875,472.7649230957031,362.3351135253906
2026-03-14,71291.203125,2105.5712890625,88.67119598388672,1.407505989074707,0.09637899696826935,0.2664240002632141,9.161776542663574,55.80225372314453,468.03521728515625,369.67315673828125
2026-03-15,73173.0078125,2201.95556640625,92.99776458740234,1.4595040082931519,0.09795500338077545,0.2716059982776642,9.525818824768066,56.354034423828125,469.8741149902344,359.72833251953125
2026-03-16,74901.859375,2384.466552734375,97.41771697998047,1.5502300262451172,0.1034030020236969,0.2924819886684418,10.061433792114258,58.923404693603516,483.33343505859375,381.6365661621094
2026-03-17,75988.3984375,2375.455078125,96.74771881103516,1.6017149686813354,0.1041639968752861,0.29256200790405273,9.991813659667969,59.13798904418945,480.21044921875,377.9510803222656
2026-03-18,74658.9765625,2348.904296875,95.53937530517578,1.5392999649047852,0.10173299908638,0.2941319942474365,9.914360046386719,58.52457046508789,472.393798828125,371.19000244140625
2026-03-19,71598.84375,2232.203857421875,91.22755432128906,1.4753960371017456,0.0959319993853569,0.27612701058387756,9.324189186096191,56.26976013183594,460.066162109375,349.8131103515625
2026-03-20,71346.796875,2175.699462890625,90.23690795898438,1.4635859727859497,0.09526699781417847,0.2727639973163605,9.187954902648926,56.40997314453125,474.7408142089844,350.62725830078125
2026-03-21,71051.2734375,2166.7158203125,90.76116943359375,1.4507189989089966,0.09490899741649628,0.2670400142669678,9.159459114074707,56.548057556152344,476.6551818847656,350.4324645996094
2026-03-22,69561.7734375,2125.9765625,89.047119140625,1.4244179725646973,0.09275200217962265,0.25962600111961365,8.949362754821777,54.969730377197266,470.2736511230469,364.1811218261719
2026-03-23,71782.2578125,2195.99169921875,92.16435241699219,1.4630800485610962,0.09563399851322174,0.2661510109901428,9.269433975219727,55.907772064208984,483.22998046875,365.1006774902344
2026-03-24,71371.3046875,2174.325927734375,92.150390625,1.4326380491256714,0.09548400342464447,0.2675600051879883,9.257019996643066,56.441158294677734,479.5999450683594,354.3083801269531
2026-03-25,71985.7421875,2198.369873046875,93.26300811767578,1.4349629878997803,0.09771999716758728,0.2761020064353943,9.477627754211426,56.67990493774414,479.6408996582031,348.7907409667969
2026-03-26,71410.390625,2171.156982421875,91.89579772949219,1.41497802734375,0.0961880013346672,0.27042698860168457,9.377055168151855,56.62197494506836,473.4872741699219,341.08294677734375
2026-03-27,69117.53125,2075.17041015625,86.91437530517578,1.3707200288772583,0.09257800132036209,0.2558319866657257,8.968690872192383,55.108131408691406,472.4539794921875,333.82293701171875
2026-03-28,67232.859375,2038.7030029296875,84.05540466308594,1.3545390367507935,0.09499599784612656,0.25214800238609314,8.672979354858398,54.78305435180664,483.54278564453125,338.161865234375
2026-03-29,67052.953125,2016.545166015625,83.07173919677734,1.339534044265747,0.09149900078773499,0.24687500298023224,8.555513381958008,54.3121223449707,483.89410400390625,332.1352233886719
2026-03-30,68087.2890625,2082.064697265625,84.7214126586914,1.3637069463729858,0.09363099932670593,0.25102999806404114,8.892221450805664,54.309391021728516,466.66876220703125,339.8251953125
2026-03-31,68495.2734375,2118.796875,84.22917938232422,1.3485569953918457,0.09259399771690369,0.24859300255775452,8.851412773132324,54.1373291015625,476.0283203125,335.10931396484375
2026-04-01,69230.359375,2165.666259765625,86.39097595214844,1.366152048110962,0.09434600174427032,0.25297701358795166,9.146587371826172,54.68008804321289,466.3360595703125,338.71722412109375
2026-04-02,68633.1484375,2158.15771484375,81.70182037353516,1.3558369874954224,0.09259700030088425,0.250095009803772,8.998983383178711,54.07742691040039,455.4751892089844,339.7469787597656
2026-04-03,67296.234375,2075.764404296875,80.56055450439453,1.3293050527572632,0.09243100136518478,0.25049901008605957,8.765419006347656,53.44627380371094,446.1560974121094,329.52984619140625
2026-04-04,67515.015625,2082.00244140625,81.29010009765625,1.3202719688415527,0.09294299781322479,0.24919399619102478,8.748367309570312,53.801353454589844,444.16192626953125,326.11114501953125
2026-04-05,69087.65625,2120.49951171875,81.96971893310547,1.329367995262146,0.09232000261545181,0.2505899965763092,8.839789390563965,54.11568832397461,441.546142578125,332.0313720703125
2026-04-06,70305.421875,2172.985107421875,82.87333679199219,1.3558599948883057,0.0933689996600151,0.25954800844192505,9.10540771484375,54.5081787109375,440.1051330566406,333.1650085449219
2026-04-07,72732.4296875,2270.594970703125,86.81489562988281,1.3924570083618164,0.09583699703216553,0.2655630111694336,9.383681297302246,55.694026947021484,447.38360595703125,344.97930908203125
2026-04-08,72825.1875,2269.8798828125,85.80680847167969,1.3869370222091675,0.09519600123167038,0.26403799653053284,9.31974983215332,55.506412506103516,449.4456481933594,357.8709411621094
2026-04-09,73107.265625,2243.972900390625,85.60839080810547,1.3652399778366089,0.09460599720478058,0.25948500633239746,9.1373291015625,55.14584732055664,445.8419494628906,350.6955261230469
2026-04-10,73440.1171875,2257.18408203125,85.48262786865234,1.3650230169296265,0.09515900164842606,0.258542001247406,9.170286178588867,55.47270965576172,446.3792419433594,350.4748840332031
2026-04-11,73784.234375,2327.457763671875,86.18183135986328,1.3741040229797363,0.09477099776268005,0.25508901476860046,9.273853302001953,55.68086242675781,445.0888366699219,345.0213928222656
2026-04-12,73154.03125,2288.448486328125,84.9939193725586,1.3557029962539673,0.09322600066661835,0.2504029870033264,9.072214126586914,55.073951721191406,437.8886413574219,343.5495910644531
2026-04-13,74896.3125,2393.759033203125,86.6780014038086,1.3815690279006958,0.0942860022187233,0.24863700568675995,9.419045448303223,54.71168899536133,440.0257263183594,348.1160888671875
2026-04-14,76061.7578125,2415.52734375,87.5316162109375,1.3931610584259033,0.09744399785995483,0.24879099428653717,9.373494148254395,55.23139572143555,443.7770690917969,355.0525207519531
2026-04-15,75409.2734375,2384.999267578125,85.57784271240234,1.4033960103988647,0.09641499817371368,0.24996399879455566,9.34880256652832,55.6273193359375,443.1349792480469,351.1340637207031
2026-04-16,75506.5703125,2369.17236328125,90.37765502929688,1.4646929502487183,0.09964700043201447,0.2603890001773834,9.648807525634766,56.52577209472656,456.4159240722656,347.3781433105469
2026-04-17,78320.6796875,2464.783447265625,90.66972351074219,1.5073809623718262,0.10199899971485138,0.26739299297332764,9.859912872314453,57.33885955810547,461.1727294921875,354.80126953125
2026-04-18,77416.703125,2427.278076171875,89.15110778808594,1.4817579984664917,0.09967900067567825,0.2593179941177368,9.642800331115723,56.642539978027344,455.8638610839844,350.791748046875
2026-04-19,76243.09375,2355.783203125,87.0755844116211,1.4437309503555298,0.09599599987268448,0.2506699860095978,9.350893020629883,55.79294204711914,445.8435974121094,355.06341552734375
2026-04-20,76575.359375,2346.2734375,86.16846466064453,1.4351840019226074,0.09602099657058716,0.2512570023536682,9.394522666931152,55.368629455566406,445.658203125,354.8341064453125
2026-04-21,76881.4765625,2338.012451171875,86.7049789428711,1.4466220140457153,0.09587600082159042,0.2515389919281006,9.47933292388916,55.836082458496094,449.2574157714844,386.97308349609375
2026-04-22,79468.0,2422.8603515625,89.2636947631836,1.4600750207901,0.098471999168396,0.2571150064468384,9.542242050170898,56.50930404663086,473.5277404785156,389.6816101074219
2026-04-23,78676.9375,2380.135986328125,87.0466537475586,1.4401659965515137,0.0979439988732338,0.25063198804855347,9.377242088317871,56.23687744140625,460.8638000488281,379.4972229003906
2026-04-24,78554.09375,2337.2666015625,86.92535400390625,1.4487979412078857,0.09916000068187714,0.2527579963207245,9.439373970031738,56.734169006347656,461.45782470703125,384.762939453125
2026-04-25,77882.640625,2323.410400390625,86.7752456665039,1.4376349449157715,0.0990080013871193,0.25375500321388245,9.439096450805664,56.697628021240234,456.43646240234375,377.80291748046875
2026-04-26,78923.5625,2379.32421875,87.12043762207031,1.4352810382843018,0.09978599846363068,0.2541300058364868,9.523492813110352,56.43924331665039,455.2406311035156,404.3892517089844
2026-04-27,79488.171875,2403.7265625,88.04618072509766,1.4463729858398438,0.10070399940013885,0.25591400265693665,9.57911205291748,56.7947883605957,457.5252990722656,395.45599365234375
2026-04-28,77483.8671875,2310.442138671875,84.90164184570312,1.4009989500045776,0.10048100352287292,0.24837100505828857,9.328574180603027,55.7185173034668,453.59490966796875,384.4195251464844
2026-04-29,77884.96875,2345.939697265625,85.510009765625,1.4050559997558594,0.11035700142383575,0.2537899911403656,9.41163158416748,57.61214065551758,455.1700439453125,384.5763244628906
2026-04-30,76611.484375,2277.71826171875,83.93118286132812,1.3838239908218384,0.10814599692821503,0.24778999388217926,9.17648696899414,55.93381118774414,448.82525634765625,380.91455078125
2026-05-01,78894.9765625,2324.7880859375,84.72229766845703,1.398695945739746,0.11040300130844116,0.25070101022720337,9.26498794555664,55.984710693359375,456.8175048828125,386.8860168457031
2026-05-02,79119.7890625,2339.74365234375,84.81966400146484,1.396461009979248,0.10914900153875351,0.25192299485206604,9.223030090332031,55.6670036315918,452.8206481933594,388.00543212890625
2026-05-03,79402.359375,2354.710205078125,84.76557159423828,1.4010920524597168,0.10944999754428864,0.2514120042324066,9.20616626739502,55.71073532104492,447.29541015625,398.3023376464844
2026-05-04,80742.359375,2397.6083984375,85.80261993408203,1.4186769723892212,0.11346899718046188,0.25433599948883057,9.640031814575195,56.31544494628906,450.0257568359375,408.3864440917969
2026-05-05,81751.453125,2398.83349609375,86.894287109375,1.4210139513015747,0.11618299782276154,0.2652539908885956,9.834420204162598,56.56285858154297,463.9161071777344,428.3412780761719
2026-05-06,82792.2109375,2423.040283203125,89.89232635498047,1.4553229808807373,0.11687500029802322,0.27332401275634766,10.229842185974121,57.854042053222656,486.95941162109375,436.9765319824219
2026-05-07,81684.953125,2351.738037109375,90.3149642944336,1.425004005432129,0.11244100332260132,0.26993799209594727,10.115560531616211,57.346435546875,465.72991943359375,418.561767578125
2026-05-08,80447.265625,2320.692138671875,92.72510528564453,1.4240349531173706,0.10960700362920761,0.27703800797462463,10.475152015686035,58.91109848022461,453.5761413574219,405.8815612792969
2026-05-09,81030.0625,2336.927001953125,94.03012084960938,1.434061050415039,0.11103600263595581,0.2781369984149933,10.597783088684082,59.10381317138672,453.40972900390625,417.3498840332031
2026-05-10,82430.171875,2381.263916015625,96.81140899658203,1.5045679807662964,0.11269599944353104,0.28820401430130005,10.85406494140625,60.525169372558594,464.48974609375,414.3804016113281
2026-05-11,82326.234375,2374.303466796875,98.26667785644531,1.4863250255584717,0.1125440001487732,0.28293099999427795,10.736552238464355,60.4857063293457,464.1693420410156,419.6884460449219
2026-05-12,81753.03125,2339.6904296875,97.61836242675781,1.4827009439468384,0.11149600148200989,0.28161799907684326,10.594154357910156,58.586036682128906,450.1786804199219,418.9304504394531
2026-05-13,81276.671875,2322.233154296875,95.86444854736328,1.4681320190429688,0.11450400203466415,0.27726098895072937,10.785567283630371,58.9102897644043,444.3273620605469,415.58154296875
2026-05-14,82005.9609375,2317.948486328125,93.57910919189453,1.5473740100860596,0.11825499683618546,0.2799470126628876,10.758381843566895,59.427066802978516,438.5693664550781,404.1199645996094
2026-05-15,81634.84375,2298.686279296875,92.56310272216797,1.4984289407730103,0.1172190010547638,0.2724609971046448,10.540846824645996,58.45808029174805,437.13116455078125,398.7112731933594
2026-05-16,79173.5,2229.845947265625,89.34794616699219,1.4378420114517212,0.11335799843072891,0.2620689868927002,10.087878227233887,57.61260223388672,427.4757080078125,388.60498046875
2026-05-17,78539.3984375,2196.7822265625,87.17208099365234,1.4265179634094238,0.11262000352144241,0.25778499245643616,9.836770057678223,56.44095993041992,416.2639465332031,396.68438720703125
2026-05-18,77749.3203125,2155.964111328125,85.66810607910156,1.401095986366272,0.10894999653100967,0.2525720000267029,9.605186462402344,54.56470489501953,404.6202087402344,389.6513366699219
2026-05-19,77346.8671875,2143.56298828125,85.77772521972656,1.3949010372161865,0.10525699704885483,0.2527430057525635,9.807198524475098,54.4725341796875,385.86322021484375,399.365234375
2026-05-20,77775.5703125,2146.50634765625,86.90013885498047,1.3774360418319702,0.10463300347328186,0.25084200501441956,9.67031192779541,54.47888946533203,374.512939453125,406.9837341308594
2026-05-21,78100.5625,2154.22216796875,87.78675842285156,1.3837679624557495,0.10635799914598465,0.2530069947242737,9.829670906066895,54.62948226928711,382.8428955078125,409.3454284667969
2026-05-22,77819.453125,2138.97998046875,87.66146087646484,1.3737419843673706,0.10652700066566467,0.2540319859981537,10.008336067199707,54.47650146484375,381.12701416015625,392.43902587890625
2026-05-23,77288.1171875,2145.579345703125,87.14362335205078,1.3711810111999512,0.1047390028834343,0.24999600648880005,9.74759292602539,54.10031509399414,364.07110595703125,386.92523193359375
2026-05-24,77372.5390625,2127.309814453125,86.76220703125,1.3671139478683472,0.10346099734306335,0.24647100269794464,9.609505653381348,53.56864929199219,357.2492980957031,399.13348388671875
2026-05-25,77804.921875,2138.411376953125,86.36697387695312,1.3623629808425903,0.10348699986934662,0.24739199876785278,9.646279335021973,53.07786560058594,351.72064208984375,398.8636474609375
2026-05-26,77990.8671875,2138.006103515625,85.98423767089844,1.362975001335144,0.10364799946546555,0.24688099324703217,9.667593002319336,53.02429962158203,354.30609130859375,392.2197265625
2026-05-27,76014.296875,2092.980712890625,84.56281280517578,1.3398640155792236,0.10284800082445145,0.24224400520324707,9.451058387756348,52.72407531738281,346.05596923828125,400.6092224121094
2026-05-29,73754.078125,2013.6163330078125,82.33009338378906,1.3181172609329224,0.09990479052066803,0.23534619808197021,9.031539916992188,51.68137741088867,302.70751953125,359.9845275878906
