Date,BTCUSD,ETHUSD,SOLUSD,XRPUSD,DOGEUSD,ADAUSD,LINKUSD,LTCUSD,BCHUSD,XMRUSD
2015-01-01,314.00299072265625,,,,,,,2.689769983291626,,
2015-01-02,313.56500244140625,,,,,,,2.6638500690460205,,
2015-01-03,281.0820007324219,,,,,,,2.13316011428833,,
2015-01-04,257.61199951171875,,,,,,,1.912410020828247,,
2015-01-05,265.0840148925781,,,,,,,1.9580299854278564,,
2015-01-06,272.6960144042969,,,,,,,2.0445399284362793,,
2015-01-07,283.0790100097656,,,,,,,2.0811400413513184,,
2015-01-08,282.17498779296875,,,,,,,2.001849889755249,,
2015-01-09,280.5329895019531,,,,,,,1.9586299657821655,,
2015-01-10,273.96600341796875,,,,,,,1.6218600273132324,,
2015-01-11,265.03900146484375,,,,,,,1.6439900398254395,,
2015-01-12,265.20001220703125,,,,,,,1.6967600584030151,,
2015-01-13,219.906005859375,,,,,,,1.533460021018982,,
2015-01-14,171.50999450683594,,,,,,,1.1137399673461914,,
2015-01-15,176.89700317382812,,,,,,,1.1525399684906006,,
2015-01-16,199.77099609375,,,,,,,1.271690011024475,,
2015-01-17,194.875,,,,,,,1.2521899938583374,,
2015-01-18,194.50599670410156,,,,,,,1.2333600521087646,,
2015-01-19,207.3179931640625,,,,,,,1.306380033493042,,
2015-01-20,205.1529998779297,,,,,,,1.2996400594711304,,
2015-01-21,211.21200561523438,,,,,,,1.3182100057601929,,
2015-01-22,226.4340057373047,,,,,,,1.374269962310791,,
2015-01-23,225.1959991455078,,,,,,,1.380679965019226,,
2015-01-24,230.02200317382812,,,,,,,1.4191299676895142,,
2015-01-25,243.88999938964844,,,,,,,1.8394999504089355,,
2015-01-26,254.07899475097656,,,,,,,2.060699939727783,,
2015-01-27,250.6529998779297,,,,,,,1.8695399761199951,,
2015-01-28,227.04600524902344,,,,,,,1.8094300031661987,,
2015-01-29,220.71200561523438,,,,,,,1.832669973373413,,
2015-01-30,225.83900451660156,,,,,,,1.8906400203704834,,
2015-01-31,216.3090057373047,,,,,,,1.8705099821090698,,
2015-02-01,212.01499938964844,,,,,,,1.6791499853134155,,
2015-02-02,222.65899658203125,,,,,,,1.747920036315918,,
2015-02-03,224.48300170898438,,,,,,,1.8080899715423584,,
2015-02-04,221.11300659179688,,,,,,,1.757580041885376,,
2015-02-05,214.72500610351562,,,,,,,1.7302000522613525,,
2015-02-06,216.23199462890625,,,,,,,1.740190029144287,,
2015-02-07,222.60699462890625,,,,,,,1.7426899671554565,,
2015-02-08,221.07699584960938,,,,,,,1.7580900192260742,,
2015-02-09,217.0189971923828,,,,,,,1.7152600288391113,,
2015-02-10,215.33200073242188,,,,,,,1.6872899532318115,,
2015-02-11,218.07400512695312,,,,,,,1.7151700258255005,,
2015-02-12,217.61399841308594,,,,,,,1.7167500257492065,,
2015-02-13,221.26199340820312,,,,,,,1.7456300258636475,,
2015-02-14,235.5279998779297,,,,,,,1.8213800191879272,,
2015-02-15,227.6840057373047,,,,,,,1.7940800189971924,,
2015-02-16,229.02200317382812,,,,,,,1.7956299781799316,,
2015-02-17,232.31399536132812,,,,,,,1.7926000356674194,,
2015-02-18,232.33999633789062,,,,,,,1.8040000200271606,,
2015-02-19,235.5919952392578,,,,,,,1.8163399696350098,,
2015-02-20,239.2989959716797,,,,,,,1.8322199583053589,,
2015-02-21,243.1840057373047,,,,,,,1.8350900411605835,,
2015-02-22,233.8509979248047,,,,,,,1.7851500511169434,,
2015-02-23,232.42100524902344,,,,,,,1.7809200286865234,,
2015-02-24,236.40199279785156,,,,,,,1.804360032081604,,
2015-02-25,235.52999877929688,,,,,,,1.7914799451828003,,
2015-02-26,234.2570037841797,,,,,,,1.7932000160217285,,
2015-02-27,236.43600463867188,,,,,,,1.7971199750900269,,
2015-02-28,249.47900390625,,,,,,,1.8194600343704224,,
2015-03-01,245.93299865722656,,,,,,,1.8078299760818481,,
2015-03-02,258.31298828125,,,,,,,1.863569974899292,,
2015-03-03,268.1610107421875,,,,,,,1.9070700407028198,,
2015-03-04,268.1260070800781,,,,,,,1.9210200309753418,,
2015-03-05,264.7690124511719,,,,,,,1.8644399642944336,,
2015-03-06,270.0150146484375,,,,,,,1.878190040588379,,
2015-03-07,270.13299560546875,,,,,,,1.8821799755096436,,
2015-03-08,272.56500244140625,,,,,,,1.8775299787521362,,
2015-03-09,273.89300537109375,,,,,,,1.8891299962997437,,
2015-03-10,289.7430114746094,,,,,,,1.9369299411773682,,
2015-03-11,290.50799560546875,,,,,,,1.986340045928955,,
2015-03-12,292.4129943847656,,,,,,,1.9981900453567505,,
2015-03-13,285.3370056152344,,,,,,,2.007960081100464,,
2015-03-14,280.97601318359375,,,,,,,1.993149995803833,,
2015-03-15,280.9960021972656,,,,,,,1.9904500246047974,,
2015-03-16,285.68499755859375,,,,,,,2.0173399448394775,,
2015-03-17,284.3739929199219,,,,,,,1.9772100448608398,,
2015-03-18,249.8699951171875,,,,,,,1.7286399602890015,,
2015-03-19,248.63600158691406,,,,,,,1.6536200046539307,,
2015-03-20,259.1619873046875,,,,,,,1.7514599561691284,,
2015-03-21,255.64999389648438,,,,,,,1.7255200147628784,,
2015-03-22,259.5899963378906,,,,,,,1.7400100231170654,,
2015-03-23,261.7449951171875,,,,,,,1.7519099712371826,,
2015-03-24,244.15499877929688,,,,,,,1.6515899896621704,,
2015-03-25,236.51499938964844,,,,,,,1.6111700534820557,,
2015-03-26,244.90499877929688,,,,,,,1.6468000411987305,,
2015-03-27,245.21299743652344,,,,,,,1.6666300296783447,,
2015-03-28,246.97500610351562,,,,,,,1.677340030670166,,
2015-03-29,240.85000610351562,,,,,,,1.6435099840164185,,
2015-03-30,239.21400451660156,,,,,,,1.643630027770996,,
2015-03-31,242.73899841308594,,,,,,,1.6422300338745117,,
2015-04-01,241.16000366210938,,,,,,,1.6303600072860718,,
2015-04-02,245.41600036621094,,,,,,,1.6595799922943115,,
2015-04-03,251.87899780273438,,,,,,,1.6750199794769287,,
2015-04-04,251.10000610351562,,,,,,,1.6736600399017334,,
2015-04-05,251.94200134277344,,,,,,,1.675130009651184,,
2015-04-06,254.5749969482422,,,,,,,1.6745400428771973,,
2015-04-07,252.2050018310547,,,,,,,1.6663700342178345,,
2015-04-08,244.21499633789062,,,,,,,1.6180200576782227,,
2015-04-09,239.39999389648438,,,,,,,1.5500099658966064,,
2015-04-10,232.77099609375,,,,,,,1.5159200429916382,,
2015-04-11,234.1750030517578,,,,,,,1.4390000104904175,,
2015-04-12,233.4949951171875,,,,,,,1.4546899795532227,,
2015-04-13,221.99600219726562,,,,,,,1.367319941520691,,
2015-04-14,216.322998046875,,,,,,,1.3362200260162354,,
2015-04-15,218.6490020751953,,,,,,,1.345080018043518,,
2015-04-16,223.91700744628906,,,,,,,1.373020052909851,,
2015-04-17,221.94200134277344,,,,,,,1.3960700035095215,,
2015-04-18,220.87600708007812,,,,,,,1.3881299495697021,,
2015-04-19,222.3730010986328,,,,,,,1.3794200420379639,,
2015-04-20,221.9770050048828,,,,,,,1.3789600133895874,,
2015-04-21,224.30099487304688,,,,,,,1.3968700170516968,,
2015-04-22,233.4759979248047,,,,,,,1.4213900566101074,,
2015-04-23,233.19900512695312,,,,,,,1.4421499967575073,,
2015-04-24,229.93299865722656,,,,,,,1.416949987411499,,
2015-04-25,226.33700561523438,,,,,,,1.3967000246047974,,
2015-04-26,214.87399291992188,,,,,,,1.3040200471878052,,
2015-04-27,218.0229949951172,,,,,,,1.3218499422073364,,
2015-04-28,223.06900024414062,,,,,,,1.3521499633789062,,
2015-04-29,223.42999267578125,,,,,,,1.3494900465011597,,
2015-04-30,224.9929962158203,,,,,,,1.3581199645996094,,
2015-05-01,232.07899475097656,,,,,,,1.406499981880188,,
2015-05-02,232.34100341796875,,,,,,,1.4018900394439697,,
2015-05-03,234.08299255371094,,,,,,,1.4139599800109863,,
2015-05-04,237.80999755859375,,,,,,,1.4054100513458252,,
2015-05-05,232.0540008544922,,,,,,,1.3898799419403076,,
2015-05-06,229.2310028076172,,,,,,,1.3860700130462646,,
2015-05-07,228.572998046875,,,,,,,1.3830499649047852,,
2015-05-08,236.2740020751953,,,,,,,1.4418200254440308,,
2015-05-09,239.63900756835938,,,,,,,1.4416600465774536,,
2015-05-10,238.8489990234375,,,,,,,1.4227299690246582,,
2015-05-11,239.37600708007812,,,,,,,1.4319100379943848,,
2015-05-12,240.0989990234375,,,,,,,1.4276000261306763,,
2015-05-13,235.0449981689453,,,,,,,1.443809986114502,,
2015-05-14,234.0570068359375,,,,,,,1.4372899532318115,,
2015-05-15,236.7949981689453,,,,,,,1.4469799995422363,,
2015-05-16,235.2949981689453,,,,,,,1.3995599746704102,,
2015-05-17,236.00999450683594,,,,,,,1.4463499784469604,,
2015-05-18,232.4600067138672,,,,,,,1.4416500329971313,,
2015-05-19,231.81700134277344,,,,,,,1.4432499408721924,,
2015-05-20,231.8419952392578,,,,,,,1.4494999647140503,,
2015-05-21,233.8350067138672,,,,,,,1.455970048904419,,
2015-05-22,235.05999755859375,,,,,,,1.4792200326919556,,
2015-05-23,238.6909942626953,,,,,,,1.7719199657440186,,
2015-05-24,238.81100463867188,,,,,,,1.7872300148010254,,
2015-05-25,236.63699340820312,,,,,,,1.787619948387146,,
2015-05-26,235.69200134277344,,,,,,,1.7925399541854858,,
2015-05-27,236.69500732421875,,,,,,,1.8107000589370728,,
2015-05-28,236.65199279785156,,,,,,,1.8290899991989136,,
2015-05-29,235.7310028076172,,,,,,,1.813979983329773,,
2015-05-30,232.04600524902344,,,,,,,1.8080600500106812,,
2015-05-31,229.54200744628906,,,,,,,1.629580020904541,,
2015-06-01,221.29600524902344,,,,,,,1.5933899879455566,,
2015-06-02,222.41900634765625,,,,,,,1.606369972229004,,
2015-06-03,223.92999267578125,,,,,,,1.6614500284194946,,
2015-06-04,224.0540008544922,,,,,,,1.6637300252914429,,
2015-06-05,223.1790008544922,,,,,,,1.6654000282287598,,
2015-06-06,224.37899780273438,,,,,,,1.7508200407028198,,
2015-06-07,222.65199279785156,,,,,,,1.7192599773406982,,
2015-06-08,222.83900451660156,,,,,,,1.7285499572753906,,
2015-06-09,227.9290008544922,,,,,,,1.7826199531555176,,
2015-06-10,228.00999450683594,,,,,,,1.747730016708374,,
2015-06-11,228.76699829101562,,,,,,,1.7576600313186646,,
2015-06-12,229.31300354003906,,,,,,,1.7883800268173218,,
2015-06-13,229.2100067138672,,,,,,,1.7971999645233154,,
2015-06-14,232.00399780273438,,,,,,,1.8539799451828003,,
2015-06-15,233.4219970703125,,,,,,,1.9931999444961548,,
2015-06-16,236.1219940185547,,,,,,,2.0086700916290283,,
2015-06-17,246.4759979248047,,,,,,,2.721909999847412,,
2015-06-18,244.1269989013672,,,,,,,2.882930040359497,,
2015-06-19,243.78700256347656,,,,,,,2.686579942703247,,
2015-06-20,240.6269989013672,,,,,,,2.7510900497436523,,
2015-06-21,241.8820037841797,,,,,,,2.9046599864959717,,
2015-06-22,243.7790069580078,,,,,,,2.9591400623321533,,
2015-06-23,243.13299560546875,,,,,,,2.970629930496216,,
2015-06-24,240.51499938964844,,,,,,,2.778630018234253,,
2015-06-25,240.36500549316406,,,,,,,2.687809944152832,,
2015-06-26,241.55299377441406,,,,,,,2.8223400115966797,,
2015-06-27,243.11700439453125,,,,,,,2.8559699058532715,,
2015-06-28,247.4340057373047,,,,,,,3.0226199626922607,,
2015-06-29,248.58099365234375,,,,,,,3.033050060272217,,
2015-06-30,255.9459991455078,,,,,,,3.726639986038208,,
2015-07-01,255.7740020751953,,,,,,,3.8436999320983887,,
2015-07-02,254.11599731445312,,,,,,,3.922679901123047,,
2015-07-03,253.5050048828125,,,,,,,4.061009883880615,,
2015-07-04,254.1999969482422,,,,,,,4.058460235595703,,
2015-07-05,258.70098876953125,,,,,,,4.036970138549805,,
2015-07-06,267.6000061035156,,,,,,,4.672239780426025,,
2015-07-07,264.8320007324219,,,,,,,4.899270057678223,,
2015-07-08,264.385986328125,,,,,,,5.139400005340576,,
2015-07-09,267.08599853515625,,,,,,,5.995810031890869,,
2015-07-10,268.802001953125,,,,,,,4.068630218505859,,
2015-07-11,283.5299987792969,,,,,,,3.7053298950195312,,
2015-07-12,292.5050048828125,,,,,,,4.347780227661133,,
2015-07-13,281.010986328125,,,,,,,4.319900035858154,,
2015-07-14,286.63800048828125,,,,,,,4.4798102378845215,,
2015-07-15,285.36700439453125,,,,,,,4.14463996887207,,
2015-07-16,275.239990234375,,,,,,,3.299720048904419,,
2015-07-17,272.0429992675781,,,,,,,3.550290107727051,,
2015-07-18,274.07501220703125,,,,,,,3.7768499851226807,,
2015-07-19,272.51300048828125,,,,,,,3.658950090408325,,
2015-07-20,272.9599914550781,,,,,,,3.7337400913238525,,
2015-07-21,275.41900634765625,,,,,,,3.7662100791931152,,
2015-07-22,274.3810119628906,,,,,,,3.6842401027679443,,
2015-07-23,275.71600341796875,,,,,,,3.760509967803955,,
2015-07-24,275.2539978027344,,,,,,,3.759730100631714,,
2015-07-25,286.00201416015625,,,,,,,4.472340106964111,,
2015-07-26,287.70599365234375,,,,,,,4.436930179595947,,
2015-07-27,287.45001220703125,,,,,,,4.586120128631592,,
2015-07-28,293.4230041503906,,,,,,,4.650209903717041,,
2015-07-29,288.7770080566406,,,,,,,4.723979949951172,,
2015-07-30,286.5679931640625,,,,,,,4.508059978485107,,
2015-07-31,282.343994140625,,,,,,,4.509860038757324,,
2015-08-01,278.11199951171875,,,,,,,4.07289981842041,,
2015-08-02,277.52899169921875,,,,,,,3.858910083770752,,
2015-08-03,280.2330017089844,,,,,,,4.0387701988220215,,
2015-08-04,281.2250061035156,,,,,,,4.182620048522949,,
2015-08-05,281.4880065917969,,,,,,,4.301050186157227,,
2015-08-06,278.40301513671875,,,,,,,4.023670196533203,,
2015-08-07,276.3659973144531,,,,,,,3.9702699184417725,,
2015-08-08,260.7099914550781,,,,,,,3.8354198932647705,,
2015-08-09,260.4679870605469,,,,,,,3.811389923095703,,
2015-08-10,262.59600830078125,,,,,,,3.8976099491119385,,
2015-08-11,264.093994140625,,,,,,,3.9429500102996826,,
2015-08-12,265.468994140625,,,,,,,3.974440097808838,,
2015-08-13,262.84100341796875,,,,,,,3.840409994125366,,
2015-08-14,261.4779968261719,,,,,,,3.864799976348877,,
2015-08-15,261.2959899902344,,,,,,,3.9151101112365723,,
2015-08-16,257.0409851074219,,,,,,,3.892359972000122,,
2015-08-17,257.11700439453125,,,,,,,3.93533992767334,,
2015-08-18,211.07899475097656,,,,,,,3.437700033187866,,
2015-08-19,222.76600646972656,,,,,,,3.3585400581359863,,
2015-08-20,226.8990020751953,,,,,,,3.4708099365234375,,
2015-08-21,231.7239990234375,,,,,,,3.5482900142669678,,
2015-08-22,222.70399475097656,,,,,,,3.458970069885254,,
2015-08-23,225.5800018310547,,,,,,,3.3531599044799805,,
2015-08-24,210.4429931640625,,,,,,,2.9661099910736084,,
2015-08-25,199.56700134277344,,,,,,,2.543790102005005,,
2015-08-26,220.20399475097656,,,,,,,2.8365800380706787,,
2015-08-27,223.6840057373047,,,,,,,2.8364500999450684,,
2015-08-28,220.92599487304688,,,,,,,2.7052199840545654,,
2015-08-29,227.3300018310547,,,,,,,2.8243000507354736,,
2015-08-30,226.2469940185547,,,,,,,2.7593400478363037,,
2015-08-31,225.9149932861328,,,,,,,2.7899699211120605,,
2015-09-01,226.86000061035156,,,,,,,2.8056299686431885,,
2015-09-02,226.47500610351562,,,,,,,2.7572999000549316,,
2015-09-03,226.66700744628906,,,,,,,2.579969882965088,,
2015-09-04,227.05099487304688,,,,,,,2.6333398818969727,,
2015-09-05,229.4429931640625,,,,,,,2.661530017852783,,
2015-09-06,234.68099975585938,,,,,,,2.9033100605010986,,
2015-09-07,238.7220001220703,,,,,,,2.986690044403076,,
2015-09-08,239.67799377441406,,,,,,,3.0139999389648438,,
2015-09-09,237.8209991455078,,,,,,,2.910409927368164,,
2015-09-10,235.79100036621094,,,,,,,2.8928799629211426,,
2015-09-11,238.32899475097656,,,,,,,2.940119981765747,,
2015-09-12,234.75399780273438,,,,,,,2.822920083999634,,
2015-09-13,229.33200073242188,,,,,,,2.7749199867248535,,
2015-09-14,227.96099853515625,,,,,,,2.778059959411621,,
2015-09-15,229.82200622558594,,,,,,,2.8167901039123535,,
2015-09-16,227.40199279785156,,,,,,,2.7741100788116455,,
2015-09-17,228.92599487304688,,,,,,,2.7959299087524414,,
2015-09-18,232.18499755859375,,,,,,,2.895979881286621,,
2015-09-19,231.08900451660156,,,,,,,2.859989881515503,,
2015-09-20,230.91000366210938,,,,,,,2.829859972000122,,
2015-09-21,226.52099609375,,,,,,,2.795229911804199,,
2015-09-22,225.11700439453125,,,,,,,2.795870065689087,,
2015-09-23,229.59100341796875,,,,,,,2.8518600463867188,,
2015-09-24,230.2949981689453,,,,,,,2.8707199096679688,,
2015-09-25,233.6840057373047,,,,,,,2.8870298862457275,,
2015-09-26,233.35800170898438,,,,,,,2.8684499263763428,,
2015-09-27,232.4759979248047,,,,,,,2.8650500774383545,,
2015-09-28,232.4669952392578,,,,,,,2.878109931945801,,
2015-09-29,235.92799377441406,,,,,,,2.9699900150299072,,
2015-09-30,235.62899780273438,,,,,,,2.966089963912964,,
2015-10-01,235.61599731445312,,,,,,,2.955970048904419,,
2015-10-02,236.60299682617188,,,,,,,2.9767301082611084,,
2015-10-03,236.94400024414062,,,,,,,2.990689992904663,,
2015-10-04,237.94000244140625,,,,,,,2.9979801177978516,,
2015-10-05,237.03500366210938,,,,,,,2.9857099056243896,,
2015-10-06,240.13600158691406,,,,,,,3.0106799602508545,,
2015-10-07,242.5850067138672,,,,,,,3.0558700561523438,,
2015-10-08,242.1790008544922,,,,,,,3.047679901123047,,
2015-10-09,242.1219940185547,,,,,,,3.064460039138794,,
2015-10-10,243.07400512695312,,,,,,,3.088469982147217,,
2015-10-11,244.15199279785156,,,,,,,3.084980010986328,,
2015-10-12,245.1790008544922,,,,,,,3.1325299739837646,,
2015-10-13,243.7570037841797,,,,,,,3.1127500534057617,,
2015-10-14,248.9029998779297,,,,,,,3.098900079727173,,
2015-10-15,252.04600524902344,,,,,,,3.0991199016571045,,
2015-10-16,253.92599487304688,,,,,,,3.0947299003601074,,
2015-10-17,262.36700439453125,,,,,,,3.0351099967956543,,
2015-10-18,260.7770080566406,,,,,,,3.0049800872802734,,
2015-10-19,260.95098876953125,,,,,,,3.00669002532959,,
2015-10-20,263.22698974609375,,,,,,,3.0525801181793213,,
2015-10-21,263.8389892578125,,,,,,,3.062299966812134,,
2015-10-22,266.135009765625,,,,,,,3.0723299980163574,,
2015-10-23,273.5429992675781,,,,,,,3.0929300785064697,,
2015-10-24,276.5039978027344,,,,,,,3.0777699947357178,,
2015-10-25,281.44500732421875,,,,,,,3.0657899379730225,,
2015-10-26,280.510009765625,,,,,,,3.065570116043091,,
2015-10-27,285.00799560546875,,,,,,,3.0820000171661377,,
2015-10-28,293.7030029296875,,,,,,,3.0855801105499268,,
2015-10-29,301.822998046875,,,,,,,3.0585100650787354,,
2015-10-30,313.94000244140625,,,,,,,3.740299940109253,,
2015-10-31,309.2510070800781,,,,,,,3.7654199600219727,,
2015-11-01,311.8810119628906,,,,,,,3.7689499855041504,,
2015-11-02,323.2090148925781,,,,,,,3.9391698837280273,,
2015-11-03,357.6470031738281,,,,,,,4.100500106811523,,
2015-11-04,380.5480041503906,,,,,,,4.054510116577148,,
2015-11-05,374.58099365234375,,,,,,,3.767630100250244,,
2015-11-06,354.0249938964844,,,,,,,3.4514501094818115,,
2015-11-07,372.4330139160156,,,,,,,3.5485599040985107,,
2015-11-08,368.70001220703125,,,,,,,3.409950017929077,,
2015-11-09,362.8949890136719,,,,,,,3.259310007095337,,
2015-11-10,329.1080017089844,,,,,,,3.0414299964904785,,
2015-11-11,300.99700927734375,,,,,,,2.942579984664917,,
2015-11-12,313.3559875488281,,,,,,,2.9721500873565674,,
2015-11-13,326.07501220703125,,,,,,,3.154599905014038,,
2015-11-14,329.9700012207031,,,,,,,3.1826798915863037,,
2015-11-15,317.489990234375,,,,,,,3.0550599098205566,,
2015-11-16,315.9049987792969,,,,,,,3.0474300384521484,,
2015-11-17,329.614013671875,,,,,,,3.163170099258423,,
2015-11-18,330.6400146484375,,,,,,,3.168339967727661,,
2015-11-19,325.27301025390625,,,,,,,3.1270999908447266,,
2015-11-20,312.2170104980469,,,,,,,3.069380044937134,,
2015-11-21,319.5950012207031,,,,,,,3.105639934539795,,
2015-11-22,321.2590026855469,,,,,,,3.1148200035095215,,
2015-11-23,321.2900085449219,,,,,,,3.111330032348633,,
2015-11-24,318.1180114746094,,,,,,,3.087869882583618,,
2015-11-25,316.7699890136719,,,,,,,3.0927700996398926,,
2015-11-26,328.22900390625,,,,,,,3.3513898849487305,,
2015-11-27,347.8699951171875,,,,,,,3.519320011138916,,
2015-11-28,352.1719970703125,,,,,,,3.4647700786590576,,
2015-11-29,355.6659851074219,,,,,,,3.499239921569824,,
2015-11-30,370.38299560546875,,,,,,,3.5792899131774902,,
2015-12-01,356.56298828125,,,,,,,3.402479887008667,,
2015-12-02,349.4649963378906,,,,,,,3.3036599159240723,,
2015-12-03,357.4119873046875,,,,,,,3.3369100093841553,,
2015-12-04,355.7569885253906,,,,,,,3.3437399864196777,,
2015-12-05,363.22900390625,,,,,,,3.3699400424957275,,
2015-12-06,387.0889892578125,,,,,,,3.447690010070801,,
2015-12-07,385.4110107421875,,,,,,,3.4471099376678467,,
2015-12-08,389.95001220703125,,,,,,,3.5450799465179443,,
2015-12-09,406.2909851074219,,,,,,,3.60725998878479,,
2015-12-10,411.5480041503906,,,,,,,3.589639902114868,,
2015-12-11,415.281005859375,,,,,,,3.6710100173950195,,
2015-12-12,410.7409973144531,,,,,,,3.5016300678253174,,
2015-12-13,426.26800537109375,,,,,,,3.5686399936676025,,
2015-12-14,430.45599365234375,,,,,,,3.600130081176758,,
2015-12-15,443.87799072265625,,,,,,,3.6125800609588623,,
2015-12-16,443.85101318359375,,,,,,,3.678309917449951,,
2015-12-17,448.8580017089844,,,,,,,3.6793999671936035,,
2015-12-18,454.94000244140625,,,,,,,3.730570077896118,,
2015-12-19,456.7650146484375,,,,,,,3.706670045852661,,
2015-12-20,434.3380126953125,,,,,,,3.482609987258911,,
2015-12-21,427.31201171875,,,,,,,3.428689956665039,,
2015-12-22,435.5159912109375,,,,,,,3.4000399112701416,,
2015-12-23,436.6189880371094,,,,,,,3.4310200214385986,,
2015-12-24,443.0769958496094,,,,,,,3.5901899337768555,,
2015-12-25,452.07501220703125,,,,,,,3.6040000915527344,,
2015-12-26,405.760009765625,,,,,,,3.3827900886535645,,
2015-12-27,408.88299560546875,,,,,,,3.3934199810028076,,
2015-12-28,418.4809875488281,,,,,,,3.45674991607666,,
2015-12-29,420.62701416015625,,,,,,,3.436460018157959,,
2015-12-30,422.0840148925781,,,,,,,3.4463000297546387,,
2015-12-31,418.7349853515625,,,,,,,3.414170026779175,,
2016-01-01,427.5150146484375,,,,,,,3.469249963760376,,
2016-01-02,431.8699951171875,,,,,,,3.492189884185791,,
2016-01-03,424.70599365234375,,,,,,,3.450860023498535,,
2016-01-04,429.0840148925781,,,,,,,3.4761500358581543,,
2016-01-05,429.6759948730469,,,,,,,3.4537200927734375,,
2016-01-06,426.34100341796875,,,,,,,3.4447999000549316,,
2016-01-07,429.0769958496094,,,,,,,3.442689895629883,,
2016-01-08,447.93798828125,,,,,,,3.5335800647735596,,
2016-01-09,446.8890075683594,,,,,,,3.543600082397461,,
2016-01-10,440.35101318359375,,,,,,,3.4968199729919434,,
2016-01-11,443.8550109863281,,,,,,,3.5262699127197266,,
2016-01-12,435.69000244140625,,,,,,,3.493680000305176,,
2016-01-13,424.4429931640625,,,,,,,3.432810068130493,,
2016-01-14,427.8450012207031,,,,,,,3.4486799240112305,,
2016-01-15,364.33099365234375,,,,,,,2.9967799186706543,,
2016-01-16,354.91400146484375,,,,,,,2.9194600582122803,,
2016-01-17,380.0920104980469,,,,,,,3.0247600078582764,,
2016-01-18,376.6650085449219,,,,,,,2.9776298999786377,,
2016-01-19,378.97198486328125,,,,,,,2.9941699504852295,,
2016-01-20,376.5989990234375,,,,,,,2.9907000064849854,,
2016-01-21,406.29998779296875,,,,,,,3.205359935760498,,
2016-01-22,375.2820129394531,,,,,,,3.048919916152954,,
2016-01-23,381.9809875488281,,,,,,,3.0781400203704834,,
2016-01-24,387.510009765625,,,,,,,3.099790096282959,,
2016-01-25,388.5539855957031,,,,,,,3.1050500869750977,,
2016-01-26,390.57501220703125,,,,,,,3.1233201026916504,,
2016-01-27,391.7820129394531,,,,,,,3.156519889831543,,
2016-01-28,379.7349853515625,,,,,,,3.112139940261841,,
2016-01-29,365.4519958496094,,,,,,,3.0611400604248047,,
2016-01-30,376.4909973144531,,,,,,,3.075119972229004,,
2016-01-31,367.8349914550781,,,,,,,3.0436599254608154,,
2016-02-01,367.9570007324219,,,,,,,3.057490110397339,,
2016-02-02,372.9200134277344,,,,,,,3.069509983062744,,
2016-02-03,368.0450134277344,,,,,,,3.037909984588623,,
2016-02-04,369.9930114746094,,,,,,,3.05610990524292,,
2016-02-05,385.5719909667969,,,,,,,3.1357500553131104,,
2016-02-06,372.3869934082031,,,,,,,3.077349901199341,,
2016-02-07,374.90301513671875,,,,,,,3.0791399478912354,,
2016-02-08,373.3340148925781,,,,,,,3.056580066680908,,
2016-02-09,372.89801025390625,,,,,,,3.0509400367736816,,
2016-02-10,375.7829895019531,,,,,,,3.0774500370025635,,
2016-02-11,376.39898681640625,,,,,,,3.0707600116729736,,
2016-02-12,379.6000061035156,,,,,,,3.082859992980957,,
2016-02-13,384.6409912109375,,,,,,,3.1140499114990234,,
2016-02-14,392.9320068359375,,,,,,,3.1477301120758057,,
2016-02-15,397.7489929199219,,,,,,,3.170720100402832,,
2016-02-16,401.4320068359375,,,,,,,3.179539918899536,,
2016-02-17,406.78399658203125,,,,,,,3.2016398906707764,,
2016-02-18,415.63800048828125,,,,,,,3.230259895324707,,
2016-02-19,417.60400390625,,,,,,,3.2305400371551514,,
2016-02-20,421.60101318359375,,,,,,,3.2606499195098877,,
2016-02-21,429.0769958496094,,,,,,,3.4001200199127197,,
2016-02-22,432.9169921875,,,,,,,3.4324100017547607,,
2016-02-23,417.8210144042969,,,,,,,3.3803598880767822,,
2016-02-24,413.9070129394531,,,,,,,3.3242299556732178,,
2016-02-25,420.4150085449219,,,,,,,3.3336400985717773,,
2016-02-26,421.6199951171875,,,,,,,3.3242299556732178,,
2016-02-27,428.1029968261719,,,,,,,3.3927700519561768,,
2016-02-28,423.82000732421875,,,,,,,3.357909917831421,,
2016-02-29,431.6929931640625,,,,,,,3.420490026473999,,
2016-03-01,432.3190002441406,,,,,,,3.410130023956299,,
2016-03-02,423.989013671875,,,,,,,3.3650200366973877,,
2016-03-03,419.4110107421875,,,,,,,3.305259943008423,,
2016-03-04,410.9389953613281,,,,,,,3.2475099563598633,,
2016-03-05,394.0350036621094,,,,,,,3.132970094680786,,
2016-03-06,395.77801513671875,,,,,,,3.1742899417877197,,
2016-03-07,406.3089904785156,,,,,,,3.2012600898742676,,
2016-03-08,411.093994140625,,,,,,,3.226840019226074,,
2016-03-09,411.6059875488281,,,,,,,3.2393300533294678,,
2016-03-10,413.2510070800781,,,,,,,3.2513298988342285,,
2016-03-11,417.01300048828125,,,,,,,3.2860100269317627,,
2016-03-12,410.093994140625,,,,,,,3.274970054626465,,
2016-03-13,411.6419982910156,,,,,,,3.2840399742126465,,
2016-03-14,414.20098876953125,,,,,,,3.290750026702881,,
2016-03-15,414.9849853515625,,,,,,,3.2870399951934814,,
2016-03-16,415.9119873046875,,,,,,,3.295340061187744,,
2016-03-17,417.8890075683594,,,,,,,3.2953500747680664,,
2016-03-18,406.1369934082031,,,,,,,3.152820110321045,,
2016-03-19,407.2300109863281,,,,,,,3.1596100330352783,,
2016-03-20,410.4010009765625,,,,,,,3.1782400608062744,,
2016-03-21,410.3810119628906,,,,,,,3.1880300045013428,,
2016-03-22,412.531005859375,,,,,,,3.198040008544922,,
2016-03-23,417.364013671875,,,,,,,3.22160005569458,,
2016-03-24,415.4859924316406,,,,,,,3.2163898944854736,,
2016-03-25,415.5580139160156,,,,,,,3.2142999172210693,,
2016-03-26,416.2590026855469,,,,,,,3.212599992752075,,
2016-03-27,417.71099853515625,,,,,,,3.2250900268554688,,
2016-03-28,423.2929992675781,,,,,,,3.2568199634552,,
2016-03-29,412.6809997558594,,,,,,,3.1962900161743164,,
2016-03-30,412.4960021972656,,,,,,,3.203010082244873,,
2016-03-31,415.2569885253906,,,,,,,3.2218399047851562,,
2016-04-01,415.83099365234375,,,,,,,3.2311298847198486,,
2016-04-02,418.4219970703125,,,,,,,3.2448599338531494,,
2016-04-03,419.6969909667969,,,,,,,3.246799945831299,,
2016-04-04,419.60101318359375,,,,,,,3.2220299243927,,
2016-04-05,420.614013671875,,,,,,,3.2414400577545166,,
2016-04-06,422.72900390625,,,,,,,3.2427499294281006,,
2016-04-07,420.51800537109375,,,,,,,3.2277801036834717,,
2016-04-08,419.635009765625,,,,,,,3.214400053024292,,
2016-04-09,416.5150146484375,,,,,,,3.1981699466705322,,
2016-04-10,419.2569885253906,,,,,,,3.2116799354553223,,
2016-04-11,420.5329895019531,,,,,,,3.2138500213623047,,
2016-04-12,422.8429870605469,,,,,,,3.231450080871582,,
2016-04-13,422.9159851074219,,,,,,,3.236030101776123,,
2016-04-14,423.01300048828125,,,,,,,3.233760118484497,,
2016-04-15,424.427001953125,,,,,,,3.241529941558838,,
2016-04-16,428.9840087890625,,,,,,,3.2682700157165527,,
2016-04-17,426.0790100097656,,,,,,,3.2514700889587402,,
2016-04-18,427.08599853515625,,,,,,,3.239180088043213,,
2016-04-19,428.10400390625,,,,,,,3.242500066757202,,
2016-04-20,434.406005859375,,,,,,,3.266619920730591,,
2016-04-21,440.9519958496094,,,,,,,3.273469924926758,,
2016-04-22,444.1499938964844,,,,,,,3.3068599700927734,,
2016-04-23,444.33099365234375,,,,,,,3.305259943008423,,
2016-04-24,448.9280090332031,,,,,,,3.346359968185425,,
2016-04-25,453.5920104980469,,,,,,,3.55076003074646,,
2016-04-26,461.6210021972656,,,,,,,3.7863800525665283,,
2016-04-27,444.1340026855469,,,,,,,3.8689301013946533,,
2016-04-28,436.6499938964844,,,,,,,3.686310052871704,,
2016-04-29,446.0169982910156,,,,,,,3.7235000133514404,,
2016-04-30,447.6969909667969,,,,,,,3.643850088119507,,
2016-05-01,447.927001953125,,,,,,,3.6431100368499756,,
2016-05-02,441.7760009765625,,,,,,,3.6386799812316895,,
2016-05-03,442.61700439453125,,,,,,,3.6623899936676025,,
2016-05-04,445.6300048828125,,,,,,,3.7311201095581055,,
2016-05-05,445.88299560546875,,,,,,,3.7068800926208496,,
2016-05-06,447.0679931640625,,,,,,,3.7060000896453857,,
2016-05-07,457.3240051269531,,,,,,,3.8195199966430664,,
2016-05-08,455.9830017089844,,,,,,,3.886199951171875,,
2016-05-09,456.531005859375,,,,,,,3.898629903793335,,
2016-05-10,448.9540100097656,,,,,,,3.798379898071289,,
2016-05-11,450.864013671875,,,,,,,3.8144400119781494,,
2016-05-12,449.25,,,,,,,3.7963500022888184,,
2016-05-13,453.4530029296875,,,,,,,3.8287899494171143,,
2016-05-14,454.7860107421875,,,,,,,3.9202399253845215,,
2016-05-15,455.4590148925781,,,,,,,3.9665400981903076,,
2016-05-16,452.94500732421875,,,,,,,3.9796900749206543,,
2016-05-17,453.6050109863281,,,,,,,3.974400043487549,,
2016-05-18,453.29901123046875,,,,,,,3.975100040435791,,
2016-05-19,438.7149963378906,,,,,,,3.8333899974823,,
2016-05-20,437.3890075683594,,,,,,,3.817889928817749,,
2016-05-21,441.70599365234375,,,,,,,3.878580093383789,,
2016-05-22,439.0350036621094,,,,,,,3.9046499729156494,,
2016-05-23,438.822998046875,,,,,,,3.8994600772857666,,
2016-05-24,443.92999267578125,,,,,,,3.9388699531555176,,
2016-05-25,446.06201171875,,,,,,,3.9475700855255127,,
2016-05-26,447.89599609375,,,,,,,4.026869773864746,,
2016-05-27,453.52099609375,,,,,,,4.087259769439697,,
2016-05-28,472.6990051269531,,,,,,,4.506529808044434,,
2016-05-29,512.1790161132812,,,,,,,4.579669952392578,,
2016-05-30,522.9630126953125,,,,,,,4.5850701332092285,,
2016-05-31,520.6619873046875,,,,,,,4.604790210723877,,
2016-06-01,525.635986328125,,,,,,,4.621039867401123,,
2016-06-02,533.0780029296875,,,,,,,4.67956018447876,,
2016-06-03,536.9199829101562,,,,,,,4.705560207366943,,
2016-06-04,564.2379760742188,,,,,,,4.770219802856445,,
2016-06-05,569.177978515625,,,,,,,4.786220073699951,,
2016-06-06,574.6019897460938,,,,,,,4.810359954833984,,
2016-06-07,567.5139770507812,,,,,,,4.722499847412109,,
2016-06-08,573.1300048828125,,,,,,,4.689620018005371,,
2016-06-09,570.9509887695312,,,,,,,4.674779891967773,,
2016-06-10,573.3250122070312,,,,,,,4.7131500244140625,,
2016-06-11,578.6740112304688,,,,,,,4.840370178222656,,
2016-06-12,607.0390014648438,,,,,,,5.0465898513793945,,
2016-06-13,664.4869995117188,,,,,,,5.158629894256592,,
2016-06-14,662.8040161132812,,,,,,,5.097360134124756,,
2016-06-15,672.5609741210938,,,,,,,5.108729839324951,,
2016-06-16,696.5230102539062,,,,,,,5.253049850463867,,
2016-06-17,716.5560302734375,,,,,,,5.280940055847168,,
2016-06-18,733.9290161132812,,,,,,,5.4889397621154785,,
2016-06-19,745.6279907226562,,,,,,,5.507410049438477,,
2016-06-20,732.7269897460938,,,,,,,5.269199848175049,,
2016-06-21,639.0700073242188,,,,,,,4.695819854736328,,
2016-06-22,587.4829711914062,,,,,,,3.8808600902557373,,
2016-06-23,558.1389770507812,,,,,,,3.4660699367523193,,
2016-06-24,625.27197265625,,,,,,,3.8471899032592773,,
2016-06-25,646.5590209960938,,,,,,,3.924839973449707,,
2016-06-26,616.9340209960938,,,,,,,3.971560001373291,,
2016-06-27,620.5239868164062,,,,,,,4.028349876403809,,
2016-06-28,637.7730102539062,,,,,,,4.066780090332031,,
2016-06-29,628.2839965820312,,,,,,,4.030139923095703,,
2016-06-30,636.6079711914062,,,,,,,4.044710159301758,,
2016-07-01,669.593994140625,,,,,,,4.17602014541626,,
2016-07-02,676.3989868164062,,,,,,,4.240990161895752,,
2016-07-03,649.0089721679688,,,,,,,4.185369968414307,,
2016-07-04,650.5079956054688,,,,,,,4.213719844818115,,
2016-07-05,665.0659790039062,,,,,,,4.357450008392334,,
2016-07-06,670.4180297851562,,,,,,,4.421909809112549,,
2016-07-07,611.833984375,,,,,,,3.9539899826049805,,
2016-07-08,636.4669799804688,,,,,,,4.075170040130615,,
2016-07-09,633.3989868164062,,,,,,,3.970789909362793,,
2016-07-10,641.2639770507812,,,,,,,4.063260078430176,,
2016-07-11,644.97998046875,,,,,,,4.061299800872803,,
2016-07-12,646.7789916992188,,,,,,,4.088129997253418,,
2016-07-13,654.468017578125,,,,,,,4.1334099769592285,,
2016-07-14,652.9229736328125,,,,,,,4.123569965362549,,
2016-07-15,659.0399780273438,,,,,,,4.147160053253174,,
2016-07-16,659.333984375,,,,,,,4.114449977874756,,
2016-07-17,661.9929809570312,,,,,,,4.130770206451416,,
2016-07-18,668.625,,,,,,,4.138350009918213,,
2016-07-19,667.6320190429688,,,,,,,4.138460159301758,,
2016-07-20,663.3599853515625,,,,,,,4.112480163574219,,
2016-07-21,660.4149780273438,,,,,,,4.111690044403076,,
2016-07-22,646.7219848632812,,,,,,,4.026179790496826,,
2016-07-23,648.5239868164062,,,,,,,4.03046989440918,,
2016-07-24,652.7930297851562,,,,,,,4.037869930267334,,
2016-07-25,653.39501953125,,,,,,,4.030449867248535,,
2016-07-26,645.8790283203125,,,,,,,3.930989980697632,,
2016-07-27,648.447021484375,,,,,,,3.9347100257873535,,
2016-07-28,654.4920043945312,,,,,,,3.9638800621032715,,
2016-07-29,654.7860107421875,,,,,,,3.9581799507141113,,
2016-07-30,654.208984375,,,,,,,4.0596699714660645,,
2016-07-31,624.364990234375,,,,,,,3.970249891281128,,
2016-08-01,605.8839721679688,,,,,,,3.863420009613037,,
2016-08-02,531.333984375,,,,,,,3.519129991531372,,
2016-08-03,541.5469970703125,,,,,,,3.5917699337005615,,
2016-08-04,565.7769775390625,,,,,,,3.7074201107025146,,
2016-08-05,569.9819946289062,,,,,,,3.6991100311279297,,
2016-08-06,569.468994140625,,,,,,,3.6951699256896973,,
2016-08-07,586.8159790039062,,,,,,,3.7459700107574463,,
2016-08-08,588.0469970703125,,,,,,,3.747809886932373,,
2016-08-09,584.7930297851562,,,,,,,3.742340087890625,,
2016-08-10,586.3709716796875,,,,,,,3.7195000648498535,,
2016-08-11,589.1199951171875,,,,,,,3.640160083770752,,
2016-08-12,583.8109741210938,,,,,,,3.6854701042175293,,
2016-08-13,584.97900390625,,,,,,,3.684149980545044,,
2016-08-14,564.781005859375,,,,,,,3.61257004737854,,
2016-08-15,563.239990234375,,,,,,,3.569780111312866,,
2016-08-16,566.7160034179688,,,,,,,3.5819499492645264,,
2016-08-17,571.4299926757812,,,,,,,3.592910051345825,,
2016-08-18,573.4299926757812,,,,,,,3.602799892425537,,
2016-08-19,574.1820068359375,,,,,,,3.598759889602661,,
2016-08-20,575.4569702148438,,,,,,,3.5995900630950928,,
2016-08-21,580.218017578125,,,,,,,3.6034600734710693,,
2016-08-22,580.593994140625,,,,,,,3.604520082473755,,
2016-08-23,581.6339721679688,,,,,,,3.659899950027466,,
2016-08-24,579.85498046875,,,,,,,3.8399200439453125,,
2016-08-25,575.1669921875,,,,,,,3.7767701148986816,,
2016-08-26,576.8579711914062,,,,,,,3.792370080947876,,
2016-08-27,568.6300048828125,,,,,,,3.7265400886535645,,
2016-08-28,569.739990234375,,,,,,,3.731689929962158,,
2016-08-29,573.4650268554688,,,,,,,3.7376599311828613,,
2016-08-30,574.114013671875,,,,,,,3.753309965133667,,
2016-08-31,573.6420288085938,,,,,,,3.781059980392456,,
2016-09-01,571.8140258789062,,,,,,,3.790450096130371,,
2016-09-02,570.8109741210938,,,,,,,3.809190034866333,,
2016-09-03,574.0560302734375,,,,,,,3.806849956512451,,
2016-09-04,596.8480224609375,,,,,,,3.8807899951934814,,
2016-09-05,602.2420043945312,,,,,,,3.9658401012420654,,
2016-09-06,605.0910034179688,,,,,,,3.9519200325012207,,
2016-09-07,608.5130004882812,,,,,,,3.947849988937378,,
2016-09-08,613.843994140625,,,,,,,3.9571499824523926,,
2016-09-09,620.2630004882812,,,,,,,3.959350109100342,,
2016-09-10,622.39501953125,,,,,,,3.9567201137542725,,
2016-09-11,600.5059814453125,,,,,,,3.8534998893737793,,
2016-09-12,605.4110107421875,,,,,,,3.7910799980163574,,
2016-09-13,606.9249877929688,,,,,,,3.8095200061798096,,
2016-09-14,608.4099731445312,,,,,,,3.818809986114502,,
2016-09-15,607.155029296875,,,,,,,3.8017001152038574,,
2016-09-16,606.7349853515625,,,,,,,3.802069902420044,,
2016-09-17,605.1920166015625,,,,,,,3.7965900897979736,,
2016-09-18,605.8560180664062,,,,,,,3.806879997253418,,
2016-09-19,608.27001953125,,,,,,,3.8225600719451904,,
2016-09-20,607.93798828125,,,,,,,3.8236100673675537,,
2016-09-21,595.8829956054688,,,,,,,3.76173996925354,,
2016-09-22,596.2130126953125,,,,,,,3.7675700187683105,,
2016-09-23,595.7860107421875,,,,,,,3.7607500553131104,,
2016-09-24,602.0449829101562,,,,,,,3.798680067062378,,
2016-09-25,599.7109985351562,,,,,,,3.77620005607605,,
2016-09-26,600.3489990234375,,,,,,,3.7957398891448975,,
2016-09-27,604.1099853515625,,,,,,,3.8423399925231934,,
2016-09-28,604.6069946289062,,,,,,,3.8324599266052246,,
2016-09-29,604.8480224609375,,,,,,,3.833019971847534,,
2016-09-30,604.1420288085938,,,,,,,3.8195300102233887,,
2016-10-01,609.9290161132812,,,,,,,3.8387999534606934,,
2016-10-02,609.6820068359375,,,,,,,3.8155999183654785,,
2016-10-03,610.4550170898438,,,,,,,3.8252899646759033,,
2016-10-04,609.47900390625,,,,,,,3.8197100162506104,,
2016-10-05,609.6170043945312,,,,,,,3.825890064239502,,
2016-10-06,611.468994140625,,,,,,,3.8289101123809814,,
2016-10-07,611.8209838867188,,,,,,,3.8327300548553467,,
2016-10-08,617.3410034179688,,,,,,,3.8368101119995117,,
2016-10-09,616.6069946289062,,,,,,,3.8093700408935547,,
2016-10-10,616.197021484375,,,,,,,3.783600091934204,,
2016-10-11,618.5,,,,,,,3.7867300510406494,,
2016-10-12,635.9650268554688,,,,,,,3.756239891052246,,
2016-10-13,635.0289916992188,,,,,,,3.745579957962036,,
2016-10-14,637.0079956054688,,,,,,,3.8857600688934326,,
2016-10-15,637.3900146484375,,,,,,,3.8699100017547607,,
2016-10-16,638.9010009765625,,,,,,,3.8776700496673584,,
2016-10-17,638.6630249023438,,,,,,,3.8571300506591797,,
2016-10-18,635.9959716796875,,,,,,,3.8305599689483643,,
2016-10-19,628.0130004882812,,,,,,,3.7840399742126465,,
2016-10-20,628.2579956054688,,,,,,,3.7703499794006348,,
2016-10-21,630.6939697265625,,,,,,,3.7607600688934326,,
2016-10-22,632.8499755859375,,,,,,,3.7993500232696533,,
2016-10-23,653.885986328125,,,,,,,3.8919200897216797,,
2016-10-24,652.594970703125,,,,,,,3.867140054702759,,
2016-10-25,653.697998046875,,,,,,,3.8690199851989746,,
2016-10-26,657.677978515625,,,,,,,3.8953800201416016,,
2016-10-27,678.0399780273438,,,,,,,3.9556000232696533,,
2016-10-28,684.1619873046875,,,,,,,3.9538700580596924,,
2016-10-29,690.052001953125,,,,,,,3.972100019454956,,
2016-10-30,696.4749755859375,,,,,,,4.023359775543213,,
2016-10-31,691.6820068359375,,,,,,,3.983720064163208,,
2016-11-01,701.3369750976562,,,,,,,3.9910600185394287,,
2016-11-02,722.3489990234375,,,,,,,4.053719997406006,,
2016-11-03,678.156005859375,,,,,,,3.8149099349975586,,
2016-11-04,685.56298828125,,,,,,,3.8229598999023438,,
2016-11-05,697.739013671875,,,,,,,3.851830005645752,,
2016-11-06,699.5599975585938,,,,,,,3.839010000228882,,
2016-11-07,699.9030151367188,,,,,,,3.788710117340088,,
2016-11-08,702.3900146484375,,,,,,,3.8173999786376953,,
2016-11-09,708.6099853515625,,,,,,,3.814769983291626,,
2016-11-10,711.2100219726562,,,,,,,3.8136000633239746,,
2016-11-11,714.4099731445312,,,,,,,3.8020598888397217,,
2016-11-12,704.0349731445312,,,,,,,3.75246000289917,,
2016-11-13,687.3150024414062,,,,,,,3.6919400691986084,,
2016-11-14,699.8079833984375,,,,,,,3.857990026473999,,
2016-11-15,705.260009765625,,,,,,,3.8641600608825684,,
2016-11-16,709.0390014648438,,,,,,,3.8962900638580322,,
2016-11-17,739.510986328125,,,,,,,3.93789005279541,,
2016-11-18,736.8900146484375,,,,,,,3.9439198970794678,,
2016-11-19,744.4669799804688,,,,,,,3.940619945526123,,
2016-11-20,717.9439697265625,,,,,,,3.901240110397339,,
2016-11-21,730.510009765625,,,,,,,3.9177799224853516,,
2016-11-22,736.5269775390625,,,,,,,3.914489984512329,,
2016-11-23,738.9240112304688,,,,,,,3.9162099361419678,,
2016-11-24,733.489990234375,,,,,,,3.892319917678833,,
2016-11-25,734.5910034179688,,,,,,,3.893120050430298,,
2016-11-26,729.625,,,,,,,3.879189968109131,,
2016-11-27,731.0850219726562,,,,,,,3.878890037536621,,
2016-11-28,732.4840087890625,,,,,,,3.877729892730713,,
2016-11-29,734.5590209960938,,,,,,,3.868849992752075,,
2016-11-30,736.2650146484375,,,,,,,3.882349967956543,,
2016-12-01,746.0460205078125,,,,,,,3.8949499130249023,,
2016-12-02,757.5449829101562,,,,,,,3.9167299270629883,,
2016-12-03,764.8560180664062,,,,,,,3.9136900901794434,,
2016-12-04,768.1610107421875,,,,,,,3.896470069885254,,
2016-12-05,751.7130126953125,,,,,,,3.327810049057007,,
2016-12-06,758.719970703125,,,,,,,3.488879919052124,,
2016-12-07,759.75,,,,,,,3.5138099193573,,
2016-12-08,765.9459838867188,,,,,,,3.6027801036834717,,
2016-12-09,769.6489868164062,,,,,,,3.681770086288452,,
2016-12-10,772.9099731445312,,,,,,,3.6391899585723877,,
2016-12-11,765.4119873046875,,,,,,,3.632050037384033,,
2016-12-12,770.0399780273438,,,,,,,3.6156198978424072,,
2016-12-13,777.9619750976562,,,,,,,3.648560047149658,,
2016-12-14,776.8389892578125,,,,,,,3.5866899490356445,,
2016-12-15,777.802001953125,,,,,,,3.59594988822937,,
2016-12-16,778.9630126953125,,,,,,,3.6144399642944336,,
2016-12-17,784.864013671875,,,,,,,3.606519937515259,,
2016-12-18,788.0260009765625,,,,,,,3.6648099422454834,,
2016-12-19,790.3200073242188,,,,,,,3.6473400592803955,,
2016-12-20,791.4970092773438,,,,,,,3.643019914627075,,
2016-12-21,799.405029296875,,,,,,,3.646440029144287,,
2016-12-22,834.1489868164062,,,,,,,3.6571600437164307,,
2016-12-23,864.677001953125,,,,,,,3.709630012512207,,
2016-12-24,886.3350219726562,,,,,,,4.416309833526611,,
2016-12-25,862.4240112304688,,,,,,,4.221749782562256,,
2016-12-26,896.8980102539062,,,,,,,4.277160167694092,,
2016-12-27,904.2550048828125,,,,,,,4.327779769897461,,
2016-12-28,934.8309936523438,,,,,,,4.487569808959961,,
2016-12-29,954.5029907226562,,,,,,,4.509210109710693,,
2016-12-30,934.8330078125,,,,,,,4.287370204925537,,
2016-12-31,947.2360229492188,,,,,,,4.286930084228516,,
2017-01-01,958.698974609375,,,,,,,4.328710079193115,,
2017-01-02,996.7020263671875,,,,,,,4.4846601486206055,,
2017-01-03,1021.5999755859375,,,,,,,4.5648698806762695,,
2017-01-04,1044.4000244140625,,,,,,,4.633749961853027,,
2017-01-05,910.4169921875,,,,,,,4.226870059967041,,
2017-01-06,883.9439697265625,,,,,,,3.8413500785827637,,
2017-01-07,823.5560302734375,,,,,,,3.6135900020599365,,
2017-01-08,887.2490234375,,,,,,,3.8970301151275635,,
2017-01-09,879.8070068359375,,,,,,,3.9296998977661133,,
2017-01-10,901.0599975585938,,,,,,,4.2911200523376465,,
2017-01-11,762.7650146484375,,,,,,,3.7962698936462402,,
2017-01-12,755.7559814453125,,,,,,,3.780280113220215,,
2017-01-13,780.0029907226562,,,,,,,3.8013598918914795,,
2017-01-14,812.4559936523438,,,,,,,3.8718600273132324,,
2017-01-15,812.8709716796875,,,,,,,3.876199960708618,,
2017-01-16,820.27099609375,,,,,,,3.873300075531006,,
2017-01-17,830.7960205078125,,,,,,,3.8516199588775635,,
2017-01-18,858.3040161132812,,,,,,,3.783989906311035,,
2017-01-19,884.3380126953125,,,,,,,3.810760021209717,,
2017-01-20,887.0079956054688,,,,,,,3.8430800437927246,,
2017-01-21,895.5349731445312,,,,,,,3.8907101154327393,,
2017-01-22,897.5640258789062,,,,,,,3.824280023574829,,
2017-01-23,916.7379760742188,,,,,,,3.821850061416626,,
2017-01-24,892.2860107421875,,,,,,,3.7842800617218018,,
2017-01-25,891.68701171875,,,,,,,3.688620090484619,,
2017-01-26,902.2239990234375,,,,,,,3.7063798904418945,,
2017-01-27,915.8460083007812,,,,,,,3.8055899143218994,,
2017-01-28,919.8109741210938,,,,,,,3.8365299701690674,,
2017-01-29,919.1480102539062,,,,,,,3.8383500576019287,,
2017-01-30,919.4739990234375,,,,,,,3.855959892272949,,
2017-01-31,920.958984375,,,,,,,4.016499996185303,,
2017-02-01,970.7420043945312,,,,,,,4.030580043792725,,
2017-02-02,983.2210083007812,,,,,,,4.016940116882324,,
2017-02-03,1008.7899780273438,,,,,,,4.04019021987915,,
2017-02-04,1015.1599731445312,,,,,,,4.0154500007629395,,
2017-02-05,1022.3699951171875,,,,,,,4.01885986328125,,
2017-02-06,1028.1600341796875,,,,,,,4.0405402183532715,,
2017-02-07,1040.1400146484375,,,,,,,4.0391998291015625,,
2017-02-08,1037.489990234375,,,,,,,3.9704999923706055,,
2017-02-09,953.343994140625,,,,,,,3.7139699459075928,,
2017-02-10,946.6909790039062,,,,,,,3.6984798908233643,,
2017-02-11,982.8300170898438,,,,,,,3.766979932785034,,
2017-02-12,996.9210205078125,,,,,,,3.745919942855835,,
2017-02-13,976.0020141601562,,,,,,,3.7039899826049805,,
2017-02-14,986.4710083007812,,,,,,,3.707129955291748,,
2017-02-15,1001.5800170898438,,,,,,,3.7555999755859375,,
2017-02-16,1007.6500244140625,,,,,,,3.7797300815582275,,
2017-02-17,1025.6400146484375,,,,,,,3.774169921875,,
2017-02-18,1046.9599609375,,,,,,,3.7781999111175537,,
2017-02-19,1043.4599609375,,,,,,,3.744719982147217,,
2017-02-20,1041.68994140625,,,,,,,3.749619960784912,,
2017-02-21,1076.9300537109375,,,,,,,3.757270097732544,,
2017-02-22,1100.550048828125,,,,,,,3.7811200618743896,,
2017-02-23,1116.9599609375,,,,,,,3.7963600158691406,,
2017-02-24,1131.9599609375,,,,,,,3.816009998321533,,
2017-02-25,1124.5899658203125,,,,,,,3.8145599365234375,,
2017-02-26,1130.199951171875,,,,,,,3.7970399856567383,,
2017-02-27,1163.3800048828125,,,,,,,3.7969799041748047,,
2017-02-28,1171.8199462890625,,,,,,,3.7641398906707764,,
2017-03-01,1179.68994140625,,,,,,,3.7611899375915527,,
2017-03-02,1215.6199951171875,,,,,,,3.777740001678467,,
2017-03-03,1250.7099609375,,,,,,,3.898020029067993,,
2017-03-04,1230.510009765625,,,,,,,3.859260082244873,,
2017-03-05,1238.06005859375,,,,,,,3.8363499641418457,,
2017-03-06,1264.5999755859375,,,,,,,3.862149953842163,,
2017-03-07,1204.800048828125,,,,,,,3.8013501167297363,,
2017-03-08,1148.0799560546875,,,,,,,3.7465600967407227,,
2017-03-09,1141.22998046875,,,,,,,3.762809991836548,,
2017-03-10,1077.25,,,,,,,3.729480028152466,,
2017-03-11,1116.3199462890625,,,,,,,3.7501299381256104,,
2017-03-12,1175.3599853515625,,,,,,,3.784250020980835,,
2017-03-13,1217.030029296875,,,,,,,3.8324201107025146,,
2017-03-14,1220.719970703125,,,,,,,4.005710124969482,,
2017-03-15,1239.75,,,,,,,4.0024800300598145,,
2017-03-16,1152.43994140625,,,,,,,4.100550174713135,,
2017-03-17,1099.5699462890625,,,,,,,4.0368499755859375,,
2017-03-18,957.655029296875,,,,,,,3.8606700897216797,,
2017-03-19,976.72998046875,,,,,,,3.8998498916625977,,
2017-03-20,1036.6800537109375,,,,,,,3.8899500370025635,,
2017-03-21,1055.3599853515625,,,,,,,3.9819300174713135,,
2017-03-22,1014.2100219726562,,,,,,,3.893549919128418,,
2017-03-23,1028.9300537109375,,,,,,,3.922139883041382,,
2017-03-24,934.3579711914062,,,,,,,3.9384100437164307,,
2017-03-25,903.7130126953125,,,,,,,3.967439889907837,,
2017-03-26,954.1859741210938,,,,,,,4.027090072631836,,
2017-03-27,971.9840087890625,,,,,,,4.043580055236816,,
2017-03-28,1027.72998046875,,,,,,,4.060359954833984,,
2017-03-29,1015.8800048828125,,,,,,,4.093910217285156,,
2017-03-30,1020.0399780273438,,,,,,,4.145120143890381,,
2017-03-31,1026.6400146484375,,,,,,,5.8548197746276855,,
2017-04-01,1061.0899658203125,,,,,,,6.3110198974609375,,
2017-04-02,1075.449951171875,,,,,,,6.648819923400879,,
2017-04-03,1102.949951171875,,,,,,,7.242119789123535,,
2017-04-04,1120.52001953125,,,,,,,7.526430130004883,,
2017-04-05,1113.6300048828125,,,,,,,7.961209774017334,,
2017-04-06,1125.81005859375,,,,,,,9.66454029083252,,
2017-04-07,1163.3900146484375,,,,,,,9.190919876098633,,
2017-04-08,1162.5799560546875,,,,,,,9.331339836120605,,
2017-04-09,1171.8599853515625,,,,,,,8.427260398864746,,
2017-04-10,1179.0400390625,,,,,,,8.185079574584961,,
2017-04-11,1187.4599609375,,,,,,,8.663229942321777,,
2017-04-12,1196.760009765625,,,,,,,8.831009864807129,,
2017-04-13,1156.43994140625,,,,,,,9.931879997253418,,
2017-04-14,1159.7900390625,,,,,,,9.682680130004883,,
2017-04-15,1164.9599609375,,,,,,,10.19789981842041,,
2017-04-16,1172.6099853515625,,,,,,,10.66510009765625,,
2017-04-17,1172.6500244140625,,,,,,,10.387800216674805,,
2017-04-18,1193.77001953125,,,,,,,9.971209526062012,,
2017-04-19,1205.0799560546875,,,,,,,9.589019775390625,,
2017-04-20,1208.4100341796875,,,,,,,9.588919639587402,,
2017-04-21,1215.56005859375,,,,,,,10.162699699401855,,
2017-04-22,1208.469970703125,,,,,,,11.107399940490723,,
2017-04-23,1203.93994140625,,,,,,,12.953800201416016,,
2017-04-24,1209.6300048828125,,,,,,,13.331299781799316,,
2017-04-25,1249.969970703125,,,,,,,14.243599891662598,,
2017-04-26,1265.9300537109375,,,,,,,14.555800437927246,,
2017-04-27,1281.300048828125,,,,,,,13.474499702453613,,
2017-04-28,1292.3699951171875,,,,,,,14.05620002746582,,
2017-04-29,1315.2099609375,,,,,,,14.362000465393066,,
2017-04-30,1314.9200439453125,,,,,,,15.467599868774414,,
2017-05-01,1348.300048828125,,,,,,,14.875699996948242,,
2017-05-02,1415.68994140625,,,,,,,15.154399871826172,,
2017-05-03,1447.489990234375,,,,,,,15.667400360107422,,
2017-05-04,1490.719970703125,,,,,,,20.85569953918457,,
2017-05-05,1530.31005859375,,,,,,,23.41629981994629,,
2017-05-06,1542.5,,,,,,,25.486299514770508,,
2017-05-07,1559.760009765625,,,,,,,28.201499938964844,,
2017-05-08,1596.9200439453125,,,,,,,27.328399658203125,,
2017-05-09,1716.300048828125,,,,,,,24.489200592041016,,
2017-05-10,1719.0999755859375,,,,,,,31.216800689697266,,
2017-05-11,1755.3499755859375,,,,,,,28.028799057006836,,
2017-05-12,1694.010009765625,,,,,,,27.36949920654297,,
2017-05-13,1651.0799560546875,,,,,,,25.523099899291992,,
2017-05-14,1776.6199951171875,,,,,,,27.78860092163086,,
2017-05-15,1708.5400390625,,,,,,,25.186800003051758,,
2017-05-16,1686.5400390625,,,,,,,22.809999465942383,,
2017-05-17,1661.9100341796875,,,,,,,20.795400619506836,,
2017-05-18,1807.1199951171875,,,,,,,25.115299224853516,,
2017-05-19,1890.25,,,,,,,26.78019905090332,,
2017-05-20,1974.9200439453125,,,,,,,27.195100784301758,,
2017-05-21,2037.5,,,,,,,25.734399795532227,,
2017-05-22,2017.8699951171875,,,,,,,23.270999908447266,,
2017-05-23,2178.5,,,,,,,24.932899475097656,,
2017-05-24,2321.3701171875,,,,,,,31.711700439453125,,
2017-05-25,2285.300048828125,,,,,,,28.87380027770996,,
2017-05-26,2071.989990234375,,,,,,,22.556100845336914,,
2017-05-27,1855.8299560546875,,,,,,,20.097900390625,,
2017-05-28,2054.080078125,,,,,,,22.10849952697754,,
2017-05-29,2107.169921875,,,,,,,23.282699584960938,,
2017-05-30,2124.570068359375,,,,,,,24.030799865722656,,
2017-05-31,2145.570068359375,,,,,,,23.18429946899414,,
2017-06-01,2288.330078125,,,,,,,25.298200607299805,,
2017-06-02,2373.320068359375,,,,,,,27.743000030517578,,
2017-06-03,2423.570068359375,,,,,,,26.626100540161133,,
2017-06-04,2452.5400390625,,,,,,,26.945499420166016,,
2017-06-05,2510.219970703125,,,,,,,28.09000015258789,,
2017-06-06,2690.840087890625,,,,,,,29.25790023803711,,
2017-06-07,2700.56005859375,,,,,,,28.37420082092285,,
2017-06-08,2670.949951171875,,,,,,,27.8799991607666,,
2017-06-09,2795.6201171875,,,,,,,29.62339973449707,,
2017-06-10,2746.550048828125,,,,,,,29.66189956665039,,
2017-06-11,2840.530029296875,,,,,,,30.159500122070312,,
2017-06-12,2518.56005859375,,,,,,,27.802200317382812,,
2017-06-13,2650.3798828125,,,,,,,29.332000732421875,,
2017-06-14,2412.93994140625,,,,,,,29.3169002532959,,
2017-06-15,2212.9599609375,,,,,,,27.312700271606445,,
2017-06-16,2385.14990234375,,,,,,,29.55389976501465,,
2017-06-17,2484.9599609375,,,,,,,36.18389892578125,,
2017-06-18,2516.330078125,,,,,,,42.42580032348633,,
2017-06-19,2549.030029296875,,,,,,,44.987098693847656,,
2017-06-20,2589.820068359375,,,,,,,45.750301361083984,,
2017-06-21,2660.39990234375,,,,,,,44.21580123901367,,
2017-06-22,2642.360107421875,,,,,,,45.86989974975586,,
2017-06-23,2706.3701171875,,,,,,,47.27389907836914,,
2017-06-24,2583.18994140625,,,,,,,44.011600494384766,,
2017-06-25,2552.1201171875,,,,,,,43.054298400878906,,
2017-06-26,2376.2900390625,,,,,,,37.549598693847656,,
2017-06-27,2332.989990234375,,,,,,,36.199501037597656,,
2017-06-28,2484.419921875,,,,,,,39.17770004272461,,
2017-06-29,2510.47998046875,,,,,,,40.352901458740234,,
2017-06-30,2478.429931640625,,,,,,,40.17399978637695,,
2017-07-01,2419.22998046875,,,,,,,38.47159957885742,,
2017-07-02,2394.840087890625,,,,,,,37.80459976196289,,
2017-07-03,2480.469970703125,,,,,,,40.97060012817383,,
2017-07-04,2559.35009765625,,,,,,,46.562599182128906,,
2017-07-05,2538.550048828125,,,,,,,50.59600067138672,,
2017-07-06,2581.68994140625,,,,,,,50.1151008605957,,
2017-07-07,2498.8701171875,,,,,,,45.63249969482422,,
2017-07-08,2492.31005859375,,,,,,,44.670101165771484,,
2017-07-09,2517.590087890625,,,,,,,49.527000427246094,,
2017-07-10,2321.1298828125,,,,,,,44.73699951171875,,
2017-07-11,2296.81005859375,,,,,,,43.64509963989258,,
2017-07-12,2275.139892578125,,,,,,,44.06529998779297,,
2017-07-13,2340.830078125,,,,,,,45.38930130004883,,
2017-07-14,2183.219970703125,,,,,,,40.801998138427734,,
2017-07-15,1990.4100341796875,,,,,,,37.77859878540039,,
2017-07-16,1843.030029296875,,,,,,,36.38479995727539,,
2017-07-17,1932.6199951171875,,,,,,,40.172298431396484,,
2017-07-18,2164.77001953125,,,,,,,41.46730041503906,,
2017-07-19,2260.22998046875,,,,,,,40.56079864501953,,
2017-07-20,2269.889892578125,,,,,,,40.95539855957031,,
2017-07-21,2621.85009765625,,,,,,,44.52149963378906,,
2017-07-22,2657.7099609375,,,,,,,45.45289993286133,,
2017-07-23,2653.93994140625,,,,,,,42.93600082397461,,
2017-07-24,2699.18994140625,,,,,,,43.28770065307617,,
2017-07-25,2480.9599609375,,,,,,,41.067298889160156,,
2017-07-26,2450.800048828125,,,,,,,40.625701904296875,,
2017-07-27,2529.340087890625,,,,,,,41.38930130004883,,
2017-07-28,2679.72998046875,,,,,,,35.94150161743164,,
2017-07-29,2692.800048828125,,,,,,,38.74399948120117,,
2017-07-30,2644.85009765625,,,,,,,40.0620002746582,,
2017-07-31,2720.610107421875,,,,,,,38.94770050048828,,
2017-08-01,2685.610107421875,,,,,,,41.084999084472656,,
2017-08-02,2668.590087890625,,,,,,,42.06669998168945,,
2017-08-03,2685.139892578125,,,,,,,42.1328010559082,,
2017-08-04,2743.719970703125,,,,,,,42.82149887084961,,
2017-08-05,2874.830078125,,,,,,,43.47600173950195,,
2017-08-06,3155.60009765625,,,,,,,45.09859848022461,,
2017-08-07,3180.889892578125,,,,,,,45.12379837036133,,
2017-08-08,3345.830078125,,,,,,,45.79410171508789,,
2017-08-09,3247.669921875,,,,,,,47.16429901123047,,
2017-08-10,3319.469970703125,,,,,,,46.49980163574219,,
2017-08-11,3372.1201171875,,,,,,,46.40489959716797,,
2017-08-12,3613.699951171875,,,,,,,46.28580093383789,,
2017-08-13,3857.800048828125,,,,,,,44.32590103149414,,
2017-08-14,3989.159912109375,,,,,,,45.43119812011719,,
2017-08-15,3906.179931640625,,,,,,,42.2943000793457,,
2017-08-16,3994.419921875,,,,,,,42.5703010559082,,
2017-08-17,4243.7099609375,,,,,,,43.78419876098633,,
2017-08-18,4015.39990234375,,,,,,,43.59090042114258,,
2017-08-19,3970.550048828125,,,,,,,43.78200149536133,,
2017-08-20,4069.8798828125,,,,,,,44.75149917602539,,
2017-08-21,3988.60009765625,,,,,,,45.62139892578125,,
2017-08-22,3674.580078125,,,,,,,45.47639846801758,,
2017-08-23,4078.409912109375,,,,,,,46.48360061645508,,
2017-08-24,4130.259765625,,,,,,,50.18560028076172,,
2017-08-25,4307.35009765625,,,,,,,49.842098236083984,,
2017-08-26,4269.52001953125,,,,,,,50.45240020751953,,
2017-08-27,4317.2900390625,,,,,,,51.63850021362305,,
2017-08-28,4224.64013671875,,,,,,,59.86759948730469,,
2017-08-29,4352.1298828125,,,,,,,61.257301330566406,,
2017-08-30,4471.41015625,,,,,,,60.897300720214844,,
2017-08-31,4549.39990234375,,,,,,,64.04039764404297,,
2017-09-01,4678.52978515625,,,,,,,70.00540161132812,,
2017-09-02,4469.240234375,,,,,,,72.22650146484375,,
2017-09-03,4417.58984375,,,,,,,73.6084976196289,,
2017-09-04,4108.39990234375,,,,,,,61.24369812011719,,
2017-09-05,3998.110107421875,,,,,,,59.04999923706055,,
2017-09-06,4376.58984375,,,,,,,71.51390075683594,,
2017-09-07,4491.330078125,,,,,,,75.59089660644531,,
2017-09-08,4075.179931640625,,,,,,,63.829898834228516,,
2017-09-09,4114.10986328125,,,,,,,64.00910186767578,,
2017-09-10,3951.0400390625,,,,,,,57.06439971923828,,
2017-09-11,4099.39990234375,,,,,,,61.371498107910156,,
2017-09-12,4085.219970703125,,,,,,,63.86330032348633,,
2017-09-13,3789.919921875,,,,,,,58.93479919433594,,
2017-09-14,3153.860107421875,,,,,,,41.24850082397461,,
2017-09-15,2946.6201171875,,,,,,,32.03099822998047,,
2017-09-16,3487.7900390625,,,,,,,46.464900970458984,,
2017-09-17,3445.639892578125,,,,,,,45.12480163574219,,
2017-09-18,3591.090087890625,,,,,,,48.53020095825195,,
2017-09-19,3868.8701171875,,,,,,,51.04779815673828,,
2017-09-20,3857.72998046875,,,,,,,51.25130081176758,,
2017-09-21,3613.6298828125,,,,,,,45.66740036010742,,
2017-09-22,3553.530029296875,,,,,,,45.18899917602539,,
2017-09-23,3594.580078125,,,,,,,46.6870002746582,,
2017-09-24,3666.89990234375,,,,,,,47.51860046386719,,
2017-09-25,3681.580078125,,,,,,,47.57170104980469,,
2017-09-26,3869.89990234375,,,,,,,51.07699966430664,,
2017-09-27,3884.820068359375,,,,,,,51.57619857788086,,
2017-09-28,4109.7001953125,,,,,,,53.40810012817383,,
2017-09-29,4039.2900390625,,,,,,,50.418800354003906,,
2017-09-30,4160.85986328125,,,,,,,52.61909866333008,,
2017-10-01,4269.81005859375,,,,,,,53.62519836425781,,
2017-10-02,4377.4599609375,,,,,,,53.257999420166016,,
2017-10-03,4258.89013671875,,,,,,,51.58660125732422,,
2017-10-04,4210.419921875,,,,,,,50.83039855957031,,
2017-10-05,4164.0498046875,,,,,,,50.44049835205078,,
2017-10-06,4320.52978515625,,,,,,,51.53049850463867,,
2017-10-07,4321.0498046875,,,,,,,51.636199951171875,,
2017-10-08,4405.64013671875,,,,,,,52.25699996948242,,
2017-10-09,4564.25,,,,,,,48.47249984741211,,
2017-10-10,4765.10009765625,,,,,,,49.8572998046875,,
2017-10-11,4751.6298828125,,,,,,,50.31650161743164,,
2017-10-12,4822.0,,,,,,,50.871498107910156,,
2017-10-13,5436.85009765625,,,,,,,55.84090042114258,,
2017-10-14,5591.64013671875,,,,,,,58.60089874267578,,
2017-10-15,5478.60986328125,,,,,,,62.549400329589844,,
2017-10-16,5544.2099609375,,,,,,,62.69129943847656,,
2017-10-17,5472.72021484375,,,,,,,58.85390090942383,,
2017-10-18,5151.43994140625,,,,,,,53.793701171875,,
2017-10-19,5531.06005859375,,,,,,,58.708499908447266,,
2017-10-20,5627.22998046875,,,,,,,58.56340026855469,,
2017-10-21,5965.06982421875,,,,,,,56.83409881591797,,
2017-10-22,5792.33984375,,,,,,,56.43790054321289,,
2017-10-23,5732.47021484375,,,,,,,52.872398376464844,,
2017-10-24,5504.18017578125,,,,,,,53.294498443603516,,
2017-10-25,5397.8798828125,,,,,,,54.09400177001953,,
2017-10-26,5721.22021484375,,,,,,,55.277099609375,,
2017-10-27,5728.81982421875,,,,,,,55.154300689697266,,
2017-10-28,5689.18994140625,,,,,,,54.57320022583008,,
2017-10-29,5724.580078125,,,,,,,54.493499755859375,,
2017-10-30,6040.85009765625,,,,,,,56.235801696777344,,
2017-10-31,6103.330078125,,,,,,,55.71760177612305,,
2017-11-01,6377.8798828125,,,,,,,53.18080139160156,,
2017-11-02,6758.72021484375,,,,,,,50.85049819946289,,
2017-11-03,7002.93994140625,,,,,,,54.28390121459961,,
2017-11-04,7031.27978515625,,,,,,,54.9364013671875,,
2017-11-05,7333.18994140625,,,,,,,54.62810134887695,,
2017-11-06,7007.31005859375,,,,,,,53.945701599121094,,
2017-11-07,7023.10009765625,,,,,,,54.98529815673828,,
2017-11-08,7114.02001953125,,,,,,,60.790000915527344,,
2017-11-09,7101.52001953125,307.0559997558594,,0.21486599743366241,0.0011810000287368894,0.025005999952554703,0.19541099667549133,61.725799560546875,619.2579956054688,112.21900177001953
2017-11-10,6436.8701171875,294.5419921875,,0.2052599936723709,0.0011249999515712261,0.026450999081134796,0.1801609992980957,56.91320037841797,651.7750244140625,101.75700378417969
2017-11-11,6204.22021484375,298.1919860839844,,0.20545899868011475,0.0011409999569877982,0.025684000924229622,0.16602599620819092,59.2421989440918,910.7219848632812,103.87799835205078
2017-11-12,5519.009765625,298.51300048828125,,0.1953890025615692,0.0010019999463111162,0.02259100042283535,0.14594799280166626,57.41339874267578,1215.5799560546875,110.61799621582031
2017-11-13,5844.2900390625,307.0249938964844,,0.1974560022354126,0.0010189999593421817,0.02349499985575676,0.16874299943447113,58.84870147705078,1043.0,120.9219970703125
2017-11-14,6461.75,316.76300048828125,,0.20367899537086487,0.0011309999972581863,0.025342000648379326,0.1703999936580658,60.8661003112793,1211.3900146484375,118.6259994506836
2017-11-15,6634.759765625,329.81298828125,,0.20805799961090088,0.0011790000135079026,0.02526099979877472,0.1760299950838089,62.70880126953125,1191.97998046875,119.19200134277344
2017-11-16,7176.580078125,323.6059875488281,,0.20928700268268585,0.0012860000133514404,0.02565399929881096,0.16453100740909576,62.937400817871094,876.5709838867188,118.50499725341797
2017-11-17,7561.08984375,327.52301025390625,,0.2202730029821396,0.0012740000383928418,0.02518399991095066,0.15247699618339539,65.78179931640625,863.97900390625,119.25
2017-11-18,7463.43994140625,327.68701171875,,0.22239899635314941,0.0012540000025182962,0.024747999384999275,0.15070199966430664,65.71410369873047,1197.4300537109375,123.52899932861328
2017-11-19,7694.10009765625,344.739990234375,,0.22603699564933777,0.001339999958872795,0.02558100037276745,0.15741600096225739,68.60420227050781,1144.0799560546875,127.20800018310547
2017-11-20,7949.35986328125,353.28900146484375,,0.23091700673103333,0.001348000019788742,0.027612000703811646,0.15667200088500977,70.79299926757812,1167.280029296875,128.48500061035156
2017-11-21,7762.7099609375,350.6929931640625,,0.2272000014781952,0.0013020000187680125,0.027403999119997025,0.1537960022687912,68.1093978881836,1140.8800048828125,131.3719940185547
2017-11-22,8075.47021484375,360.1470031738281,,0.2323170006275177,0.0013729999773204327,0.027891000732779503,0.1503179967403412,70.18219757080078,1171.5999755859375,141.13699340820312
2017-11-23,8038.77001953125,376.0880126953125,,0.23730400204658508,0.0018189999973401427,0.02744399942457676,0.15708500146865845,70.90280151367188,1299.949951171875,156.45399475097656
2017-11-24,7940.93017578125,402.75799560546875,,0.2384209930896759,0.001787999994121492,0.026962999254465103,0.15592700242996216,72.81230163574219,1575.760009765625,156.76100158691406
2017-11-25,8191.14990234375,461.0530090332031,,0.24358400702476501,0.0018769999733194709,0.027746999636292458,0.1745939999818802,77.52230072021484,1535.77001953125,159.9949951171875
2017-11-26,8775.58984375,451.6059875488281,,0.24858899414539337,0.001879999996162951,0.030117999762296677,0.17001700401306152,84.01730346679688,1563.3499755859375,159.76300048828125
2017-11-27,9352.7197265625,468.4849853515625,,0.24786099791526794,0.0018909999635070562,0.036619000136852264,0.1719069927930832,85.88970184326172,1607.7900390625,159.947998046875
2017-11-28,9736.2998046875,466.34698486328125,,0.25341498851776123,0.0019490000559017062,0.04794900119304657,0.17558600008487701,90.33979797363281,1543.0799560546875,173.17300415039062
2017-11-29,9601.0302734375,425.0710144042969,,0.23940899968147278,0.001993000041693449,0.08143600076436996,0.13796299695968628,81.76809692382812,1332.1400146484375,165.33099365234375
2017-11-30,9202.0498046875,401.2430114746094,,0.22958600521087646,0.0018899999558925629,0.094930000603199,0.1421629935503006,78.07540130615234,1222.0999755859375,156.531005859375
2017-12-01,9694.650390625,428.31201171875,,0.239437997341156,0.0019710001070052385,0.11303099989891052,0.16126999258995056,83.73829650878906,1300.4599609375,169.76300048828125
2017-12-02,10905.099609375,456.65301513671875,,0.25075599551200867,0.0020169999916106462,0.1291320025920868,0.16736100614070892,98.31590270996094,1415.489990234375,186.6840057373047
2017-12-03,10862.0,451.85198974609375,,0.2473910003900528,0.002070999937132001,0.12494499981403351,0.19360700249671936,98.10160064697266,1420.5999755859375,191.2480010986328
2017-12-04,11081.7998046875,453.31201171875,,0.24716000258922577,0.0021780000533908606,0.12635000050067902,0.20679299533367157,96.53250122070312,1498.97998046875,192.04200744628906
2017-12-05,11604.599609375,457.6600036621094,,0.24523399770259857,0.002426000079140067,0.12677699327468872,0.2213509976863861,101.83999633789062,1498.0,208.8939971923828
2017-12-06,11923.400390625,420.2099914550781,,0.227742001414299,0.0024399999529123306,0.11388599872589111,0.26784199476242065,97.314697265625,1396.1600341796875,260.6109924316406
2017-12-07,14057.2998046875,414.4110107421875,,0.22134000062942505,0.002515000058338046,0.10550100356340408,0.23580700159072876,92.27169799804688,1323.75,263.1730041503906
2017-12-08,14336.900390625,422.36700439453125,,0.2221679985523224,0.002326000016182661,0.09913600236177444,0.21182399988174438,95.39600372314453,1247.9300537109375,250.64999389648438
2017-12-09,13674.900390625,456.25299072265625,,0.24007299542427063,0.0024250000715255737,0.1135609969496727,0.2264149934053421,126.58799743652344,1353.9000244140625,250.38800048828125
2017-12-10,13226.599609375,429.5140075683594,,0.2293040007352829,0.0023070001043379307,0.1001330018043518,0.21590900421142578,130.16099548339844,1226.2099609375,220.7689971923828
2017-12-11,15404.7998046875,439.10400390625,,0.2358040064573288,0.0025339999701827765,0.10863800346851349,0.2455269992351532,147.34100341796875,1316.8499755859375,244.14300537109375
2017-12-12,16571.599609375,504.4939880371094,,0.2509610056877136,0.0026650000363588333,0.11422199755907059,0.20959599316120148,209.6820068359375,1427.3800048828125,281.18798828125
2017-12-13,16039.7001953125,597.7979736328125,,0.3429639935493469,0.003218000056222081,0.12236800044775009,0.22419099509716034,287.4830017089844,1497.93994140625,284.7439880371094
2017-12-14,16185.900390625,664.989013671875,,0.46640101075172424,0.003418999956920743,0.13184300065040588,0.25310200452804565,265.6570129394531,1593.1500244140625,301.39599609375
2017-12-15,16601.30078125,621.0609741210938,,0.6661139726638794,0.0034829999785870314,0.18703199923038483,0.2582240104675293,251.2239990234375,1678.06005859375,296.0780029296875
2017-12-16,17515.30078125,680.7860107421875,,0.7416669726371765,0.0036379999946802855,0.20423300564289093,0.29300498962402344,290.1340026855469,1769.5,311.71099853515625
2017-12-17,18974.099609375,696.2369995117188,,0.7199289798736572,0.00558600015938282,0.378013014793396,0.3399060070514679,301.78399658203125,1806.6500244140625,327.2720031738281
2017-12-18,18355.900390625,689.2310180664062,,0.6893230080604553,0.005621999967843294,0.46740299463272095,0.3627830147743225,302.0039978027344,1799.1199951171875,332.0920104980469
2017-12-19,17275.400390625,785.3419799804688,,0.7567239999771118,0.005475999787449837,0.5010830163955688,0.4151279926300049,335.67498779296875,2160.919921875,346.9419860839844
2017-12-20,16077.7001953125,756.0040283203125,,0.7309529781341553,0.004891999997198582,0.44162100553512573,0.35275599360466003,308.62701416015625,2825.030029296875,329.95001220703125
2017-12-21,15342.7001953125,792.6890258789062,,0.7825149893760681,0.0065830000676214695,0.4565269947052002,0.3688110113143921,299.52899169921875,3038.010009765625,390.5509948730469
2017-12-22,11833.0,543.7620239257812,,0.7410129904747009,0.004741999786347151,0.29364100098609924,0.283609002828598,187.4770050048828,1938.3599853515625,255.66799926757812
2017-12-23,13828.7998046875,679.7310180664062,,1.0761100053787231,0.00610999995842576,0.3925670087337494,0.4392719864845276,261.6369934082031,2684.820068359375,344.3810119628906
2017-12-24,12747.7001953125,614.9219970703125,,0.9112259745597839,0.0059739998541772366,0.34703901410102844,0.4438300132751465,251.03799438476562,2573.43994140625,297.0929870605469
2017-12-25,13448.900390625,698.8699951171875,,1.003559947013855,0.008581999689340591,0.3628070056438446,0.48899000883102417,269.572998046875,2755.60009765625,323.2040100097656
2017-12-26,14028.900390625,760.9349975585938,,1.0906200408935547,0.008173000067472458,0.40560799837112427,0.4359540045261383,272.2619934082031,2915.800048828125,357.27301025390625
2017-12-27,15114.2998046875,738.4130249023438,,1.1823400259017944,0.008514000102877617,0.40109801292419434,0.46053600311279297,264.4230041503906,2771.050048828125,381.3030090332031
2017-12-28,13937.2998046875,701.18701171875,,1.2586499452590942,0.007716999854892492,0.3678869903087616,0.436506986618042,231.3769989013672,2481.300048828125,359.4930114746094
2017-12-29,14307.0,729.6079711914062,,1.436579942703247,0.008155000396072865,0.4039449989795685,0.46116000413894653,238.33299255371094,2389.0400390625,358.0710144042969
2017-12-30,12350.099609375,685.2310180664062,,2.035170078277588,0.007387999910861254,0.47155600786209106,0.43333300948143005,208.19700622558594,2329.469970703125,319.6090087890625
2017-12-31,12755.599609375,710.1190185546875,,1.870300054550171,0.007668999955058098,0.6422970294952393,0.5245159864425659,213.81100463867188,2350.030029296875,327.4129943847656
2018-01-01,13154.7001953125,742.0040283203125,,2.148969888687134,0.00810100045055151,0.6719409823417664,0.5742179751396179,222.2030029296875,2389.52001953125,336.9779968261719
2018-01-02,13163.599609375,772.3460083007812,,2.2479300498962402,0.00855099968612194,0.6978560090065002,0.5857149958610535,228.99000549316406,2434.5,359.05999755859375
2018-01-03,14844.5,868.4509887695312,,2.443150043487549,0.008882000111043453,0.778577983379364,0.629135012626648,243.13499450683594,2592.56005859375,378.85699462890625
2018-01-04,14522.2001953125,946.0859985351562,,3.117340087890625,0.008767999708652496,1.0376499891281128,0.6800940036773682,227.01300048828125,2359.300048828125,383.5400085449219
2018-01-05,15202.7998046875,956.3250122070312,,2.8256099224090576,0.009588999673724174,0.9035030007362366,0.8516690135002136,237.8800048828125,2370.590087890625,373.8919982910156
2018-01-06,16764.599609375,994.6220092773438,,2.989919900894165,0.012226000428199768,0.9291830062866211,0.9384620189666748,249.4149932861328,2481.360107421875,380.2139892578125
2018-01-07,16087.7001953125,1043.010009765625,,3.083820104598999,0.01457700040191412,0.9913910031318665,1.0080499649047852,281.927001953125,2730.31005859375,453.3909912109375
2018-01-08,14208.2001953125,1016.0499877929688,,2.0655200481414795,0.013764999806880951,0.7643280029296875,1.0529199838638306,237.6649932861328,2275.070068359375,357.5409851074219
2018-01-09,14424.0,1145.489990234375,,1.9806599617004395,0.013015000149607658,0.7961770296096802,1.1837300062179565,240.1840057373047,2346.679931640625,398.531005859375
2018-01-10,13691.2001953125,1226.5999755859375,,1.6951899528503418,0.011485000140964985,0.6768350005149841,1.092960000038147,233.85899353027344,2332.47998046875,370.5199890136719
2018-01-11,13105.900390625,1135.1700439453125,,1.6152700185775757,0.010986999608576298,0.5724999904632568,0.9721909761428833,223.0030059814453,2396.840087890625,346.6940002441406
2018-01-12,13158.099609375,1120.0899658203125,,1.8672900199890137,0.011164999566972256,0.6599670052528381,0.9895489811897278,224.8209991455078,2413.330078125,347.322998046875
2018-01-13,13952.400390625,1270.469970703125,,1.9820200204849243,0.012477999553084373,0.8364859819412231,1.049090027809143,236.8820037841797,2589.030029296875,393.0400085449219
2018-01-14,13268.0,1286.2099609375,,1.8118400573730469,0.01134399976581335,0.7495139837265015,0.9410849809646606,234.27200317382812,2490.0400390625,384.30499267578125
2018-01-15,13641.7001953125,1290.5999755859375,,1.6652899980545044,0.009847999550402164,0.777413010597229,0.8484219908714294,232.7740020751953,2328.31005859375,392.37200927734375
2018-01-16,10194.900390625,875.5449829101562,,0.9093130230903625,0.005671999882906675,0.47994399070739746,0.5247560143470764,152.29299926757812,1555.969970703125,261.197998046875
2018-01-17,9402.2900390625,780.9219970703125,,0.8977969884872437,0.005499000195413828,0.4406200051307678,0.4793210029602051,141.0070037841797,1361.02001953125,240.35699462890625
2018-01-18,10942.5,967.7589721679688,,1.2560499906539917,0.007195000071078539,0.5915279984474182,0.691332995891571,176.8300018310547,1696.25,303.3500061035156
2018-01-19,11172.099609375,1003.7100219726562,,1.5013400316238403,0.007466999813914299,0.6159359812736511,0.7031310200691223,186.93800354003906,1723.8699951171875,309.53900146484375
2018-01-20,11656.2001953125,1044.949951171875,,1.5027400255203247,0.00795700028538704,0.6476439833641052,0.8054990172386169,194.3780059814453,1780.449951171875,358.77099609375
2018-01-21,11288.2001953125,1021.5,,1.3430299758911133,0.006982999853789806,0.5907930135726929,0.840487003326416,184.63600158691406,1733.989990234375,336.0119934082031
2018-01-22,10240.2001953125,930.7410278320312,,1.1630799770355225,0.006318000145256519,0.5218889713287354,0.7348430156707764,166.88299560546875,1525.5,288.7860107421875
2018-01-23,10129.7001953125,920.5399780273438,,1.204259991645813,0.006227999925613403,0.5200129747390747,0.7186539769172668,165.7259979248047,1504.719970703125,285.614013671875
2018-01-24,10639.7998046875,965.8079833984375,,1.3078399896621704,0.006473000161349773,0.5447530150413513,0.7669609785079956,173.718994140625,1575.4200439453125,299.4570007324219
2018-01-25,11057.400390625,1034.739990234375,,1.292870044708252,0.007124000228941441,0.6215599775314331,0.7206889986991882,176.3489990234375,1611.0400390625,306.5899963378906
2018-01-26,10470.2998046875,996.7839965820312,,1.1349999904632568,0.006794999819248915,0.5662180185317993,0.6784229874610901,167.08399963378906,1500.3699951171875,292.48199462890625
2018-01-27,10989.2001953125,1042.1199951171875,,1.1894400119781494,0.0071680000983178616,0.5952690243721008,0.6897050142288208,174.87899780273438,1567.780029296875,310.44500732421875
2018-01-28,11475.2998046875,1111.780029296875,,1.223889946937561,0.007337000221014023,0.6205599904060364,0.7519980072975159,181.42100524902344,1636.4100341796875,322.96099853515625
2018-01-29,11179.2001953125,1169.0799560546875,,1.2991299629211426,0.006862999871373177,0.6207600235939026,0.6859250068664551,179.23199462890625,1638.3299560546875,314.04901123046875
2018-01-30,10036.2001953125,1058.969970703125,,1.1311299800872803,0.005942000076174736,0.5234180092811584,0.5627750158309937,163.03399658203125,1468.1700439453125,268.67999267578125
2018-01-31,9777.419921875,1034.5,,1.0366100072860718,0.005752000026404858,0.4713369905948639,0.5658130049705505,157.64500427246094,1406.25,265.28399658203125
2018-02-01,8812.2802734375,984.8189697265625,,0.9303780198097229,0.004790999926626682,0.4120450019836426,0.480307012796402,131.54800415039062,1214.8800048828125,228.38699340820312
2018-02-02,7796.490234375,757.97998046875,,0.6351850032806396,0.0033100000582635403,0.2747339904308319,0.3519499897956848,105.34600067138672,980.7760009765625,184.93899536132812
2018-02-03,8251.6298828125,847.6900024414062,,0.7616350054740906,0.0041589997708797455,0.33081498742103577,0.4534029960632324,121.16600036621094,1072.8299560546875,215.60299682617188
2018-02-04,8031.22021484375,805.0640258789062,,0.7968209981918335,0.004176000133156776,0.36982300877571106,0.4034869968891144,139.69400024414062,1101.31005859375,214.78599548339844
2018-02-05,6756.68017578125,644.5989990234375,,0.6758270263671875,0.0033760000951588154,0.3196460008621216,0.3072449862957001,118.14700317382812,839.9520263671875,167.13699340820312
2018-02-06,6048.259765625,574.4190063476562,,0.5883600115776062,0.0030360000673681498,0.26652300357818604,0.2720569968223572,106.94400024414062,764.0180053710938,149.41099548339844
2018-02-07,7236.7900390625,723.4329833984375,,0.7069500088691711,0.00393400015309453,0.33250701427459717,0.3731279969215393,131.5240020751953,902.4929809570312,191.85699462890625
2018-02-08,7637.85986328125,755.843017578125,,0.7226110100746155,0.004263000097125769,0.3368220031261444,0.37552401423454285,138.33599853515625,951.5670166015625,207.77499389648438
2018-02-09,7884.7099609375,788.833984375,,0.7715399861335754,0.00431300001218915,0.3429110050201416,0.391975998878479,142.58599853515625,1206.3900146484375,233.43499755859375
2018-02-10,8295.4697265625,825.5770263671875,,0.94725102186203,0.0047439998015761375,0.3853679895401001,0.40016600489616394,149.1439971923828,1215.719970703125,243.91299438476562
2018-02-11,7931.10009765625,788.2219848632812,,0.9297670125961304,0.004606000147759914,0.3636240065097809,0.37831300497055054,142.61099243164062,1197.8699951171875,219.22799682617188
2018-02-12,8141.43017578125,817.5079956054688,,1.006500005722046,0.004964000079780817,0.37259501218795776,0.41461899876594543,150.10400390625,1222.4300537109375,229.86700439453125
2018-02-13,8455.41015625,828.8369750976562,,1.0147099494934082,0.0052709998562932014,0.3599199950695038,0.48252400755882263,153.51100158691406,1205.72998046875,230.02499389648438
2018-02-14,8599.919921875,844.2789916992188,,1.0212899446487427,0.005630000028759241,0.3703930079936981,0.5324339866638184,159.57899475097656,1229.1800537109375,234.33700561523438
2018-02-15,9395.580078125,911.1110229492188,,1.1114699840545654,0.006713999900966883,0.38993701338768005,0.5297470092773438,211.1739959716797,1330.1800537109375,269.3240051269531
2018-02-16,9824.8203125,917.8480224609375,,1.1126099824905396,0.006529000122100115,0.3926759958267212,0.55765700340271,212.32899475097656,1369.6800537109375,280.22198486328125
2018-02-17,10149.400390625,940.7540283203125,,1.1325199604034424,0.006852999795228243,0.4010559916496277,0.6365460157394409,225.60299682617188,1517.1400146484375,293.13299560546875
2018-02-18,10326.0,915.4450073242188,,1.0933599472045898,0.0063299997709691525,0.3807869851589203,0.5871490240097046,214.45799255371094,1428.489990234375,294.4159851074219
2018-02-19,10513.2001953125,921.5540161132812,,1.1209700107574463,0.006341000087559223,0.38622400164604187,0.7105000019073486,215.3769989013672,1483.3399658203125,297.64599609375
2018-02-20,11231.7998046875,892.9539794921875,,1.08364999294281,0.006399000063538551,0.3775390088558197,0.6981959939002991,222.5070037841797,1414.3499755859375,303.78900146484375
2018-02-21,10479.099609375,830.56298828125,,0.9988809823989868,0.00634900014847517,0.36339399218559265,0.6236810088157654,208.9250030517578,1293.469970703125,287.72198486328125
2018-02-22,9939.08984375,802.6680297851562,,0.9224579930305481,0.006082000210881233,0.3305180072784424,0.5842729806900024,191.80999755859375,1194.050048828125,279.8039855957031
2018-02-23,9734.5595703125,794.791015625,,0.898285984992981,0.006037999875843525,0.3228110074996948,0.5722249746322632,184.07000732421875,1161.4200439453125,269.3489990234375
2018-02-24,9546.9697265625,818.5499877929688,,0.9294559955596924,0.006130999885499477,0.3160640001296997,0.6184980273246765,197.88400268554688,1149.47998046875,265.2309875488281
2018-02-25,9407.0595703125,822.3809814453125,,0.915278971195221,0.00599699979647994,0.3144110143184662,0.636775016784668,202.36500549316406,1143.0699462890625,266.260009765625
2018-02-26,9501.73046875,842.3189697265625,,0.9134029746055603,0.005962000228464603,0.32221001386642456,0.6417570114135742,218.73599243164062,1149.43994140625,271.4739990234375
2018-02-27,10246.099609375,867.0969848632812,,0.9449769854545593,0.0062699997797608376,0.33097100257873535,0.6766549944877625,215.84100341796875,1231.989990234375,288.239990234375
2018-02-28,10393.099609375,855.1240234375,,0.9037870168685913,0.006006000097841024,0.3125630021095276,0.6610519886016846,202.70599365234375,1204.1600341796875,285.5790100097656
2018-03-01,10352.7001953125,851.9199829101562,,0.8906300067901611,0.0059449998661875725,0.28839200735092163,0.649848997592926,201.54200744628906,1195.030029296875,284.2279968261719
2018-03-02,10850.099609375,852.4219970703125,,0.9022859930992126,0.005446999799460173,0.288875013589859,0.6466190218925476,204.8800048828125,1255.3699951171875,310.8169860839844
2018-03-03,11002.400390625,855.2069702148438,,0.9036039710044861,0.005181000102311373,0.29250699281692505,0.6153370141983032,209.53700256347656,1257.760009765625,344.1990051269531
2018-03-04,11136.099609375,840.280029296875,,0.8956180214881897,0.005164000205695629,0.28619301319122314,0.5746300220489502,205.36399841308594,1225.0999755859375,338.7539978027344
2018-03-05,11443.900390625,853.52001953125,,0.9561160206794739,0.005156999919563532,0.29105499386787415,0.5763729810714722,209.24899291992188,1268.030029296875,355.99200439453125
2018-03-06,10694.2998046875,809.9310302734375,,0.9168630242347717,0.004557999782264233,0.2839930057525635,0.5290830135345459,193.15699768066406,1179.8499755859375,342.46600341796875
2018-03-07,9692.1201171875,726.5469970703125,,0.8248950242996216,0.004011000040918589,0.23625600337982178,0.45562100410461426,175.64700317382812,1043.699951171875,320.8529968261719
2018-03-08,9335.8701171875,696.1690063476562,,0.8253870010375977,0.0038950000889599323,0.22113099694252014,0.4613710045814514,176.1739959716797,1006.8599853515625,276.9519958496094
2018-03-09,8513.0302734375,648.1069946289062,,0.7514849901199341,0.0036180000752210617,0.19180400669574738,0.43148499727249146,160.42599487304688,937.9669799804688,243.5070037841797
2018-03-10,8828.4697265625,682.6950073242188,,0.7937359809875488,0.003949999809265137,0.20885899662971497,0.4660539925098419,176.53599548339844,994.1900024414062,255.8070068359375
2018-03-11,8607.1201171875,668.1229858398438,,0.7757369875907898,0.0038429999258369207,0.19815300405025482,0.4468660056591034,172.47000122070312,973.35498046875,248.41200256347656
2018-03-12,8956.4296875,683.2680053710938,,0.7878819704055786,0.0038350000977516174,0.21965399384498596,0.4962399899959564,175.875,1022.030029296875,251.82699584960938
2018-03-13,8958.1904296875,682.3499755859375,,0.7784709930419922,0.0038789999671280384,0.2154020071029663,0.5047709941864014,172.2570037841797,999.7520141601562,246.19000244140625
2018-03-14,8068.58984375,594.0999755859375,,0.676010012626648,0.0034229999873787165,0.19600500166416168,0.4317770004272461,158.6300048828125,924.406005859375,208.28799438476562
2018-03-15,7783.0498046875,579.5050048828125,,0.6438450217247009,0.003266999963670969,0.17248499393463135,0.3960930109024048,151.47900390625,877.1019897460938,198.72799682617188
2018-03-16,8005.31005859375,587.8619995117188,,0.6744629740715027,0.0034409998916089535,0.17505699396133423,0.41601499915122986,158.99099731445312,902.7760009765625,203.90499877929688
2018-03-17,7812.81982421875,549.0960083007812,,0.626708984375,0.003249000059440732,0.15313200652599335,0.36673399806022644,151.05799865722656,930.4400024414062,193.8990020751953
2018-03-18,7397.990234375,460.0880126953125,,0.5488150119781494,0.00279000005684793,0.12704600393772125,0.2841840088367462,138.01800537109375,851.6129760742188,175.07899475097656
2018-03-19,8182.39990234375,519.1229858398438,,0.6400120258331299,0.003143999958410859,0.15693500638008118,0.3531990051269531,151.66299438476562,915.5139770507812,202.375
2018-03-20,8389.8896484375,521.2039794921875,,0.6734269857406616,0.003387999953702092,0.180294007062912,0.3610590100288391,156.81500244140625,958.5130004882812,206.96400451660156
2018-03-21,8846.330078125,550.572021484375,,0.6791620254516602,0.0036059999838471413,0.201447993516922,0.3900600075721741,166.61500549316406,1016.3699951171875,215.28500366210938
2018-03-22,8564.900390625,523.0889892578125,,0.6367409825325012,0.00344299990683794,0.19213199615478516,0.39070799946784973,161.11300659179688,992.5549926757812,204.90199279785156
2018-03-23,8360.6201171875,512.1270141601562,,0.6252580285072327,0.003341000061482191,0.18142400681972504,0.37922000885009766,157.26300048828125,966.39697265625,199.1719970703125
2018-03-24,8665.7001953125,526.0800170898438,,0.6405159831047058,0.0035099999513477087,0.18301700055599213,0.4019179940223694,159.63099670410156,982.302978515625,208.70199584960938
2018-03-25,8449.099609375,515.6589965820312,,0.6319010257720947,0.0034630000591278076,0.18170000612735748,0.39378800988197327,157.52000427246094,965.5180053710938,203.02000427246094
2018-03-26,7921.43017578125,470.44000244140625,,0.5859220027923584,0.003140999935567379,0.1611279994249344,0.34695398807525635,143.1230010986328,887.0020141601562,188.5489959716797
2018-03-27,7797.27978515625,449.97100830078125,,0.5651320219039917,0.0031079999171197414,0.15016399323940277,0.3372049927711487,135.7790069580078,876.3280029296875,184.5800018310547
2018-03-28,7809.169921875,444.8609924316406,,0.5728279948234558,0.0031139999628067017,0.15446500480175018,0.3363400101661682,131.03399658203125,852.8820190429688,186.31700134277344
2018-03-29,7081.3798828125,385.81298828125,,0.5115110278129578,0.0027580000460147858,0.1457120031118393,0.2756490111351013,113.93399810791016,703.1799926757812,174.64100646972656
2018-03-30,6683.93017578125,368.63299560546875,,0.48436200618743896,0.002647999906912446,0.13631699979305267,0.2687450051307678,110.25700378417969,677.5280151367188,162.98899841308594
2018-03-31,6863.52001953125,392.9530029296875,,0.5051670074462891,0.0026990000624209642,0.1448570042848587,0.27854299545288086,116.18399810791016,683.9910278320312,171.53599548339844
2018-04-01,6526.8701171875,363.80499267578125,,0.46622300148010254,0.0025949999690055847,0.14134299755096436,0.24456700682640076,110.52300262451172,629.9329833984375,165.2519989013672
2018-04-02,6816.580078125,377.5929870605469,,0.4785960018634796,0.002704000100493431,0.14858999848365784,0.25988200306892395,114.71900177001953,641.427978515625,175.05599975585938
2018-04-03,7072.490234375,383.5320129394531,,0.4996579885482788,0.0027799999807029963,0.15525400638580322,0.26995399594306946,118.58399963378906,660.344970703125,177.56700134277344
2018-04-04,6803.8798828125,375.30999755859375,,0.4984869956970215,0.0027169999666512012,0.1536259949207306,0.26906099915504456,116.58300018310547,638.0089721679688,169.10000610351562
2018-04-05,6644.7998046875,369.8160095214844,,0.4844900071620941,0.0026539999525994062,0.14374199509620667,0.2723810076713562,114.46800231933594,620.10302734375,164.80099487304688
2018-04-06,6575.0,366.9110107421875,,0.46561500430107117,0.0026140001136809587,0.14182999730110168,0.27079901099205017,112.78700256347656,603.7050170898438,161.9239959716797
2018-04-07,6630.509765625,369.9360046386719,,0.474575012922287,0.002669000066816807,0.14382900297641754,0.2750129997730255,113.09500122070312,610.4110107421875,162.26699829101562
2018-04-08,6919.97998046875,385.60198974609375,,0.4875909984111786,0.0027860000263899565,0.148825004696846,0.3002530038356781,115.9469985961914,640.8920288085938,169.2989959716797
2018-04-09,6661.990234375,390.6099853515625,,0.482573002576828,0.002724000019952655,0.14747799932956696,0.3000989854335785,113.32499694824219,627.3170166015625,164.26400756835938
2018-04-10,6704.14990234375,393.8789978027344,,0.4828389883041382,0.002739999908953905,0.1493159979581833,0.31307899951934814,112.51799774169922,628.8610229492188,164.39999389648438
2018-04-11,6817.58984375,412.47100830078125,,0.4890260100364685,0.0030129998922348022,0.15407900512218475,0.3526020050048828,113.33000183105469,648.8980102539062,164.52699279785156
2018-04-12,6806.509765625,417.4129943847656,,0.506542980670929,0.0032550001051276922,0.16452999413013458,0.3397510051727295,113.5510025024414,658.9299926757812,166.30299377441406
2018-04-13,7758.93017578125,482.65899658203125,,0.6058160066604614,0.0037499999161809683,0.19656699895858765,0.3743650019168854,124.05599975585938,725.3980102539062,186.77499389648438
2018-04-14,7846.0,488.27899169921875,,0.6163070201873779,0.003924000076949596,0.19470800459384918,0.37496399879455566,124.76699829101562,723.219970703125,188.14999389648438
2018-04-15,7999.330078125,502.8800048828125,,0.6341429948806763,0.004135000053793192,0.19993999600410461,0.3945150077342987,126.66899871826172,741.906982421875,190.91299438476562
2018-04-16,7925.72998046875,500.25,,0.6386100053787231,0.004391000140458345,0.2118079960346222,0.3958530128002167,125.23799896240234,745.7310180664062,189.36199951171875
2018-04-17,7881.72021484375,502.5639953613281,,0.6543459892272949,0.004515000153332949,0.2427709996700287,0.40759798884391785,128.7100067138672,755.3809814453125,193.45399475097656
2018-04-18,7886.009765625,503.0450134277344,,0.6570519804954529,0.0047079999931156635,0.24273400008678436,0.4180920124053955,132.3769989013672,757.3920288085938,195.83299255371094
2018-04-19,8138.77978515625,523.2620239257812,,0.706840991973877,0.005319999996572733,0.2608180046081543,0.44575899839401245,138.95799255371094,878.4450073242188,225.98399353027344
2018-04-20,8244.5400390625,560.2830200195312,,0.7911720275878906,0.005698000080883503,0.26969701051712036,0.4632200002670288,143.843994140625,947.8829956054688,238.50799560546875
2018-04-21,8652.150390625,578.5499877929688,,0.8211129903793335,0.005193999968469143,0.2726840078830719,0.4375630021095276,142.17799377441406,1028.030029296875,240.0449981689453
2018-04-22,8779.6103515625,593.8690185546875,,0.8480910062789917,0.00532800005748868,0.28076499700546265,0.48489901423454285,145.31399536132812,1116.27001953125,250.23800659179688
2018-04-23,8788.8095703125,621.0349731445312,,0.8633040189743042,0.005400000140070915,0.2835580110549927,0.49107998609542847,146.6699981689453,1194.7099609375,270.8080139160156
2018-04-24,8927.830078125,643.3980102539062,,0.8735659718513489,0.005481999833136797,0.2873310148715973,0.49222201108932495,152.5749969482422,1414.1099853515625,280.2430114746094
2018-04-25,8799.83984375,600.2119750976562,,0.7792310118675232,0.004947000183165073,0.26516398787498474,0.4205169975757599,142.59300231933594,1246.6099853515625,249.1479949951172
2018-04-26,8727.08984375,604.0070190429688,,0.7717869877815247,0.004896000027656555,0.2598649859428406,0.42705801129341125,142.64300537109375,1250.8599853515625,250.2100067138672
2018-04-27,8987.0498046875,647.031982421875,,0.813884973526001,0.005295999813824892,0.28778600692749023,0.452004998922348,145.90499877929688,1337.8499755859375,251.87600708007812
2018-04-28,8931.990234375,644.64599609375,,0.8120629787445068,0.005313999950885773,0.2871299982070923,0.44889000058174133,145.74200439453125,1334.27001953125,251.5469970703125
2018-04-29,9193.7099609375,670.5130004882812,,0.8344799876213074,0.005222000181674957,0.3475080132484436,0.4840390086174011,148.89700317382812,1378.010009765625,244.05499267578125
2018-04-30,9166.8095703125,666.1170043945312,,0.8312079906463623,0.005135999992489815,0.33662500977516174,0.5016239881515503,147.87100219726562,1339.3599853515625,239.08299255371094
2018-05-01,8891.0498046875,637.5399780273438,,0.7978259921073914,0.004898999817669392,0.32370099425315857,0.5136020183563232,143.93899536132812,1261.5999755859375,229.56300354003906
2018-05-02,9015.1396484375,667.4199829101562,,0.8317130208015442,0.0050409999676048756,0.34932398796081543,0.5422670245170593,146.98399353027344,1326.9100341796875,238.843994140625
2018-05-03,9188.150390625,686.5910034179688,,0.8473190069198608,0.005212000105530024,0.3687889873981476,0.553803026676178,151.01199340820312,1454.969970703125,242.95399475097656
2018-05-04,9585.9599609375,762.6320190429688,,0.8669220209121704,0.005204999819397926,0.3508419990539551,0.5456820130348206,157.93699645996094,1466.2099609375,238.8979949951172
2018-05-05,9695.1201171875,784.2369995117188,,0.8955619931221008,0.005026000086218119,0.36096200346946716,0.5685809850692749,168.35000610351562,1515.0699462890625,239.7239990234375
2018-05-06,9465.25,764.8829956054688,,0.8559719920158386,0.004724999889731407,0.3414669930934906,0.5157150030136108,166.1750030517578,1670.3399658203125,232.60499572753906
2018-05-07,9231.5302734375,710.177978515625,,0.8129330277442932,0.004631999880075455,0.3235059976577759,0.5172460079193115,158.92999267578125,1590.300048828125,222.7519989013672
2018-05-08,9127.76953125,728.1290283203125,,0.8035680055618286,0.004792000167071819,0.3230710029602051,0.5504720211029053,158.1580047607422,1569.43994140625,220.2259979248047
2018-05-09,9031.6201171875,718.4719848632812,,0.7702999711036682,0.004652000032365322,0.30445799231529236,0.5187399983406067,152.59800720214844,1484.2900390625,216.9669952392578
2018-05-10,9040.51953125,726.6640014648438,,0.7573419809341431,0.004530999809503555,0.2963170111179352,0.5260810256004333,149.33700561523438,1523.56005859375,218.21200561523438
2018-05-11,8394.4599609375,669.8250122070312,,0.6560260057449341,0.0039969999343156815,0.2481369972229004,0.46332401037216187,134.7259979248047,1332.5799560546875,197.6529998779297
2018-05-12,8223.5,644.0659790039062,,0.6397709846496582,0.003918000031262636,0.24127799272537231,0.43591201305389404,132.58799743652344,1284.43994140625,192.05999755859375
2018-05-13,8395.1201171875,675.3189697265625,,0.6809710264205933,0.003965000156313181,0.2643609941005707,0.46199798583984375,137.65499877929688,1427.0899658203125,202.05099487304688
2018-05-14,8367.9697265625,695.7919921875,,0.7076929807662964,0.004219000227749348,0.26108598709106445,0.4671519994735718,136.07200622558594,1353.7900390625,197.3300018310547
2018-05-15,8456.4501953125,700.9949951171875,,0.6926670074462891,0.004418000113219023,0.2576969861984253,0.5027599930763245,138.57000732421875,1323.31005859375,203.04100036621094
2018-05-16,8175.490234375,682.541015625,,0.6694380044937134,0.004259999841451645,0.24371999502182007,0.47394999861717224,135.27699279785156,1241.989990234375,193.21099853515625
2018-05-17,8054.1201171875,668.833984375,,0.6612129807472229,0.004172999877482653,0.24219399690628052,0.439750999212265,131.95199584960938,1185.989990234375,192.9239959716797
2018-05-18,7974.81982421875,663.8090209960938,,0.6533899903297424,0.003754999954253435,0.23478099703788757,0.4310329854488373,129.7030029296875,1143.1199951171875,187.2449951171875
2018-05-19,8183.35009765625,686.791015625,,0.6658959984779358,0.004004999995231628,0.2389339953660965,0.4468570053577423,133.87100219726562,1159.6600341796875,197.19700622558594
2018-05-20,8205.240234375,692.6690063476562,,0.6733480095863342,0.003907000180333853,0.24097399413585663,0.44730401039123535,133.79400634765625,1174.969970703125,196.59800720214844
2018-05-21,8365.1201171875,692.4940185546875,,0.6762030124664307,0.0039470000192523,0.2471340000629425,0.42235898971557617,133.9340057373047,1221.5699462890625,194.9149932861328
2018-05-22,8004.580078125,644.0260009765625,,0.6445879936218262,0.003823000006377697,0.22340799868106842,0.3759379982948303,128.33200073242188,1131.9300537109375,176.2729949951172
2018-05-23,7507.8798828125,572.9520263671875,,0.5869969725608826,0.003435000078752637,0.19879800081253052,0.3252210021018982,117.3499984741211,978.2650146484375,166.3280029296875
2018-05-24,7331.14013671875,557.2059936523438,,0.5892720222473145,0.0032480000518262386,0.19310900568962097,0.32701998949050903,115.88999938964844,958.8159790039062,160.8520050048828
2018-05-25,7392.64990234375,575.6240234375,,0.6033340096473694,0.0033760000951588154,0.19731999933719635,0.33758801221847534,117.82099914550781,998.5170288085938,162.91799926757812
2018-05-26,7349.1201171875,583.5120239257812,,0.6037999987602234,0.003459000028669834,0.1958950012922287,0.3410860002040863,117.86799621582031,1001.1799926757812,162.98699951171875
2018-05-27,7270.9599609375,562.8660278320312,,0.6033279895782471,0.003401000052690506,0.1923220008611679,0.33932700753211975,116.98600006103516,982.27197265625,161.1739959716797
2018-05-28,7100.89013671875,512.552001953125,,0.5522990226745605,0.003218000056222081,0.174002006649971,0.31237998604774475,111.47599792480469,884.052001953125,149.74000549316406
2018-05-29,7090.68017578125,516.1480102539062,,0.5516350269317627,0.0031679999083280563,0.17415300011634827,0.3075689971446991,110.90299987792969,880.885009765625,147.9250030517578
2018-05-30,7313.60009765625,545.4310302734375,,0.5900580286979675,0.0033229999244213104,0.2011840045452118,0.33225899934768677,116.01699829101562,954.8889770507812,152.86500549316406
2018-05-31,7361.1298828125,557.0659790039062,,0.5960890054702759,0.003317000111564994,0.20620499551296234,0.33181700110435486,116.63800048828125,975.4019775390625,154.3070068359375
2018-06-01,7407.33984375,567.6649780273438,,0.6090689897537231,0.0033360000234097242,0.2169550061225891,0.34014999866485596,117.11599731445312,979.8259887695312,152.8679962158203
2018-06-02,7497.259765625,577.322021484375,,0.6194769740104675,0.0034000000450760126,0.21924200654029846,0.34643998742103577,118.95500183105469,996.5889892578125,156.24899291992188
2018-06-03,7613.0400390625,591.2589721679688,,0.6408910155296326,0.003544999985024333,0.2251179963350296,0.3602510094642639,122.36599731445312,1074.8199462890625,162.66000366210938
2018-06-04,7474.0400390625,583.7470092773438,,0.6446030139923096,0.0035119999665766954,0.21229000389575958,0.33066698908805847,118.72799682617188,1086.8499755859375,157.843994140625
2018-06-05,7397.0,580.9819946289062,,0.6414279937744141,0.003513999981805682,0.20481500029563904,0.32120999693870544,116.44200134277344,1064.719970703125,157.4409942626953
2018-06-06,7502.009765625,596.39599609375,,0.6600589752197266,0.0035729999653995037,0.21070800721645355,0.323186993598938,118.55599975585938,1107.2099609375,162.07699584960938
2018-06-07,7650.81982421875,601.6929931640625,,0.6731460094451904,0.0037070000544190407,0.20957300066947937,0.3029870092868805,119.62100219726562,1133.3399658203125,163.05999755859375
2018-06-08,7558.39990234375,595.593017578125,,0.6608039736747742,0.0036329999566078186,0.20263400673866272,0.29353100061416626,118.70500183105469,1096.9100341796875,157.20700073242188
2018-06-09,7531.97998046875,597.56201171875,,0.6597549915313721,0.0035929998848587275,0.20209099352359772,0.29037201404571533,117.74099731445312,1092.1300048828125,154.95599365234375
2018-06-10,6709.06982421875,511.8890075683594,,0.5612369775772095,0.0031510000117123127,0.1711290031671524,0.23818400502204895,104.08200073242188,909.6069946289062,132.093994140625
2018-06-11,6706.6298828125,515.2689819335938,,0.5687209963798523,0.003102000104263425,0.16789300739765167,0.24132299423217773,104.1240005493164,906.0089721679688,132.83099365234375
2018-06-12,6542.080078125,491.2349853515625,,0.5566530227661133,0.003074999898672104,0.1627880036830902,0.2259960025548935,99.37460327148438,862.4509887695312,121.14700317382812
2018-06-13,6285.6298828125,459.0039978027344,,0.5170360207557678,0.0027779999654740095,0.15120400488376617,0.20062600076198578,91.28849792480469,818.6199951171875,113.62200164794922
2018-06-14,6334.4599609375,467.46600341796875,,0.5266140103340149,0.002810999983921647,0.15536899864673615,0.2134619951248169,93.61160278320312,832.8770141601562,118.8479995727539
2018-06-15,6433.8701171875,487.468994140625,,0.5343009829521179,0.002836999949067831,0.16192899644374847,0.222244992852211,95.59950256347656,843.0830078125,122.7760009765625
2018-06-16,6402.2900390625,488.85101318359375,,0.5235880017280579,0.002828999888151884,0.15985600650310516,0.20928500592708588,93.97059631347656,839.3350219726562,121.68299865722656
2018-06-17,6499.27001953125,498.64801025390625,,0.5252150297164917,0.0028729999903589487,0.1610269993543625,0.21093200147151947,95.53299713134766,849.219970703125,123.30500030517578
2018-06-18,6446.68017578125,494.0660095214844,,0.5118330121040344,0.002830999903380871,0.1567080020904541,0.20377899706363678,93.91000366210938,830.2949829101562,120.4209976196289
2018-06-19,6709.919921875,516.31201171875,,0.5345950126647949,0.0029559999238699675,0.16211700439453125,0.20910300314426422,97.39830017089844,878.4840087890625,124.76499938964844
2018-06-20,6611.8798828125,519.3690185546875,,0.525858998298645,0.0029440000653266907,0.15679700672626495,0.2115119993686676,95.96710205078125,866.0640258789062,119.91500091552734
2018-06-21,6715.169921875,524.2589721679688,,0.5306969881057739,0.002968000015243888,0.15755100548267365,0.21216100454330444,96.36489868164062,869.1409912109375,121.4540023803711
2018-06-22,6006.60009765625,456.87701416015625,,0.4772860109806061,0.0026000000070780516,0.13742899894714355,0.17681799829006195,81.3958969116211,735.4140014648438,107.45700073242188
2018-06-23,6071.81005859375,462.39300537109375,,0.4808740019798279,0.002584999892860651,0.13485200703144073,0.18434399366378784,81.64299774169922,742.3319702148438,109.97899627685547
2018-06-24,5826.41015625,426.468994140625,,0.4500479996204376,0.002331000054255128,0.12196200340986252,0.16989800333976746,74.28810119628906,676.9429931640625,109.01300048828125
2018-06-25,6119.68017578125,448.89599609375,,0.4755600094795227,0.002392000053077936,0.1285559982061386,0.17855800688266754,79.02050018310547,739.0390014648438,120.96199798583984
2018-06-26,6093.669921875,432.7720031738281,,0.45600101351737976,0.002457000082358718,0.12609900534152985,0.1706250011920929,76.85369873046875,700.2589721679688,120.73300170898438
2018-06-27,6052.85009765625,424.8389892578125,,0.4519599974155426,0.0023350000847131014,0.12392500042915344,0.16574600338935852,75.86299896240234,691.3880004882812,119.697998046875
2018-06-28,5873.0498046875,419.6830139160156,,0.44574999809265137,0.0023330000694841146,0.11849799752235413,0.16462799906730652,74.43920135498047,651.2119750976562,114.87200164794922
2018-06-29,5835.75,407.9469909667969,,0.4273020029067993,0.0022929999977350235,0.11467400193214417,0.16213500499725342,73.17269897460938,652.81298828125,115.48300170898438
2018-06-30,6214.22021484375,436.2090148925781,,0.4541119933128357,0.0024210000410676003,0.12603600323200226,0.1809850037097931,78.94660186767578,717.0419921875,126.69300079345703
2018-07-01,6289.2900390625,446.385009765625,,0.45081600546836853,0.0024560000747442245,0.13386599719524384,0.21482199430465698,78.36109924316406,719.7620239257812,126.12000274658203
2018-07-02,6305.7001953125,447.1109924316406,,0.4538390040397644,0.002429000101983547,0.13863900303840637,0.2126139998435974,78.68820190429688,724.3200073242188,128.343994140625
2018-07-03,6447.75,462.5820007324219,,0.4808430075645447,0.0026179999113082886,0.14946100115776062,0.23510299623012543,84.73490142822266,754.8150024414062,137.0019989013672
2018-07-04,6450.4599609375,455.18499755859375,,0.47577399015426636,0.0025869999080896378,0.14688299596309662,0.23049399256706238,84.02140045166016,742.9340209960938,137.21499633789062
2018-07-05,6546.64990234375,464.6289978027344,,0.4729659855365753,0.002578000072389841,0.14510400593280792,0.21522900462150574,82.54190063476562,725.1209716796875,134.8679962158203
2018-07-06,6533.5498046875,457.614990234375,,0.4624139964580536,0.0025510000996291637,0.13947300612926483,0.21581600606441498,81.32140350341797,705.1069946289062,131.25
2018-07-07,6579.240234375,466.83599853515625,,0.4677160084247589,0.0025470000691711903,0.13890400528907776,0.23016299307346344,80.7020034790039,715.2940063476562,130.72500610351562
2018-07-08,6747.97998046875,488.4169921875,,0.4759660065174103,0.0025730000343173742,0.14476199448108673,0.2395160049200058,82.18199920654297,745.8209838867188,134.48599243164062
2018-07-09,6724.33984375,475.17498779296875,,0.47265300154685974,0.0025949999690055847,0.13994799554347992,0.23484399914741516,80.74800109863281,731.3489990234375,135.48399353027344
2018-07-10,6320.72021484375,433.9599914550781,,0.4432609975337982,0.002242000075057149,0.12879200279712677,0.20792900025844574,75.38349914550781,688.6290283203125,121.41899871826172
2018-07-11,6330.47021484375,429.5069885253906,,0.4435740113258362,0.0023529999889433384,0.12646600604057312,0.20257100462913513,76.07430267333984,688.8690185546875,121.51799774169922
2018-07-12,6136.419921875,422.80999755859375,,0.4280329942703247,0.0022440000902861357,0.12315399944782257,0.19326700270175934,75.31060028076172,669.52099609375,118.13899993896484
2018-07-13,6192.240234375,430.7409973144531,,0.4348050057888031,0.0022070000413805246,0.12602700293064117,0.19986599683761597,76.10759735107422,686.6480102539062,120.65699768066406
2018-07-14,6212.22021484375,431.4739990234375,,0.4338949918746948,0.0021869998890906572,0.13385100662708282,0.19278700649738312,76.17849731445312,690.6859741210938,121.052001953125
2018-07-15,6256.509765625,433.9209899902344,,0.43719398975372314,0.002319999970495701,0.13527700304985046,0.18920600414276123,76.0155029296875,698.7559814453125,121.66899871826172
2018-07-16,6357.009765625,446.7980041503906,,0.4445050060749054,0.002366000087931752,0.14097799360752106,0.19250300526618958,78.21479797363281,718.9450073242188,122.94300079345703
2018-07-17,6684.169921875,468.9150085449219,,0.4700480103492737,0.0028009999077767134,0.1503790020942688,0.21847599744796753,82.99949645996094,784.9210205078125,134.99099731445312
2018-07-18,7280.47021484375,474.3590087890625,,0.47723400592803955,0.003189000068232417,0.1702989935874939,0.22991499304771423,86.02780151367188,814.5889892578125,138.11599731445312
2018-07-19,7295.4599609375,465.1419982910156,,0.4717240035533905,0.0034809999633580446,0.17231200635433197,0.225723996758461,85.78849792480469,808.72802734375,138.5469970703125
2018-07-20,7323.259765625,443.6929931640625,,0.4364829957485199,0.0032939999364316463,0.16164399683475494,0.21210399270057678,82.42109680175781,765.1790161132812,128.82000732421875
2018-07-21,7262.41015625,445.7760009765625,,0.43831801414489746,0.003217000048607588,0.1557289958000183,0.19905699789524078,80.67120361328125,750.7169799804688,127.5790023803711
2018-07-22,7383.81982421875,458.1189880371094,,0.4491400122642517,0.003278000047430396,0.1630609929561615,0.20098699629306793,82.87190246582031,781.2999877929688,127.9800033569336
2018-07-23,7409.10009765625,449.7279968261719,,0.4444980025291443,0.003418999956920743,0.16402800381183624,0.196369007229805,82.31410217285156,783.5239868164062,128.54400634765625
2018-07-24,7705.5,450.56500244140625,,0.4385649859905243,0.003389999968931079,0.16127899289131165,0.1838890016078949,81.93199920654297,778.6510009765625,132.4980010986328
2018-07-25,8086.35986328125,466.4739990234375,,0.4507189989089966,0.0033130000811070204,0.1668200045824051,0.19773800671100616,85.41130065917969,822.5070190429688,138.41400146484375
2018-07-26,7878.7099609375,461.42401123046875,,0.44684898853302,0.0033539999276399612,0.16249699890613556,0.24326199293136597,83.1865005493164,795.7429809570312,135.95700073242188
2018-07-27,7839.759765625,458.2909851074219,,0.44522398710250854,0.0032840000931173563,0.15666000545024872,0.24619199335575104,82.04399871826172,785.5889892578125,135.0570068359375
2018-07-28,8110.77001953125,462.989013671875,,0.44969499111175537,0.0033889999613165855,0.1600240021944046,0.253915011882782,82.83110046386719,803.7319946289062,138.46200561523438
2018-07-29,8141.18017578125,462.7120056152344,,0.45024898648262024,0.003286000108346343,0.16041900217533112,0.27692198753356934,83.38459777832031,813.7949829101562,134.63099670410156
2018-07-30,7917.5,448.6409912109375,,0.4369640052318573,0.003031000029295683,0.14927999675273895,0.2889559864997864,80.60040283203125,790.1220092773438,128.9459991455078
2018-07-31,7696.93017578125,430.4440002441406,,0.4277530014514923,0.0028570001013576984,0.1407729983329773,0.2646310031414032,76.8104019165039,766.3369750976562,121.39900207519531
2018-08-01,7504.9501953125,410.4639892578125,,0.42716801166534424,0.0028280001133680344,0.13718000054359436,0.26952001452445984,76.40149688720703,740.322998046875,119.94400024414062
2018-08-02,7523.43994140625,410.3089904785156,,0.42993900179862976,0.0029269999358803034,0.13046899437904358,0.2882019877433777,75.61470031738281,726.9240112304688,121.08499908447266
2018-08-03,7328.64990234375,399.9100036621094,,0.4264810085296631,0.0028460000175982714,0.12454500049352646,0.2745879888534546,74.4655990600586,704.5859985351562,115.447998046875
2018-08-04,6984.06982421875,403.7760009765625,,0.4271250069141388,0.002736999886110425,0.1254120022058487,0.2490209937095642,72.76300048828125,691.5780029296875,113.45899963378906
2018-08-05,6940.7001953125,402.4320068359375,,0.4275220036506653,0.002733000088483095,0.12551699578762054,0.24206499755382538,72.6895980834961,687.8619995117188,111.98799896240234
2018-08-06,6890.5400390625,403.31500244140625,,0.40667998790740967,0.002739999908953905,0.1281609982252121,0.2337300032377243,72.79029846191406,684.4400024414062,112.68399810791016
2018-08-07,6748.240234375,376.0769958496094,,0.3795259892940521,0.0026599999982863665,0.12460099905729294,0.23213200271129608,68.12779998779297,653.7839965820312,108.03900146484375
2018-08-08,6226.22021484375,353.7340087890625,,0.32699599862098694,0.0023960000835359097,0.112636998295784,0.22003300487995148,62.138301849365234,575.6439819335938,93.40160369873047
2018-08-09,6249.06982421875,353.614013671875,,0.33260801434516907,0.002380999969318509,0.11450699716806412,0.22818200290203094,61.296199798583984,581.3330078125,94.72149658203125
2018-08-10,6124.52001953125,329.58599853515625,,0.31690898537635803,0.002365000080317259,0.1137470006942749,0.2696569859981537,58.86309814453125,564.9520263671875,90.82039642333984
2018-08-11,6109.02978515625,308.4880065917969,,0.29158198833465576,0.0023449999280273914,0.10919500142335892,0.23695899546146393,55.672698974609375,548.4760131835938,88.09020233154297
2018-08-12,6237.5,318.60198974609375,,0.29705700278282166,0.002360000042244792,0.1116579994559288,0.26143500208854675,57.95669937133789,561.093994140625,92.15450286865234
2018-08-13,6225.72021484375,284.9339904785156,,0.2765440046787262,0.0022849999368190765,0.10269799828529358,0.25929200649261475,56.305999755859375,529.0440063476562,88.13150024414062
2018-08-14,5971.0498046875,254.64999389648438,,0.2539829909801483,0.0021430000197142363,0.08695100247859955,0.2266869992017746,51.15850067138672,481.4330139160156,79.23809814453125
2018-08-15,6221.419921875,280.1189880371094,,0.27679699659347534,0.0022479998879134655,0.09466499835252762,0.2549709975719452,54.300498962402344,508.1440124511719,84.58709716796875
2018-08-16,6276.41015625,280.9280090332031,,0.27820301055908203,0.0022269999608397484,0.09319800138473511,0.25169798731803894,54.510501861572266,506.8389892578125,88.9520034790039
2018-08-17,6324.97021484375,287.34600830078125,,0.2927660048007965,0.0022849999368190765,0.09517200291156769,0.26739901304244995,55.19300079345703,516.219970703125,90.8290023803711
2018-08-18,6353.72998046875,286.5509948730469,,0.31711500883102417,0.002368000103160739,0.0974849984049797,0.2609739899635315,55.80289840698242,541.052001953125,95.10469818115234
2018-08-19,6361.5498046875,291.3320007324219,,0.3219450116157532,0.002366000087931752,0.09811999648809433,0.2748520076274872,56.54330062866211,544.9660034179688,94.99649810791016
2018-08-20,6297.93017578125,273.510986328125,,0.31769201159477234,0.002360000042244792,0.0936179980635643,0.2855449914932251,53.97840118408203,513.1199951171875,93.37480163574219
2018-08-21,6298.240234375,273.33099365234375,,0.31698301434516907,0.0023620000574737787,0.09191899746656418,0.28613099455833435,53.77159881591797,514.0640258789062,92.25029754638672
2018-08-22,6310.10986328125,264.99798583984375,,0.31661298871040344,0.002311999909579754,0.08808799833059311,0.3039650022983551,54.37839889526367,512.1129760742188,88.3313980102539
2018-08-23,6371.33984375,271.0899963378906,,0.31917598843574524,0.0023129999171942472,0.08916500210762024,0.3027360141277313,54.39350128173828,515.9019775390625,88.89969635009766
2018-08-24,6498.64013671875,273.8599853515625,,0.318217009305954,0.0023539999965578318,0.09094800055027008,0.31411299109458923,55.9536018371582,522.8480224609375,88.62920379638672
2018-08-25,6700.9599609375,278.47100830078125,,0.3244679868221283,0.002355000004172325,0.09234999865293503,0.3197669982910156,57.3650016784668,529.7340087890625,92.0989990234375
2018-08-26,6620.75,272.4440002441406,,0.32057100534439087,0.0022879999596625566,0.0914049968123436,0.3060080111026764,56.238399505615234,516.5809936523438,91.30000305175781
2018-08-27,6689.7099609375,273.6499938964844,,0.32306599617004395,0.0023870000150054693,0.09252200275659561,0.32346099615097046,56.92789840698242,520.0919799804688,93.54779815673828
2018-08-28,6882.33984375,283.5719909667969,,0.33497101068496704,0.0024510000366717577,0.10003200173377991,0.3258630037307739,59.62300109863281,541.2349853515625,102.59300231933594
2018-08-29,6970.81982421875,287.2869873046875,,0.34123799204826355,0.0025160000659525394,0.10218600183725357,0.3087100088596344,60.73849868774414,548.468017578125,101.34400177001953
2018-08-30,6834.68994140625,275.21099853515625,,0.325641006231308,0.002595999976620078,0.09728600084781647,0.2910360097885132,58.9192008972168,527.9180297851562,97.16709899902344
2018-08-31,6920.16015625,278.51300048828125,,0.328372985124588,0.0032130000181496143,0.09925500303506851,0.29824501276016235,59.32490158081055,535.5989990234375,102.98200225830078
2018-09-01,7038.0498046875,283.4960021972656,,0.33446699380874634,0.004337000194936991,0.10187699645757675,0.3192540109157562,61.738800048828125,542.2579956054688,115.58399963378906
2018-09-02,7132.16015625,290.9259948730469,,0.3383930027484894,0.004548000171780586,0.10251100361347198,0.3008140027523041,64.32980346679688,601.9400024414062,116.66899871826172
2018-09-03,7208.14990234375,287.4320068359375,,0.33454200625419617,0.004985000006854534,0.10252899676561356,0.294636994600296,64.32160186767578,622.2329711914062,119.26499938964844
2018-09-04,7255.43994140625,284.2550048828125,,0.3303050100803375,0.005055000074207783,0.10338500142097473,0.29288700222969055,65.22760009765625,622.7239990234375,134.85899353027344
2018-09-05,6792.830078125,232.33099365234375,,0.28360098600387573,0.004809000063687563,0.08756899833679199,0.26558399200439453,58.43769836425781,530.22998046875,115.06400299072266
2018-09-06,6404.72021484375,218.1230010986328,,0.27611199021339417,0.004664999898523092,0.08313000202178955,0.24526500701904297,54.90959930419922,495.06500244140625,108.8219985961914
2018-09-07,6396.8701171875,217.0749969482422,,0.28728699684143066,0.0049959998577833176,0.08345600217580795,0.2582550048828125,55.51169967651367,496.1419982910156,110.96499633789062
2018-09-08,6197.52001953125,193.25900268554688,,0.2737889885902405,0.005297999829053879,0.07750499993562698,0.2378620058298111,52.58420181274414,468.7969970703125,102.16799926757812
2018-09-09,6201.22021484375,188.30599975585938,,0.2744779884815216,0.0057020001113414764,0.0750259980559349,0.23426100611686707,52.717201232910156,466.302001953125,101.45700073242188
2018-09-10,6292.759765625,189.58399963378906,,0.26381999254226685,0.005840000230818987,0.07220900058746338,0.2395859956741333,53.49620056152344,463.8089904785156,104.46299743652344
2018-09-11,6260.2099609375,180.5959930419922,,0.2559170126914978,0.0059529999271035194,0.06714499741792679,0.2399590015411377,51.075801849365234,433.1610107421875,102.17500305175781
2018-09-12,6265.08984375,170.2570037841797,,0.2557559907436371,0.006192999891936779,0.0617079995572567,0.24754999577999115,47.66749954223633,414.4649963378906,97.57579803466797
2018-09-13,6354.240234375,183.6790008544922,,0.2678459882736206,0.006409999914467335,0.06571699678897858,0.25376999378204346,51.76029968261719,433.5379943847656,104.5979995727539
2018-09-14,6456.169921875,204.87100219726562,,0.2738550007343292,0.006095000077039003,0.06610699743032455,0.26180601119995117,53.316001892089844,443.87200927734375,109.85199737548828
2018-09-15,6493.5498046875,209.6060028076172,,0.27676498889923096,0.006134000141173601,0.06779800355434418,0.2652229964733124,56.17530059814453,446.4070129394531,116.375
2018-09-16,6460.10009765625,211.1179962158203,,0.27654901146888733,0.006140999961644411,0.06661999970674515,0.2609330117702484,55.05889892578125,431.4419860839844,113.78299713134766
2018-09-17,6257.52001953125,195.30799865722656,,0.26818400621414185,0.006155999843031168,0.06341499835252762,0.2611280083656311,51.84960174560547,413.03900146484375,107.19300079345703
2018-09-18,6265.7099609375,195.9340057373047,,0.27101001143455505,0.005789000075310469,0.06259900331497192,0.2661620080471039,50.9995002746582,414.5379943847656,104.58200073242188
2018-09-19,6208.33984375,201.656005859375,,0.313852995634079,0.00535999983549118,0.06741300225257874,0.28534600138664246,52.25559997558594,414.2770080566406,106.06300354003906
2018-09-20,6395.9501953125,207.78900146484375,,0.3223469853401184,0.0056050000712275505,0.07151400297880173,0.3263689875602722,53.639801025390625,424.6629943847656,109.53099822998047
2018-09-21,6496.35986328125,221.56700134277344,,0.4290519952774048,0.005553000140935183,0.08122999966144562,0.33894801139831543,56.46229934692383,449.38299560546875,115.76899719238281
2018-09-22,6616.7998046875,233.80999755859375,,0.4957369863986969,0.0056039998307824135,0.08032599836587906,0.3234289884567261,57.74470138549805,468.3290100097656,118.00299835205078
2018-09-23,6679.419921875,237.85699462890625,,0.5596510171890259,0.005735999904572964,0.08289399743080139,0.3328529894351959,59.99509811401367,478.0679931640625,120.8219985961914
2018-09-24,6580.89990234375,227.49000549316406,,0.48964598774909973,0.005659000016748905,0.08231399953365326,0.33071398735046387,57.3047981262207,459.5880126953125,115.13099670410156
2018-09-25,6381.85986328125,206.49000549316406,,0.44151899218559265,0.00558699993416667,0.07537800073623657,0.3170650005340576,54.73759841918945,428.906005859375,111.9280014038086
2018-09-26,6397.89013671875,209.11300659179688,,0.4914979934692383,0.005661999806761742,0.07717200368642807,0.3166249990463257,56.701698303222656,434.3500061035156,113.2030029296875
2018-09-27,6464.9501953125,212.6540069580078,,0.513966977596283,0.0056929998099803925,0.07842099666595459,0.3320930004119873,56.92390060424805,514.7670288085938,113.8759994506836
2018-09-28,6598.31982421875,218.66900634765625,,0.5221970081329346,0.0057830000296235085,0.08204499632120132,0.3274739980697632,60.807899475097656,533.43798828125,115.89800262451172
2018-09-29,6511.64990234375,216.0780029296875,,0.5299540162086487,0.005764999892562628,0.08170799911022186,0.3254550099372864,59.491600036621094,514.2630004882812,112.45999908447266
2018-09-30,6566.5400390625,228.44500732421875,,0.5641949772834778,0.0058280001394450665,0.0834209993481636,0.32058200240135193,60.14970016479492,520.6069946289062,114.0790023803711
2018-10-01,6549.080078125,226.94500732421875,,0.5373489856719971,0.005880999844521284,0.08263599872589111,0.3232179880142212,59.7400016784668,522.3179931640625,113.11100006103516
2018-10-02,6537.89990234375,225.83799743652344,,0.5182870030403137,0.005789000075310469,0.0823879987001419,0.3188590109348297,59.410701751708984,527.9219970703125,112.80999755859375
2018-10-03,6454.02978515625,213.9709930419922,,0.5122690200805664,0.005654999986290932,0.07917500287294388,0.30599701404571533,57.07659912109375,508.7340087890625,112.11199951171875
2018-10-04,6497.91015625,220.08999633789062,,0.5262500047683716,0.005576000083237886,0.08053400367498398,0.3106510043144226,57.44490051269531,510.5920104980469,113.45500183105469
2018-10-05,6557.41015625,220.95700073242188,,0.5103200078010559,0.005625000223517418,0.08068999648094177,0.317891001701355,57.67369842529297,510.62799072265625,113.62000274658203
2018-10-06,6577.7998046875,224.24600219726562,,0.47053200006484985,0.005483000073581934,0.08098500221967697,0.3343009948730469,57.2666015625,502.5400085449219,113.40699768066406
2018-10-07,6557.0400390625,222.99600219726562,,0.46988698840141296,0.005512000061571598,0.08074100315570831,0.33334600925445557,57.20819854736328,506.6520080566406,112.62899780273438
2018-10-08,6576.0400390625,224.5570068359375,,0.47938600182533264,0.005549999885261059,0.08319800347089767,0.3348740041255951,57.481998443603516,517.3270263671875,112.72000122070312
2018-10-09,6606.93994140625,226.4010009765625,,0.47111600637435913,0.0055740000680089,0.08446100354194641,0.33011001348495483,58.21179962158203,513.1229858398438,112.84500122070312
2018-10-10,6538.9599609375,224.4949951171875,,0.4590420126914978,0.005530999973416328,0.08354199677705765,0.3321309983730316,57.42570114135742,507.8269958496094,111.02799987792969
2018-10-11,6243.740234375,189.2830047607422,,0.38161399960517883,0.004900999832898378,0.07002600282430649,0.30113399028778076,50.9911994934082,431.85101318359375,100.38400268554688
2018-10-12,6236.47021484375,188.70700073242188,,0.3789139986038208,0.00495699979364872,0.0698390007019043,0.3018989861011505,50.87459945678711,429.3869934082031,99.68309783935547
2018-10-13,6259.81005859375,196.36399841308594,,0.4145149886608124,0.005162999965250492,0.0724710002541542,0.3115119934082031,53.21419906616211,442.6619873046875,100.6780014038086
2018-10-14,6280.14990234375,195.2429962158203,,0.4014599919319153,0.0051449998281896114,0.07071500271558762,0.3161030113697052,52.03229904174805,438.60198974609375,100.81400299072266
2018-10-15,6258.68017578125,194.15899658203125,,0.39670100808143616,0.005123999901115894,0.06977300345897675,0.32210400700569153,51.91490173339844,433.8190002441406,99.30850219726562
2018-10-16,6571.3701171875,207.98399353027344,,0.4453189969062805,0.004966000095009804,0.07439199835062027,0.3364500105381012,53.67369842529297,454.5989990234375,105.91600036621094
2018-10-17,6517.4501953125,205.92799377441406,,0.46034300327301025,0.0044929999858140945,0.07510200142860413,0.35059401392936707,53.08530044555664,446.2900085449219,104.68900299072266
2018-10-18,6450.0400390625,201.7429962158203,,0.4472939968109131,0.004335999954491854,0.07425999641418457,0.36622101068496704,52.12910079956055,432.92498779296875,102.08200073242188
2018-10-19,6445.31005859375,201.843994140625,,0.4503690004348755,0.004273000173270702,0.07442700117826462,0.3569819927215576,52.23749923706055,433.3840026855469,102.62899780273438
2018-10-20,6449.0,203.0850067138672,,0.45107001066207886,0.004443000070750713,0.07520200312137604,0.35851600766181946,52.79669952392578,438.45001220703125,103.36000061035156
2018-10-21,6476.0,204.62100219726562,,0.45541098713874817,0.0045090001076459885,0.07560200244188309,0.3661530017852783,52.71269989013672,445.7699890136719,103.43299865722656
2018-10-22,6462.97998046875,203.3769989013672,,0.45058301091194153,0.004356999881565571,0.07514499872922897,0.3551490008831024,52.01279830932617,443.5979919433594,104.04900360107422
2018-10-23,6451.27001953125,201.91099548339844,,0.4396440088748932,0.004135999828577042,0.07307200133800507,0.3903999924659729,51.94020080566406,438.25,105.4739990234375
2018-10-24,6468.85986328125,203.35400390625,,0.45449700951576233,0.0038590000476688147,0.07415000349283218,0.40797799825668335,52.2864990234375,440.64898681640625,106.55899810791016
2018-10-25,6447.02978515625,201.822998046875,,0.4526810050010681,0.00367600005120039,0.0731630027294159,0.39830899238586426,52.06010055541992,439.14801025390625,105.09100341796875
2018-10-26,6449.60986328125,201.55099487304688,,0.45361799001693726,0.003703000023961067,0.07267899811267853,0.4142419993877411,51.7317008972168,436.1499938964844,104.78199768066406
2018-10-27,6453.52978515625,203.12600708007812,,0.4552839994430542,0.004011000040918589,0.0728679969906807,0.42050299048423767,51.77479934692383,435.8340148925781,103.7750015258789
2018-10-28,6447.91015625,203.5229949951172,,0.4554559886455536,0.0040350002236664295,0.07236099988222122,0.42900198698043823,51.48469924926758,436.0870056152344,102.1240005493164
2018-10-29,6306.990234375,195.73399353027344,,0.4370569884777069,0.0038350000977516174,0.0688989982008934,0.39770498871803284,48.65420150756836,414.61199951171875,100.80599975585938
2018-10-30,6310.14013671875,196.3509979248047,,0.4408800005912781,0.0038189999759197235,0.06922599673271179,0.41624701023101807,48.78850173950195,415.2099914550781,101.04000091552734
2018-10-31,6316.8798828125,196.531005859375,,0.43876001238822937,0.0036899999249726534,0.06788299977779388,0.44172900915145874,48.3213996887207,411.5199890136719,102.29399871826172
2018-11-01,6311.830078125,197.3280029296875,,0.44606900215148926,0.0037529999390244484,0.06911899894475937,0.5002859830856323,49.41619873046875,421.8299865722656,102.80999755859375
2018-11-02,6327.3798828125,198.7550048828125,,0.45572900772094727,0.003745000110939145,0.07078800350427628,0.49807000160217285,50.315399169921875,424.239990234375,103.5719985961914
2018-11-03,6342.3701171875,199.52499389648438,,0.4544529914855957,0.0037299999967217445,0.07082200050354004,0.5002380013465881,50.760799407958984,458.5350036621094,104.89399719238281
2018-11-04,6294.56982421875,198.98599243164062,,0.4499349892139435,0.00367600005120039,0.0712909996509552,0.4878320097923279,50.81570053100586,478.5090026855469,105.61000061035156
2018-11-05,6363.6201171875,206.572998046875,,0.46076899766921997,0.003616000059992075,0.07474499940872192,0.4789310097694397,53.11149978637695,538.8610229492188,109.49700164794922
2018-11-06,6408.16015625,207.8939971923828,,0.4971019923686981,0.003616000059992075,0.07633700221776962,0.4644320011138916,53.4828987121582,551.2860107421875,110.46499633789062
2018-11-07,6468.31005859375,216.79600524902344,,0.5249649882316589,0.0036249998956918716,0.07801699638366699,0.4711979925632477,53.70690155029297,610.3359985351562,109.61900329589844
2018-11-08,6438.52978515625,212.19900512695312,,0.4912860095500946,0.0033770001027733088,0.07626300305128098,0.4791170060634613,52.37289810180664,573.89599609375,108.34400177001953
2018-11-09,6373.3701171875,209.51499938964844,,0.4928469955921173,0.0030950000509619713,0.07391200214624405,0.4832780063152313,51.67020034790039,532.7559814453125,105.6500015258789
2018-11-10,6385.31005859375,209.80499267578125,,0.4997909963130951,0.003092000028118491,0.0740559995174408,0.49052000045776367,51.844200134277344,535.7890014648438,104.72599792480469
2018-11-11,6350.169921875,208.8679962158203,,0.49693000316619873,0.0031419999431818724,0.07443799823522568,0.5019180178642273,50.24850082397461,517.656005859375,102.68099975585938
2018-11-12,6360.47021484375,208.9239959716797,,0.5008159875869751,0.00303900009021163,0.0749489963054657,0.5048969984054565,50.46929931640625,502.72900390625,105.03199768066406
2018-11-13,6342.669921875,206.13499450683594,,0.5055199861526489,0.0029430000577121973,0.07325199991464615,0.5533900260925293,49.26100158691406,504.7969970703125,103.93699645996094
2018-11-14,5544.08984375,174.08399963378906,,0.43039798736572266,0.002612000098451972,0.061799999326467514,0.48712998628616333,41.943599700927734,421.1960144042969,86.55760192871094
2018-11-15,5358.3798828125,170.18899536132812,,0.4327239990234375,0.0025110000278800726,0.05824999883770943,0.49150100350379944,40.77750015258789,403.75,80.68489837646484
2018-11-16,5498.93994140625,173.12600708007812,,0.4637709856033325,0.00266700005158782,0.060242000967264175,0.5060619711875916,42.08660125732422,388.82000732421875,86.40350341796875
2018-11-17,5519.56005859375,172.86900329589844,,0.46681299805641174,0.0025629999581724405,0.059553999453783035,0.4758940041065216,41.662899017333984,380.3479919433594,85.23249816894531
2018-11-18,5559.740234375,174.1750030517578,,0.4903300106525421,0.002575000049546361,0.06080299988389015,0.48131701350212097,42.00640106201172,380.02398681640625,88.19779968261719
2018-11-19,4842.91015625,147.8509979248047,,0.4723049998283386,0.00241499999538064,0.05198900029063225,0.39064499735832214,35.96950149536133,336.9549865722656,72.48999786376953
2018-11-20,4272.10986328125,126.36000061035156,,0.42367199063301086,0.0021840000990778208,0.0428679995238781,0.3241310119628906,31.406700134277344,199.08599853515625,63.3828010559082
2018-11-21,4343.97998046875,125.75800323486328,,0.4167799949645996,0.002174000022932887,0.04302699863910675,0.32477501034736633,31.89259910583496,221.19200134277344,64.4260025024414
2018-11-22,4365.64013671875,126.70600128173828,,0.42607998847961426,0.002343999920412898,0.04425499960780144,0.34296101331710815,32.195098876953125,211.46800231933594,65.64099884033203
2018-11-23,4195.68017578125,119.55899810791016,,0.39804598689079285,0.0022899999748915434,0.04167100042104721,0.31973299384117126,31.135299682617188,196.52000427246094,62.94219970703125
2018-11-24,3795.159912109375,110.82499694824219,,0.36735400557518005,0.002193999942392111,0.03693300113081932,0.2619229853153229,28.763999938964844,177.22500610351562,57.97060012817383
2018-11-25,3585.06005859375,101.7699966430664,,0.32495298981666565,0.0020729999523609877,0.03279799968004227,0.23977500200271606,27.07270050048828,154.27999877929688,53.098201751708984
2018-11-26,3643.919921875,104.89299774169922,,0.3420189917087555,0.00203999993391335,0.03411699831485748,0.23946699500083923,28.38319969177246,170.6219940185547,52.27949905395508
2018-11-27,3661.010009765625,102.4520034790039,,0.3429909944534302,0.002005999907851219,0.034028999507427216,0.2681159973144531,28.819299697875977,171.21800231933594,52.3916015625
2018-11-28,3822.469970703125,110.197998046875,,0.3603129982948303,0.0020830000285059214,0.03650999814271927,0.28582099080085754,30.971200942993164,176.3560028076172,57.288299560546875
2018-11-29,4145.76513671875,115.29769134521484,,0.3737890124320984,0.0021860001143068075,0.039716001600027084,0.31500399112701416,33.223018646240234,176.83285522460938,59.41757583618164
2018-11-30,3942.822021484375,111.74496459960938,,0.3552049994468689,0.0021299999207258224,0.037721000611782074,0.3115310072898865,31.43252182006836,168.08474731445312,56.343780517578125
2018-12-01,3969.710693359375,111.61912536621094,,0.3570829927921295,0.0021550001110881567,0.03815700113773346,0.3152729868888855,31.50525665283203,167.84423828125,57.12600326538086
2018-12-02,4110.978515625,116.092041015625,,0.36573201417922974,0.002216000109910965,0.04069000110030174,0.3150390088558197,33.43260955810547,171.64739990234375,58.31940460205078
2018-12-03,3840.4462890625,107.41565704345703,,0.3469749987125397,0.0021440000273287296,0.038026999682188034,0.28404998779296875,30.494159698486328,153.6831817626953,53.68106460571289
2018-12-04,3832.75,107.40271759033203,,0.34252798557281494,0.002171000000089407,0.037386998534202576,0.28431299328804016,30.3936767578125,149.0497589111328,53.889923095703125
2018-12-05,3753.994873046875,102.47555541992188,,0.3382419943809509,0.0021430000197142363,0.034251000732183456,0.25661298632621765,29.277233123779297,130.54104614257812,51.6666259765625
2018-12-06,3521.101806640625,91.76105499267578,,0.31036001443862915,0.002096999902278185,0.03079799935221672,0.22273199260234833,26.91876983642578,107.43608856201172,46.53453063964844
2018-12-07,3280.228759765625,83.46971893310547,,0.29135099053382874,0.0020310000982135534,0.027393000200390816,0.19670499861240387,22.997705459594727,97.61804962158203,42.97698974609375
2018-12-08,3350.650634765625,86.82566833496094,,0.2972320020198822,0.002067999914288521,0.028867000713944435,0.21193000674247742,23.62689971923828,99.84356689453125,43.84760284423828
2018-12-09,3469.09423828125,91.03128051757812,,0.30466601252555847,0.0020890000741928816,0.030226999893784523,0.2197449952363968,24.8035945892334,103.00387573242188,45.17531967163086
2018-12-10,3470.14453125,90.65425109863281,,0.30059999227523804,0.002073999959975481,0.029805999249219894,0.21535100042819977,24.502552032470703,103.37606811523438,44.065223693847656
2018-12-11,3392.25,87.68840789794922,,0.2980949878692627,0.0020649998914450407,0.028914999216794968,0.21112699806690216,23.510135650634766,97.56929779052734,42.4901123046875
2018-12-12,3413.4814453125,88.26355743408203,,0.3006710112094879,0.002076999982818961,0.029304999858140945,0.22133000195026398,23.710840225219727,99.42947387695312,42.48262023925781
2018-12-13,3298.132080078125,85.518310546875,,0.298117995262146,0.002044999971985817,0.0290290005505085,0.20194000005722046,23.607572555541992,88.58236694335938,40.67232131958008
2018-12-14,3206.542236328125,83.22647857666016,,0.2851119935512543,0.002056000055745244,0.027912000194191933,0.19904300570487976,22.82478141784668,77.72490692138672,38.99231719970703
2018-12-15,3191.303466796875,82.82988739013672,,0.2825230062007904,0.0020630001090466976,0.02779100090265274,0.19932200014591217,23.3409481048584,75.0753173828125,38.072208404541016
2018-12-16,3233.81982421875,84.46940612792969,,0.28589001297950745,0.0021009999327361584,0.02818799950182438,0.20327900350093842,23.77702522277832,77.37089538574219,38.87267303466797
2018-12-17,3253.123046875,85.38211059570312,,0.2869420051574707,0.002119000069797039,0.029099000617861748,0.20442500710487366,25.682781219482422,81.40122985839844,39.244468688964844
2018-12-18,3487.169189453125,92.96852111816406,,0.3252910077571869,0.0024709999561309814,0.03216699883341789,0.22810199856758118,28.253374099731445,87.59089660644531,43.13265609741211
2018-12-19,3687.22998046875,100.69145965576172,,0.3482010066509247,0.002561999950557947,0.03449099883437157,0.26493000984191895,29.449499130249023,103.06409454345703,46.053802490234375
2018-12-20,3728.974609375,100.63996124267578,,0.34705600142478943,0.0026100000832229853,0.034026000648736954,0.29280999302864075,29.41044807434082,125.2083740234375,45.98912811279297
2018-12-21,3850.9462890625,107.58479309082031,,0.35403499007225037,0.0025100000202655792,0.03863200172781944,0.2926810085773468,30.296894073486328,177.32858276367188,50.837589263916016
2018-12-22,3855.739013671875,107.50316619873047,,0.3498699963092804,0.0024160000029951334,0.03861299902200699,0.28696098923683167,30.334074020385742,184.0780029296875,50.007911682128906
2018-12-23,3976.40576171875,117.27389526367188,,0.3618069887161255,0.0024999999441206455,0.041818998754024506,0.3010840117931366,31.802282333374023,189.1586151123047,51.67238998413086
2018-12-24,4000.331787109375,130.64166259765625,,0.3723979890346527,0.0025400000158697367,0.04428600147366524,0.30043700337409973,33.1966667175293,179.0862579345703,52.796470642089844
2018-12-25,3760.0205078125,125.11328887939453,,0.3693619966506958,0.002317999955266714,0.039243001490831375,0.2886520028114319,30.452274322509766,155.40281677246094,48.33488464355469
2018-12-26,3769.86376953125,126.29290771484375,,0.36344099044799805,0.002394000068306923,0.039076000452041626,0.29631099104881287,29.74602508544922,165.53936767578125,47.66390609741211
2018-12-27,3645.448486328125,115.65010070800781,,0.33628201484680176,0.0023640000727027655,0.03654799982905388,0.27316001057624817,28.131933212280273,147.83721923828125,43.91319274902344
2018-12-28,3642.632080078125,115.69313049316406,,0.33913901448249817,0.0023040000814944506,0.03650100156664848,0.2575640082359314,28.30059814453125,144.17422485351562,44.24268341064453
2018-12-29,3820.40869140625,134.57017517089844,,0.3670800030231476,0.0023880000226199627,0.04120999947190285,0.2905609905719757,31.520540237426758,164.47943115234375,48.112117767333984
2018-12-30,3797.21923828125,133.98233032226562,,0.3622640073299408,0.002340999897569418,0.040842000395059586,0.2950800061225891,31.167882919311523,159.63734436035156,47.57149124145508
2018-12-31,3725.867431640625,132.51939392089844,,0.3507870137691498,0.0023250000085681677,0.04049300029873848,0.28500300645828247,30.164321899414062,148.961669921875,45.556129455566406
2019-01-01,3707.231201171875,132.6507110595703,,0.35040199756622314,0.0023219999857246876,0.04030799865722656,0.28940701484680176,30.264280319213867,150.2381591796875,45.6473503112793
2019-01-02,3817.409423828125,140.6509552001953,,0.35957399010658264,0.0023719999007880688,0.04198199883103371,0.2974640130996704,31.765974044799805,162.24879455566406,47.974395751953125
2019-01-03,3826.222900390625,147.1983642578125,,0.3576749861240387,0.0023560000117868185,0.042534999549388885,0.31552499532699585,31.592479705810547,160.3275909423828,49.65300369262695
2019-01-04,3783.853759765625,147.9071044921875,,0.35278499126434326,0.002274000085890293,0.04247700050473213,0.3670639991760254,31.437557220458984,155.6101531982422,49.41751480102539
2019-01-05,3836.900146484375,154.33741760253906,,0.3539870083332062,0.0022799998987466097,0.04334999993443489,0.3876360058784485,32.34479522705078,158.33197021484375,49.870689392089844
2019-01-06,3826.51318359375,152.08592224121094,,0.3525890111923218,0.0022909999825060368,0.04470900073647499,0.37384599447250366,34.784061431884766,159.15122985839844,49.74837875366211
2019-01-07,4020.89404296875,151.15072631835938,,0.36338698863983154,0.0022750000935047865,0.047579001635313034,0.37140199542045593,37.61374282836914,160.80352783203125,52.18220138549805
2019-01-08,3996.955322265625,148.66954040527344,,0.3607339859008789,0.0022609999869018793,0.04674899950623512,0.3653950095176697,37.91899108886719,158.65904235839844,52.60243225097656
2019-01-09,4022.662841796875,150.2883758544922,,0.3647559881210327,0.002254999941214919,0.04853300005197525,0.40106499195098877,38.90272521972656,158.4420166015625,52.43333435058594
2019-01-10,3659.174560546875,126.52937316894531,,0.32715898752212524,0.002085000043734908,0.04275599867105484,0.346560001373291,33.0317497253418,133.33888244628906,44.553096771240234
2019-01-11,3653.06982421875,125.24494171142578,,0.3279139995574951,0.002104999963194132,0.04274899885058403,0.35339099168777466,32.046043395996094,129.4267120361328,45.124900817871094
2019-01-12,3653.810791015625,125.4467544555664,,0.3280330002307892,0.0021150000393390656,0.04309900104999542,0.4075610041618347,32.0305061340332,131.49559020996094,44.5925178527832
2019-01-13,3544.92724609375,116.08596801757812,,0.3170979917049408,0.0020830000285059214,0.039806999266147614,0.38135701417922974,30.12771224975586,123.8711166381836,42.84308624267578
2019-01-14,3552.28515625,116.96755981445312,,0.3183540105819702,0.002096999902278185,0.0402039997279644,0.4247150123119354,30.310152053833008,124.89478302001953,43.108333587646484
2019-01-15,3619.94921875,120.3115234375,,0.3240109980106354,0.0020979999098926783,0.042045000940561295,0.4655489921569824,31.079927444458008,126.99542236328125,44.7103385925293
2019-01-16,3624.67333984375,121.44141387939453,,0.3261739909648895,0.0020840000361204147,0.042514000087976456,0.48251399397850037,31.26805877685547,128.1846160888672,44.71026611328125
2019-01-17,3621.9609375,120.81703186035156,,0.3257400095462799,0.0020800000056624413,0.04402400180697441,0.4739980101585388,30.6761474609375,127.15645599365234,44.86992263793945
2019-01-18,3637.080810546875,120.24189758300781,,0.32185599207878113,0.0020840000361204147,0.043956998735666275,0.4697290062904358,30.955570220947266,126.9332275390625,44.88039016723633
2019-01-19,3652.3779296875,121.1610336303711,,0.3249109983444214,0.0020890000741928816,0.04398399963974953,0.47532200813293457,31.368427276611328,127.60054016113281,44.79018020629883
2019-01-20,3583.01953125,118.70232391357422,,0.3176090121269226,0.002082000020891428,0.042552001774311066,0.4719040095806122,30.935497283935547,122.71903991699219,44.03779220581055
2019-01-21,3558.537109375,116.15744018554688,,0.3174389898777008,0.002065999899059534,0.0425340011715889,0.47689899802207947,30.956666946411133,121.85819244384766,43.71867752075195
2019-01-22,3539.721435546875,114.67668151855469,,0.3134549856185913,0.00203300011344254,0.04187599942088127,0.5019800066947937,30.324674606323242,118.81300354003906,44.53773498535156
2019-01-23,3565.31396484375,116.37664794921875,,0.3149229884147644,0.0020210000220686197,0.042695000767707825,0.5071750283241272,31.558425903320312,127.83136749267578,44.63924026489258
2019-01-24,3569.0927734375,116.00679779052734,,0.3144330084323883,0.0020129999611526728,0.04253700003027916,0.4790799915790558,31.427627563476562,127.4676513671875,44.6159553527832
2019-01-25,3575.597412109375,115.83015441894531,,0.31382399797439575,0.00202700006775558,0.04245400056242943,0.4771910011768341,32.273338317871094,126.37190246582031,45.11800003051758
2019-01-26,3593.345947265625,115.98057556152344,,0.31423500180244446,0.00203000009059906,0.04253299906849861,0.4683780074119568,32.86662673950195,126.96595764160156,45.67472839355469
2019-01-27,3567.245849609375,113.40528869628906,,0.30836600065231323,0.0020089999306946993,0.04089700058102608,0.4301829934120178,32.080501556396484,120.70153045654297,45.407310485839844
2019-01-28,3439.23291015625,103.33646392822266,,0.2865630090236664,0.001927000004798174,0.037282999604940414,0.3579300045967102,30.52311134338379,108.0881576538086,43.19914245605469
2019-01-29,3400.81982421875,103.99922943115234,,0.2858879864215851,0.001917000045068562,0.03704399988055229,0.4126589894294739,30.43724822998047,108.10831451416016,42.82657241821289
2019-01-30,3429.387939453125,104.84379577636719,,0.2879149913787842,0.001914000022225082,0.03779799863696098,0.4211080074310303,30.86351776123047,109.63318634033203,42.76494216918945
2019-01-31,3447.915771484375,106.52535247802734,,0.305866003036499,0.0019120000069960952,0.03795300051569939,0.38633498549461365,31.39546012878418,114.0615005493164,43.313514709472656
2019-02-01,3431.591552734375,105.04650115966797,,0.2993989884853363,0.001892999978736043,0.03711700066924095,0.38375601172447205,31.12713623046875,112.06761169433594,42.872337341308594
2019-02-02,3467.57470703125,106.7640151977539,,0.3052310049533844,0.001896000001579523,0.03822200000286102,0.4019399881362915,32.728092193603516,116.21630096435547,41.995079040527344
2019-02-03,3447.92431640625,106.5639877319336,,0.2993699908256531,0.0018899999558925629,0.0378119982779026,0.39121899008750916,33.11767578125,117.47777557373047,42.57559585571289
2019-02-04,3442.5869140625,107.06742095947266,,0.29936400055885315,0.0018769999733194709,0.03779599815607071,0.38808000087738037,33.464359283447266,118.34693908691406,42.1533203125
2019-02-05,3451.93701171875,106.90989685058594,,0.2972100079059601,0.001879999996162951,0.03744399920105934,0.3904300034046173,33.777740478515625,117.20027160644531,42.719825744628906
2019-02-06,3398.5654296875,102.93456268310547,,0.2904190123081207,0.0018370000179857016,0.03606000170111656,0.3932259976863861,32.54347610473633,111.83869171142578,42.40885925292969
2019-02-07,3394.218505859375,104.40913391113281,,0.2904449999332428,0.0018390000332146883,0.03633200004696846,0.39333000779151917,32.87847137451172,114.1750717163086,43.05583572387695
2019-02-08,3391.023681640625,104.1944351196289,,0.2901189923286438,0.0018350000027567148,0.0362280011177063,0.39868998527526855,33.00557327270508,115.1843490600586,43.11598205566406
2019-02-09,3646.559326171875,118.00040435791016,,0.307559996843338,0.0019229999743402004,0.040456000715494156,0.4330199956893921,42.26860046386719,126.06038665771484,47.925819396972656
2019-02-10,3640.97998046875,117.10577392578125,,0.3020919859409332,0.0019120000069960952,0.04000699892640114,0.4399949908256531,42.90381622314453,122.2263412475586,47.23757553100586
2019-02-11,3642.287841796875,120.31175231933594,,0.30274099111557007,0.0018990000244230032,0.041485000401735306,0.4234539866447449,42.397342681884766,121.84005737304688,47.40423583984375
2019-02-12,3618.556884765625,119.60002136230469,,0.299578994512558,0.0018729999428614974,0.04063500091433525,0.4218589961528778,42.54317855834961,119.55393981933594,47.45799255371094
2019-02-13,3617.246337890625,121.61249542236328,,0.3021880090236664,0.0018850000342354178,0.04104800149798393,0.41963499784469604,41.416805267333984,121.81179809570312,48.818504333496094
2019-02-14,3607.69775390625,121.33489227294922,,0.30151399970054626,0.0018850000342354178,0.04022200033068657,0.42219799757003784,41.26705551147461,121.56431579589844,46.302852630615234
2019-02-15,3608.20654296875,121.37191772460938,,0.29958298802375793,0.0018889999482780695,0.04025299847126007,0.4216969907283783,41.61971664428711,121.59093475341797,46.589595794677734
2019-02-16,3615.270263671875,122.29530334472656,,0.30073100328445435,0.0018949999939650297,0.0405689999461174,0.4332770109176636,42.56769561767578,121.96658325195312,46.76747512817383
2019-02-17,3619.18212890625,123.09161376953125,,0.2992349863052368,0.0019150000298395753,0.04061200097203255,0.43011200428009033,42.91134262084961,121.14742279052734,46.75928497314453
2019-02-18,3669.982421875,133.00193786621094,,0.30255699157714844,0.001993000041693449,0.04137999936938286,0.4546020030975342,43.842010498046875,124.96675872802734,48.01448059082031
2019-02-19,3908.153076171875,145.1284637451172,,0.3209420144557953,0.002056000055745244,0.0456559993326664,0.4581559896469116,47.268829345703125,142.86502075195312,51.48977279663086
2019-02-20,3926.246826171875,142.5021209716797,,0.3209950029850006,0.0020439999643713236,0.0452909991145134,0.44912800192832947,47.41093444824219,140.848388671875,50.86469650268555
2019-02-21,3940.108154296875,144.56381225585938,,0.3192009925842285,0.002022000029683113,0.04473999887704849,0.44244199991226196,48.68165969848633,141.21795654296875,50.153804779052734
2019-02-22,3950.81640625,145.20654296875,,0.31816500425338745,0.0020240000449121,0.04483800008893013,0.44261300563812256,48.717384338378906,141.8209228515625,50.33552169799805
2019-02-23,3968.726806640625,147.3310546875,,0.3182410001754761,0.00203399988822639,0.045719001442193985,0.4449929893016815,48.66763687133789,142.36476135253906,51.9234619140625
2019-02-24,3793.708984375,135.8526611328125,,0.29933100938796997,0.0019549999851733446,0.04206399992108345,0.40481001138687134,43.65616226196289,130.17916870117188,49.010467529296875
2019-02-25,3807.00244140625,135.4838409423828,,0.30070799589157104,0.001930000027641654,0.04216799885034561,0.4071750044822693,44.57594680786133,130.02334594726562,48.70062255859375
2019-02-26,3837.986328125,136.57960510253906,,0.3168649971485138,0.0019920000340789557,0.04279800131917,0.43592000007629395,45.09392166137695,133.33651733398438,49.049949645996094
2019-02-27,3787.058837890625,131.60292053222656,,0.3086619973182678,0.0019539999775588512,0.042096998542547226,0.42263200879096985,44.41291427612305,130.19361877441406,48.72615432739258
2019-02-28,3845.8212890625,135.6575927734375,,0.3114350140094757,0.0019680000841617584,0.04294800013303757,0.422652006149292,45.59764862060547,131.1847381591797,49.04035949707031
2019-03-01,3851.6923828125,136.43478393554688,,0.313620001077652,0.0019759999122470617,0.04307800158858299,0.42361900210380554,46.14991760253906,131.92953491210938,48.985679626464844
2019-03-02,3832.1279296875,132.43638610839844,,0.3127470016479492,0.001979999942705035,0.042479999363422394,0.4230160117149353,47.46395492553711,130.75357055664062,49.12397003173828
2019-03-03,3836.90576171875,131.328857421875,,0.3109250068664551,0.0019910000264644623,0.04215800017118454,0.42249199748039246,48.093162536621094,131.07452392578125,49.46358871459961
2019-03-04,3733.749755859375,125.40270233154297,,0.3026770055294037,0.0019680000841617584,0.03982999920845032,0.40072101354599,45.85337448120117,123.25281524658203,47.17427444458008
2019-03-05,3745.18310546875,126.73529815673828,,0.3040820062160492,0.001961000030860305,0.04029899835586548,0.40676701068878174,46.14234161376953,124.51756286621094,47.93508529663086
2019-03-06,3871.460693359375,136.1459197998047,,0.3119870126247406,0.001967000076547265,0.042353998869657516,0.4240480065345764,52.27675247192383,131.08294677734375,49.58349609375
2019-03-07,3894.113037109375,137.27313232421875,,0.31454798579216003,0.0019660000689327717,0.04251300171017647,0.43024298548698425,55.07939147949219,131.25697326660156,50.92738723754883
2019-03-08,3875.228515625,133.5576934814453,,0.3088279962539673,0.0019680000841617584,0.04246100038290024,0.4560379981994629,55.45344924926758,128.28074645996094,49.59807586669922
2019-03-09,3892.390380859375,134.6771240234375,,0.30936700105667114,0.001972000114619732,0.04265600070357323,0.457612007856369,56.00178146362305,128.3604278564453,49.82181167602539
2019-03-10,3924.381103515625,135.68568420410156,,0.3110949993133545,0.001978999935090542,0.04446300119161606,0.4716799855232239,56.59122085571289,131.185546875,50.40375518798828
2019-03-11,3889.239013671875,133.10279846191406,,0.3094170093536377,0.0019470000406727195,0.044978998601436615,0.4627619981765747,54.82707214355469,128.23426818847656,49.37623977661133
2019-03-12,3863.55908203125,130.94415283203125,,0.3075360059738159,0.0019499999471008778,0.045892998576164246,0.461122989654541,53.49565124511719,128.09503173828125,49.49441146850586
2019-03-13,3891.904296875,132.7197265625,,0.30866000056266785,0.002004999900236726,0.04621100053191185,0.4736050069332123,55.43373489379883,127.92181396484375,51.28568649291992
2019-03-14,3901.296875,132.7500762939453,,0.31130701303482056,0.0020089999306946993,0.046348001807928085,0.48021501302719116,55.785194396972656,128.8231964111328,51.65202331542969
2019-03-15,3914.015380859375,133.56715393066406,,0.3115749955177307,0.0020149999763816595,0.04795600101351738,0.4876619875431061,56.5416374206543,132.94459533691406,52.256919860839844
2019-03-16,3961.657470703125,137.91195678710938,,0.3148379921913147,0.00203999993391335,0.04974000155925751,0.47749099135398865,58.99413299560547,143.979736328125,53.56135177612305
2019-03-17,4006.4111328125,139.32351684570312,,0.31649699807167053,0.0020570000633597374,0.05001499876379967,0.4773229956626892,60.78253936767578,148.7069549560547,52.64645004272461
2019-03-18,4009.1171875,138.841552734375,,0.3146530091762543,0.0020630001090466976,0.049667999148368835,0.47195199131965637,59.5024299621582,156.08529663085938,52.69628143310547
2019-03-19,4023.8125,139.1430206298828,,0.3153510093688965,0.0020729999523609877,0.0497560016810894,0.47447898983955383,59.7523193359375,157.80975341796875,53.34927749633789
2019-03-20,4031.11083984375,138.30703735351562,,0.3147810101509094,0.0020540000405162573,0.05136600136756897,0.4787769913673401,58.56939697265625,156.58377075195312,53.677391052246094
2019-03-21,4005.1513671875,135.8554229736328,,0.3093380033969879,0.00203999993391335,0.05076700076460838,0.4496240019798279,58.73954391479492,150.5597686767578,53.27070236206055
2019-03-22,4021.54248046875,136.22860717773438,,0.310140997171402,0.002044999971985817,0.052668001502752304,0.45295000076293945,58.8876953125,153.53639221191406,53.354984283447266
2019-03-23,4015.964599609375,136.91201782226562,,0.3101300001144409,0.0020469999872148037,0.05704699829220772,0.4591419994831085,59.507808685302734,157.6968536376953,53.35626983642578
2019-03-24,4006.19287109375,136.31375122070312,,0.3081679940223694,0.0020260000601410866,0.05971499904990196,0.4529620110988617,59.71322250366211,164.04762268066406,53.52958679199219
2019-03-25,3934.03125,133.4901580810547,,0.30145299434661865,0.0020260000601410866,0.057534001767635345,0.45032998919487,58.999908447265625,158.65594482421875,51.11442947387695
2019-03-26,3944.753173828125,133.75733947753906,,0.2989870011806488,0.0020260000601410866,0.05913100019097328,0.45371800661087036,58.334938049316406,156.0052032470703,50.380130767822266
2019-03-27,3977.810546875,135.34165954589844,,0.3040669858455658,0.002041999949142337,0.0612730011343956,0.4614590108394623,59.32523727416992,160.04661560058594,52.83891677856445
2019-03-28,4040.266357421875,138.4251708984375,,0.3070850074291229,0.0020600000862032175,0.06500300019979477,0.4921950101852417,60.74556350708008,167.25674438476562,53.72426986694336
2019-03-29,4034.09716796875,138.04510498046875,,0.3062349855899811,0.002056000055745244,0.06576299667358398,0.49094000458717346,60.2597770690918,166.46087646484375,52.421268463134766
2019-03-30,4053.90966796875,141.03173828125,,0.30687299370765686,0.0020649998914450407,0.06840500235557556,0.48409199714660645,60.36506271362305,167.37435913085938,52.8935661315918
2019-03-31,4094.100830078125,140.69737243652344,,0.3081499934196472,0.0020699999295175076,0.06939300149679184,0.4880880117416382,60.212364196777344,167.38290405273438,53.11427688598633
2019-04-01,4096.9013671875,140.73756408691406,,0.3089100122451782,0.0020779999904334545,0.06901899725198746,0.5027009844779968,60.41389083862305,167.08740234375,55.82899856567383
2019-04-02,4155.31689453125,141.63645935058594,,0.31200098991394043,0.002394000068306923,0.07090800255537033,0.5384380221366882,60.537776947021484,167.47402954101562,59.056434631347656
2019-04-03,4876.62109375,157.3221435546875,,0.33373498916625977,0.002770999912172556,0.08483999967575073,0.5471100211143494,76.0096435546875,236.2952880859375,63.93318176269531
2019-04-04,4836.7939453125,155.24110412597656,,0.32907000184059143,0.003134000115096569,0.08328299969434738,0.5249320268630981,81.56863403320312,276.3335266113281,62.21818542480469
2019-04-05,4919.49169921875,157.44395446777344,,0.3326300084590912,0.003409000113606453,0.08734200149774551,0.5417190194129944,84.92327880859375,282.5579833984375,63.887001037597656
2019-04-06,4992.22216796875,161.79946899414062,,0.3511680066585541,0.0034149999264627695,0.08790100365877151,0.5628899931907654,86.31238555908203,285.2847595214844,66.98796081542969
2019-04-07,5050.412109375,164.93209838867188,,0.35168901085853577,0.0032560001127421856,0.08853600174188614,0.5687810182571411,90.08541870117188,300.1357727050781,67.90229034423828
2019-04-08,5148.2119140625,174.16099548339844,,0.35158801078796387,0.003011999884620309,0.08334100246429443,0.5454130172729492,87.0640869140625,297.363037109375,68.82203674316406
2019-04-09,5167.4189453125,175.0917510986328,,0.34853601455688477,0.0028119999915361404,0.08170700073242188,0.5254189968109131,85.00721740722656,294.8894958496094,68.07936096191406
2019-04-10,5193.38232421875,175.23037719726562,,0.34870898723602295,0.0028719999827444553,0.08353500068187714,0.517877995967865,86.74703979492188,295.78680419921875,68.12085723876953
2019-04-11,5017.29638671875,162.32061767578125,,0.3268260061740875,0.0027379998937249184,0.07762899994850159,0.46069398522377014,76.65676879882812,259.0150451660156,62.81306076049805
2019-04-12,4955.8525390625,161.0297393798828,,0.3211669921875,0.002725000027567148,0.08039700239896774,0.4605430066585541,76.44163513183594,260.67218017578125,65.67399597167969
2019-04-13,5061.58935546875,163.01185607910156,,0.3237139880657196,0.0028200000524520874,0.08290699869394302,0.49479201436042786,76.69335174560547,274.1234130859375,64.07125854492188
2019-04-14,5053.568359375,162.78147888183594,,0.3242439925670624,0.002836999949067831,0.08137200027704239,0.5120530128479004,76.97917175292969,274.8579406738281,64.28992462158203
2019-04-15,5024.0693359375,159.5557403564453,,0.3180899918079376,0.002742999931797385,0.08135999739170074,0.4852670133113861,76.98197174072266,288.091552734375,64.26764678955078
2019-04-16,5055.19482421875,160.8887481689453,,0.31926101446151733,0.0027379998937249184,0.08045099675655365,0.4918229877948761,78.02865600585938,305.7944641113281,63.96095657348633
2019-04-17,5219.20556640625,165.50189208984375,,0.3223879933357239,0.002759000053629279,0.0820780023932457,0.49209800362586975,79.08088684082031,306.2799987792969,66.91744995117188
2019-04-18,5250.5068359375,166.672119140625,,0.33533498644828796,0.0028059999458491802,0.08137699961662292,0.49983999133110046,79.30755615234375,304.7366943359375,67.46476745605469
2019-04-19,5233.3349609375,170.62020874023438,,0.3295769989490509,0.0028750000055879354,0.0782100036740303,0.5107280015945435,80.43392944335938,293.58624267578125,67.54074096679688
2019-04-20,5295.8779296875,171.78883361816406,,0.32496899366378784,0.002859999891370535,0.07540100067853928,0.5083510279655457,80.27595520019531,296.7630615234375,68.15576934814453
2019-04-21,5257.33935546875,167.4285888671875,,0.31874600052833557,0.002724000019952655,0.07198899984359741,0.481099009513855,75.02021026611328,281.8984375,67.40799713134766
2019-04-22,5280.27685546875,168.72955322265625,,0.32023701071739197,0.0027260000351816416,0.07222100347280502,0.48945099115371704,75.69957733154297,287.55224609375,67.99166107177734
2019-04-23,5389.40869140625,170.89675903320312,,0.320919007062912,0.002767000114545226,0.07432100176811218,0.48148301243782043,74.63941192626953,290.62176513671875,68.07179260253906
2019-04-24,5418.26318359375,161.9766845703125,,0.2969819903373718,0.002549000084400177,0.06873700022697449,0.4466690123081207,71.35606384277344,270.558349609375,65.07598114013672
2019-04-25,5181.3388671875,153.8470001220703,,0.28766700625419617,0.0024900001008063555,0.06866800040006638,0.4407539963722229,71.05500030517578,266.19122314453125,61.28211212158203
2019-04-26,5177.36865234375,152.08567810058594,,0.2874850034713745,0.0024530000519007444,0.06688100099563599,0.425929993391037,70.19367218017578,257.4903564453125,59.98540496826172
2019-04-27,5233.6357421875,155.62188720703125,,0.2953070104122162,0.002489000093191862,0.06827399879693985,0.4339990019798279,71.99333190917969,261.0603942871094,61.60976028442383
2019-04-28,5255.68359375,157.12551879882812,,0.2953389883041382,0.0025019999593496323,0.06802000105381012,0.4402250051498413,69.08003234863281,251.61761474609375,61.03752899169922
2019-04-29,5216.48779296875,153.1865234375,,0.29165199398994446,0.0024429999757558107,0.06420399993658066,0.42872101068496704,67.26605987548828,232.91256713867188,59.77835464477539
2019-04-30,5224.18994140625,155.1727752685547,,0.2935419976711273,0.0024429999757558107,0.06466100364923477,0.43295401334762573,67.9505844116211,236.3312225341797,60.22663497924805
2019-05-01,5347.64599609375,159.66021728515625,,0.3022820055484772,0.0024770000018179417,0.06753300130367279,0.46728798747062683,72.29801177978516,266.45867919921875,62.089759826660156
2019-05-02,5394.21728515625,160.06069946289062,,0.3025670051574707,0.0025160000659525394,0.0682779997587204,0.46256598830223083,73.09578704833984,268.0157165527344,63.34090042114258
2019-05-03,5490.20166015625,161.08062744140625,,0.30147498846054077,0.0025949999690055847,0.06765200197696686,0.46073099970817566,73.4426040649414,267.883544921875,64.17073059082031
2019-05-04,5645.46923828125,161.7914276123047,,0.30075201392173767,0.0026080000679939985,0.0658319965004921,0.4813480079174042,75.7961654663086,275.3900146484375,65.2281265258789
2019-05-05,5708.03515625,159.70065307617188,,0.29961100220680237,0.002621999941766262,0.06570900231599808,0.49147000908851624,75.53789520263672,287.0489807128906,65.34223937988281
2019-05-06,5653.6875,159.98818969726562,,0.29644298553466797,0.002515000058338046,0.06368199735879898,0.4920719861984253,72.3252944946289,277.5103454589844,64.36258697509766
2019-05-07,5741.39599609375,169.69471740722656,,0.2994779944419861,0.002535999985411763,0.06403599679470062,0.5447239875793457,74.66644287109375,286.2244567871094,65.54049682617188
2019-05-08,5794.7158203125,166.40924072265625,,0.2975359857082367,0.0025049999821931124,0.062167998403310776,0.5253720283508301,73.10152435302734,276.65631103515625,64.75749969482422
2019-05-09,5982.31640625,167.2478790283203,,0.2943969964981079,0.002466999925673008,0.060437001287937164,0.5888239741325378,72.98983764648438,278.4524841308594,63.669830322265625
2019-05-10,6161.51904296875,168.99142456054688,,0.29411399364471436,0.002449000021442771,0.059105999767780304,0.6390209794044495,73.0380630493164,279.6122131347656,64.31612396240234
2019-05-11,6375.69873046875,173.13931274414062,,0.30017200112342834,0.0025130000431090593,0.06300999969244003,0.6546609997749329,77.1092300415039,287.7264709472656,68.04154968261719
2019-05-12,6815.77099609375,183.6539306640625,,0.30729201436042786,0.002612000098451972,0.06844399869441986,0.6329519748687744,83.82306671142578,336.1920166015625,71.92891693115234
2019-05-13,6898.2822265625,185.305908203125,,0.30843400955200195,0.0026489999145269394,0.06953000277280807,0.6413440108299255,84.29974365234375,347.1565856933594,73.52478790283203
2019-05-14,7696.39111328125,196.0548095703125,,0.3238160014152527,0.0027469999622553587,0.07286900281906128,0.637336015701294,87.65838623046875,369.1272888183594,79.0290298461914
2019-05-15,7899.10693359375,216.82211303710938,,0.40726399421691895,0.0030519999563694,0.08355800062417984,0.7866449952125549,90.81726837158203,373.6371765136719,82.94944763183594
2019-05-16,7729.6083984375,245.7952880859375,,0.40136298537254333,0.0031139999628067017,0.08432599902153015,0.7736830115318298,92.56511688232422,387.5369873046875,85.0351791381836
2019-05-17,7038.12451171875,227.76742553710938,,0.3664349913597107,0.002830999903380871,0.07663299888372421,0.815716028213501,84.93778228759766,340.83905029296875,77.61196899414062
2019-05-18,7251.50439453125,233.099853515625,,0.3681749999523163,0.002896999940276146,0.07887899875640869,0.8612040281295776,85.8005142211914,351.98956298828125,79.33861541748047
2019-05-19,7267.962890625,233.7586669921875,,0.37094399333000183,0.003000000026077032,0.07862599939107895,0.9294300079345703,86.12923431396484,356.85418701171875,79.45321655273438
2019-05-20,7678.78173828125,241.80364990234375,,0.384647011756897,0.0029329999815672636,0.080144003033638,0.953603982925415,88.56927490234375,385.4222412109375,84.80352020263672
2019-05-21,7843.33984375,248.19630432128906,,0.38930198550224304,0.002968000015243888,0.08245299756526947,1.066364049911499,89.58797454833984,401.3130798339844,87.46943664550781
2019-05-22,7615.9873046875,242.73048400878906,,0.37387898564338684,0.0029120000544935465,0.07767999917268753,1.1554549932479858,87.5451431274414,387.70989990234375,83.389892578125
2019-05-23,7533.19677734375,233.7930908203125,,0.36680498719215393,0.002795000094920397,0.07418899983167648,1.165343999862671,85.23011779785156,372.6341552734375,81.00719451904297
2019-05-24,7824.44873046875,243.24009704589844,,0.3745020031929016,0.0029319999739527702,0.07844699919223785,1.2394150495529175,88.3244400024414,396.41265869140625,83.78945922851562
2019-05-25,7965.97607421875,249.0887908935547,,0.38347798585891724,0.002957999939098954,0.07975900173187256,1.113306999206543,98.7228775024414,401.57879638671875,85.54988098144531
2019-05-26,7924.67041015625,247.24539184570312,,0.37944701313972473,0.0029349999967962503,0.07869700342416763,1.0395970344543457,99.74384307861328,394.6906433105469,85.57713317871094
2019-05-27,8668.705078125,265.4447021484375,,0.4070209860801697,0.003085999982431531,0.0853630006313324,1.0874840021133423,111.1279525756836,427.11041259765625,91.95284271240234
2019-05-28,8634.7216796875,267.5143737792969,,0.4210210144519806,0.003071000101044774,0.08762100338935852,1.152737021446228,112.99124145507812,429.76763916015625,95.65877532958984
2019-05-29,8482.728515625,263.0914001464844,,0.4243139922618866,0.003082999959588051,0.08616799861192703,1.1552820205688477,110.47267150878906,422.6376953125,90.57833862304688
2019-05-30,8221.2734375,247.34860229492188,,0.41367700695991516,0.003109999932348728,0.0817440003156662,0.9713699817657471,105.29833221435547,414.1459045410156,89.8499755859375
2019-05-31,8172.55078125,249.11184692382812,,0.4129279851913452,0.00317199993878603,0.08187299966812134,0.9629330039024353,105.91383361816406,417.6964416503906,89.4616928100586
2019-06-01,8481.578125,263.52459716796875,,0.4241810142993927,0.0033599999733269215,0.08639799803495407,0.9644119739532471,111.67902374267578,432.1846618652344,91.54658508300781
2019-06-02,8561.2353515625,265.0418701171875,,0.42979899048805237,0.0033420000690966845,0.09061399847269058,0.9481509923934937,111.91221618652344,434.2744140625,92.80723571777344
2019-06-03,8204.185546875,251.26219177246094,,0.4249489903450012,0.003194000106304884,0.08847200125455856,0.903734028339386,106.46244812011719,403.6966552734375,89.4593505859375
2019-06-04,7564.48876953125,236.12721252441406,,0.391092985868454,0.002985999919474125,0.07982099801301956,0.8574050068855286,99.2943115234375,368.95111083984375,81.32901000976562
2019-06-05,7668.66845703125,239.98345947265625,,0.39268800616264343,0.0029800001066178083,0.08047299832105637,0.8832499980926514,101.21884155273438,382.5960998535156,83.39106750488281
2019-06-06,7571.47119140625,238.50111389160156,,0.3949179947376251,0.003005000064149499,0.07893399894237518,1.063858985900879,102.08814239501953,373.9526062011719,83.56977844238281
2019-06-07,7788.37353515625,246.597900390625,,0.41600099205970764,0.0030590000096708536,0.08276399970054626,1.0791590213775635,109.5865707397461,392.3882751464844,85.48729705810547
2019-06-08,7837.61083984375,243.22911071777344,,0.40766701102256775,0.0030169999226927757,0.08232200145721436,1.1351070404052734,114.45549774169922,387.5859680175781,86.32457733154297
2019-06-09,7583.2197265625,229.25743103027344,,0.37996700406074524,0.0029780000913888216,0.07763099670410156,1.0368729829788208,112.56881713867188,373.63507080078125,82.453857421875
2019-06-10,7586.73095703125,229.34176635742188,,0.383884996175766,0.002991999965161085,0.0783500000834465,1.0552129745483398,113.1698989868164,375.78143310546875,82.68637084960938
2019-06-11,7772.8037109375,239.82534790039062,,0.38719600439071655,0.0029980000108480453,0.08258900046348572,1.1037030220031738,125.9625244140625,380.786865234375,85.49388122558594
2019-06-12,7862.35986328125,244.49131774902344,,0.390625,0.0030189999379217625,0.08649300038814545,1.1094449758529663,132.23800659179688,385.7334899902344,85.95645141601562
2019-06-13,8087.06103515625,255.59628295898438,,0.3993520140647888,0.0030300000216811895,0.08870399743318558,1.1251959800720215,129.1358184814453,395.5025634765625,89.15858459472656
2019-06-14,8183.39306640625,254.14743041992188,,0.3938150107860565,0.003037000074982643,0.08571100234985352,1.4687939882278442,126.86178588867188,402.3648986816406,87.33352661132812
2019-06-15,8618.3955078125,262.1212158203125,,0.40347498655319214,0.003097000066190958,0.09048499912023544,1.627066969871521,133.1439666748047,413.14654541015625,89.96674346923828
2019-06-16,8814.556640625,265.53533935546875,,0.40830299258232117,0.0031349998898804188,0.09063299745321274,1.6166319847106934,134.54083251953125,418.9837646484375,94.3564224243164
2019-06-17,8988.923828125,268.3537902832031,,0.4270919859409332,0.0031250000465661287,0.0915519967675209,1.6738760471343994,133.05030822753906,427.06011962890625,95.82061004638672
2019-06-18,9004.9013671875,263.1444396972656,,0.42363399267196655,0.003109999932348728,0.08872099965810776,1.7705140113830566,129.7471466064453,405.3097229003906,95.68468475341797
2019-06-19,9070.3955078125,264.7547912597656,,0.4264490008354187,0.003097000066190958,0.0889509990811348,1.7990219593048096,134.03050231933594,410.7271728515625,96.17500305175781
2019-06-20,9232.484375,265.5004577636719,,0.4235039949417114,0.0030950000509619713,0.08555900305509567,1.69412100315094,132.64306640625,406.5605773925781,100.20919036865234
2019-06-21,9525.07421875,271.74310302734375,,0.42953500151634216,0.003128000069409609,0.08740299940109253,1.6208750009536743,135.50851440429688,413.1700439453125,104.96028137207031
2019-06-22,10107.03515625,294.7282409667969,,0.4425710141658783,0.0031850000377744436,0.0892530009150505,1.6924899816513062,138.479736328125,437.84326171875,109.16544342041016
2019-06-23,10556.095703125,305.76458740234375,,0.4654240012168884,0.0032500000670552254,0.0941229984164238,1.7612179517745972,136.321533203125,472.20159912109375,113.83968353271484
2019-06-24,10610.427734375,299.5595397949219,,0.4521619975566864,0.0032339999452233315,0.09409800171852112,1.7926310300827026,132.83248901367188,464.7994079589844,112.3139419555664
2019-06-25,11007.2021484375,307.6431579589844,,0.45887500047683716,0.003269999986514449,0.09367100149393082,1.856896996498108,130.8856964111328,466.3026428222656,111.33837127685547
2019-06-26,11755.59765625,315.9548645019531,,0.4608440101146698,0.003252000082284212,0.0962119996547699,2.0146169662475586,128.944091796875,465.767578125,101.56189727783203
2019-06-27,10491.8525390625,278.5732421875,,0.3953869938850403,0.0029899999499320984,0.08264400064945221,2.0714170932769775,110.66587829589844,392.8160095214844,87.07959747314453
2019-06-28,10914.4951171875,292.9398193359375,,0.4021579921245575,0.003315000096336007,0.08485999703407288,2.174588918685913,113.46674346923828,401.49932861328125,92.55260467529297
2019-06-29,11508.37890625,294.75384521484375,,0.40595799684524536,0.0033140000887215137,0.0847340002655983,2.9012019634246826,116.21924591064453,415.3876037597656,93.78286743164062
2019-06-30,10799.0087890625,290.69598388671875,,0.3964110016822815,0.0032470000442117453,0.08209799975156784,3.392554998397827,120.44098663330078,399.4703674316406,87.53482818603516
2019-07-01,10089.314453125,280.0228271484375,,0.38967299461364746,0.0030930000357329845,0.08050400018692017,2.951939105987549,114.22135162353516,390.7604675292969,83.87574005126953
2019-07-02,9737.884765625,272.6025695800781,,0.38447698950767517,0.0030799999367445707,0.07677700370550156,3.232567071914673,112.64794158935547,382.8271789550781,82.01181030273438
2019-07-03,10818.15625,291.4016418457031,,0.39672398567199707,0.00317199993878603,0.08019699901342392,3.5302770137786865,118.37224578857422,407.33453369140625,86.04248809814453
2019-07-04,11166.5693359375,282.7657470703125,,0.38797399401664734,0.003131000092253089,0.07758799940347672,3.311237096786499,119.0459976196289,400.4584655761719,87.61418914794922
2019-07-05,10874.96484375,282.6947021484375,,0.37561100721359253,0.0031300000846385956,0.07602699846029282,3.445952892303467,117.1535873413086,393.67578125,86.30526733398438
2019-07-06,10982.5439453125,286.6658630371094,,0.3784630000591278,0.003470000112429261,0.07628899812698364,3.463123083114624,117.32711791992188,399.2803039550781,89.13372039794922
2019-07-07,11148.8046875,286.10919189453125,,0.38762399554252625,0.003495000069960952,0.07698199898004532,3.2821600437164307,117.6410903930664,400.75726318359375,93.1717758178711
2019-07-08,11393.3740234375,303.5004577636719,,0.3923279941082001,0.003512999974191189,0.07900399714708328,3.2727530002593994,118.59856414794922,406.4800109863281,100.80876922607422
2019-07-09,12233.26171875,305.28582763671875,,0.3912859857082367,0.003459000028669834,0.07735399901866913,2.982125997543335,118.22809600830078,412.43853759765625,98.01380157470703
2019-07-10,11710.978515625,285.5657958984375,,0.35207799077033997,0.003364000003784895,0.06982500106096268,2.8822031021118164,103.82218933105469,383.675048828125,92.54662322998047
2019-07-11,11158.9228515625,266.09466552734375,,0.32292601466178894,0.003189000068232417,0.06301499903202057,2.777653932571411,97.28199768066406,325.73919677734375,87.15443420410156
2019-07-12,11179.14453125,268.0000305175781,,0.32329800724983215,0.003206999972462654,0.06361699849367142,2.6665759086608887,101.21263122558594,339.87554931640625,86.11091613769531
2019-07-13,10908.4794921875,263.0682678222656,,0.3252890110015869,0.0031739999540150166,0.06456699967384338,3.0508251190185547,98.0140380859375,334.47955322265625,89.2548599243164
2019-07-14,10234.576171875,227.2692108154297,,0.30532601475715637,0.003010000102221966,0.05937099829316139,2.7808799743652344,88.80690002441406,281.2030944824219,85.65300750732422
2019-07-15,9992.0068359375,210.39126586914062,,0.2986690104007721,0.0029219998978078365,0.055500999093055725,2.6015288829803467,85.68106842041016,258.64898681640625,76.15348815917969
2019-07-16,9448.1064453125,197.37789916992188,,0.29129400849342346,0.0028019999153912067,0.05081700161099434,2.1754019260406494,77.49899291992188,273.0263671875,73.3675537109375
2019-07-17,9163.134765625,193.99041748046875,,0.29455000162124634,0.0027719999197870493,0.050071001052856445,2.0678250789642334,77.49747467041016,275.5740661621094,71.41831970214844
2019-07-18,9376.798828125,208.03773498535156,,0.30662399530410767,0.002876000013202429,0.05355599895119667,2.3542709350585938,87.44803619384766,286.13916015625,75.00166320800781
2019-07-19,10229.62890625,215.83824157714844,,0.3141469955444336,0.002971000038087368,0.05665900185704231,2.51557993888855,95.72212219238281,298.4599609375,80.59871673583984
2019-07-20,10451.2763671875,221.18948364257812,,0.3200789988040924,0.0030380000825971365,0.05963300168514252,2.5979039669036865,97.70774841308594,306.11419677734375,81.82405090332031
2019-07-21,10389.599609375,219.0277557373047,,0.32330799102783203,0.002982999896630645,0.0596419982612133,2.4976398944854736,96.9504165649414,312.7406005859375,83.00308227539062
2019-07-22,10154.921875,213.44837951660156,,0.31813299655914307,0.002966000000014901,0.05825899913907051,2.4003820419311523,92.30303955078125,303.041015625,81.38729858398438
2019-07-23,9883.5947265625,209.63812255859375,,0.30765199661254883,0.002873999997973442,0.0554019995033741,2.259610891342163,89.44454193115234,294.3013610839844,80.13031005859375
2019-07-24,9614.306640625,203.89340209960938,,0.3052760064601898,0.002816000021994114,0.054026998579502106,2.3008029460906982,88.1529312133789,284.7323913574219,78.57540130615234
2019-07-25,9773.95703125,216.13514709472656,,0.3138810098171234,0.002905000001192093,0.0583919994533062,2.3842530250549316,92.47152709960938,296.8819274902344,80.23670196533203
2019-07-26,9717.982421875,214.1256866455078,,0.3097200095653534,0.002882000058889389,0.057062000036239624,2.350337028503418,90.75366973876953,296.6938781738281,78.71365356445312
2019-07-27,9411.521484375,204.9039306640625,,0.30730101466178894,0.0027970001101493835,0.05749699845910072,2.233293056488037,87.69709014892578,302.54541015625,77.49882507324219
2019-07-28,9252.296875,202.25289916992188,,0.30410999059677124,0.0027920000720769167,0.05716300010681152,2.1349830627441406,85.35436248779297,299.0032653808594,77.14860534667969
2019-07-29,9472.9482421875,208.76431274414062,,0.3080199956893921,0.0028089999686926603,0.058410000056028366,2.1309878826141357,88.56600952148438,305.7744445800781,77.51628875732422
2019-07-30,9437.3359375,206.86761474609375,,0.3078649938106537,0.0028009999077767134,0.05882599949836731,2.0127029418945312,89.02040100097656,305.2937316894531,77.30927276611328
2019-07-31,9598.09765625,210.4379119873047,,0.3172439932823181,0.002816000021994114,0.059404999017715454,2.078782081604004,90.33488464355469,315.8302917480469,77.99818420410156
2019-08-01,9922.01953125,212.9145050048828,,0.31313401460647583,0.002859999891370535,0.05798399820923805,2.1231019496917725,95.98094177246094,320.07275390625,79.92097473144531
2019-08-02,10371.013671875,215.975830078125,,0.3108440041542053,0.002896999940276146,0.05664699897170067,2.1519548892974854,93.54407501220703,322.76666259765625,81.70004272460938
2019-08-03,10503.5048828125,217.3317413330078,,0.31169599294662476,0.002899999963119626,0.05692100152373314,2.340564012527466,94.15895080566406,325.40423583984375,83.92761993408203
2019-08-04,10620.2783203125,218.49217224121094,,0.31232500076293945,0.0028639999218285084,0.05619300156831741,2.424612045288086,91.45407104492188,329.0722961425781,85.9835433959961
2019-08-05,10960.7353515625,222.6038818359375,,0.3194099962711334,0.0029360000044107437,0.05612799897789955,2.4804270267486572,93.08528137207031,333.58184814453125,88.10095977783203
2019-08-06,11290.7314453125,223.55117797851562,,0.3088949918746948,0.002919000107795,0.053004998713731766,2.354231119155884,91.66018676757812,330.5421447753906,88.16928100585938
2019-08-07,11433.701171875,222.77545166015625,,0.3087199926376343,0.0029380000196397305,0.051444001495838165,2.3709208965301514,88.54072570800781,331.1510314941406,89.33486938476562
2019-08-08,11556.16796875,216.51625061035156,,0.30511200428009033,0.002858000108972192,0.05043400079011917,2.286608934402466,88.49970245361328,326.4242858886719,91.55796813964844
2019-08-09,11709.7451171875,208.2459716796875,,0.293271005153656,0.0028689999599009752,0.0474729984998703,2.1718270778656006,83.48514556884766,312.111572265625,91.00296783447266
2019-08-10,11323.8984375,203.79310607910156,,0.2934429943561554,0.00279600010253489,0.04760799929499626,2.152754068374634,83.13603210449219,307.3421325683594,90.69217681884766
2019-08-11,11248.294921875,206.51080322265625,,0.29691100120544434,0.0028389999642968178,0.05194700136780739,2.275351047515869,85.44612121582031,315.7061767578125,90.21985626220703
2019-08-12,11320.951171875,210.9464874267578,,0.2985059916973114,0.0028689999599009752,0.05264899879693985,2.349687099456787,85.63082122802734,329.3276062011719,90.59480285644531
2019-08-13,10830.3271484375,205.42250061035156,,0.29356199502944946,0.0028039999306201935,0.050009001046419144,2.3221399784088135,83.34724426269531,328.3232727050781,84.87761688232422
2019-08-14,10028.1357421875,186.33192443847656,,0.2523899972438812,0.0027149999514222145,0.0469679981470108,2.212233066558838,75.96186065673828,310.70635986328125,78.45259094238281
2019-08-15,9675.31640625,178.14256286621094,,0.2561120092868805,0.0025839998852461576,0.045497000217437744,2.218583106994629,72.9977798461914,282.0447082519531,74.59609985351562
2019-08-16,9855.478515625,180.3848419189453,,0.25697699189186096,0.002560999942943454,0.044860001653432846,2.251068115234375,73.06852722167969,301.3765869140625,78.32808685302734
2019-08-17,10086.6982421875,182.59388732910156,,0.25925201177597046,0.002618999918922782,0.046337999403476715,2.3100059032440186,72.26969146728516,301.6807861328125,81.0435791015625
2019-08-18,10119.0947265625,183.69224548339844,,0.26357901096343994,0.002621999941766262,0.047047000378370285,2.373749017715454,71.66908264160156,303.26007080078125,81.67174530029297
2019-08-19,10313.2041015625,193.10824584960938,,0.278425008058548,0.002715999959036708,0.049685999751091,2.4549529552459717,75.88134765625,313.9674072265625,84.7790298461914
2019-08-20,10618.9609375,195.61953735351562,,0.27344200015068054,0.002713999943807721,0.04884200170636177,2.3619608879089355,73.94193267822266,314.12890625,84.55142211914062
2019-08-21,9962.7216796875,182.68917846679688,,0.26068800687789917,0.0026199999265372753,0.046045999974012375,2.170836925506592,70.58210754394531,293.931640625,79.26325988769531
2019-08-22,9831.462890625,183.384521484375,,0.2619670033454895,0.002616999903693795,0.04673900082707405,2.1648108959198,71.30902099609375,295.5855407714844,78.53889465332031
2019-08-23,10078.1923828125,189.56231689453125,,0.268559992313385,0.0026569999754428864,0.048902999609708786,2.186980962753296,72.86895751953125,305.7255859375,81.2289047241211
2019-08-24,9982.296875,187.62725830078125,,0.2675270140171051,0.0026140001136809587,0.04831499978899956,2.1732749938964844,72.32014465332031,302.4416809082031,78.64692687988281
2019-08-25,10008.7890625,184.96475219726562,,0.2679539918899536,0.002624999964609742,0.048712000250816345,2.043431043624878,71.17426300048828,302.548095703125,79.26693725585938
2019-08-26,10126.2998046875,186.7355499267578,,0.2685750126838684,0.0026400000788271427,0.048893000930547714,2.0566859245300293,72.12271118164062,304.6582336425781,79.0655288696289
2019-08-27,10087.30078125,185.47293090820312,,0.2662160098552704,0.0026000000070780516,0.048179998993873596,2.0288610458374023,72.36612701416016,304.2499694824219,77.53898620605469
2019-08-28,9716.65625,172.18560791015625,,0.25294798612594604,0.0025110000278800726,0.045701999217271805,1.8923159837722778,66.53832244873047,290.400634765625,72.14676666259766
2019-08-29,9421.6298828125,167.1708984375,,0.24995100498199463,0.002392000053077936,0.0433959998190403,1.7484430074691772,63.62866973876953,277.6694641113281,67.04275512695312
2019-08-30,9428.302734375,167.0714111328125,,0.2527340054512024,0.0024270000867545605,0.04425400123000145,1.7515159845352173,62.61457824707031,272.8811340332031,66.27490997314453
2019-08-31,9531.7998046875,167.80258178710938,,0.25545400381088257,0.0024590000975877047,0.044082000851631165,1.7509640455245972,63.01076126098633,273.7160949707031,66.4036636352539
2019-09-01,9582.9443359375,169.53128051757812,,0.25430598855018616,0.0024429999757558107,0.04372899979352951,1.7311650514602661,64.49559783935547,276.0785217285156,66.92832946777344
2019-09-02,9730.650390625,170.45169067382812,,0.25438299775123596,0.002461999887600541,0.043421998620033264,1.7393499612808228,64.95519256591797,280.58612060546875,70.04903411865234
2019-09-03,10308.5478515625,175.9701690673828,,0.2581630051136017,0.0025599999353289604,0.0447859987616539,1.8249260187149048,66.63894653320312,293.4696960449219,73.16699981689453
2019-09-04,10434.7099609375,175.3253631591797,,0.25821200013160706,0.00254100002348423,0.04521699994802475,1.7471599578857422,67.06103515625,294.1089172363281,71.87770080566406
2019-09-05,10516.41796875,171.746826171875,,0.25496000051498413,0.0025049999821931124,0.04395899921655655,1.7742600440979004,64.61590576171875,286.78765869140625,73.68278503417969
2019-09-06,10292.2998046875,168.34133911132812,,0.25080499053001404,0.002460000105202198,0.043793000280857086,1.7099440097808838,64.89051055908203,284.37054443359375,75.3967514038086
2019-09-07,10348.9189453125,169.44412231445312,,0.2512730062007904,0.0024790000170469284,0.043848998844623566,1.7193440198898315,64.90352630615234,285.67449951171875,74.22114562988281
2019-09-08,10409.0908203125,178.1425018310547,,0.2592700123786926,0.0024689999409019947,0.04621100053191185,1.7764769792556763,68.93650817871094,300.3133850097656,76.79426574707031
2019-09-09,10144.9296875,177.4193572998047,,0.2576430141925812,0.00241800001822412,0.04550100117921829,1.7700010538101196,68.5150375366211,299.2454833984375,74.6197509765625
2019-09-10,10020.5732421875,178.12242126464844,,0.2561050057411194,0.002409999957308173,0.04591500014066696,1.785338044166565,70.0732421875,301.0289611816406,71.7702407836914
2019-09-11,9980.7763671875,176.50091552734375,,0.2534010112285614,0.0023900000378489494,0.044585999101400375,1.724100947380066,68.97483825683594,294.45184326171875,70.1594467163086
2019-09-12,10099.2421875,177.84732055664062,,0.2525550127029419,0.002366000087931752,0.044422999024391174,1.684298038482666,68.73841857910156,295.9144592285156,72.08291625976562
2019-09-13,10226.5966796875,178.58204650878906,,0.2531369924545288,0.0023980000987648964,0.04496299847960472,1.5252970457077026,67.91339874267578,295.8242492675781,72.92791748046875
2019-09-14,10291.6943359375,180.37220764160156,,0.25484800338745117,0.0024049999192357063,0.044961001724004745,1.539175033569336,68.48624420166016,297.2742614746094,73.94427490234375
2019-09-15,10313.0927734375,186.44732666015625,,0.2597140073776245,0.002437999937683344,0.04623100161552429,1.5653280019760132,69.97159576416016,303.3144836425781,74.23322296142578
2019-09-16,10189.744140625,189.6893310546875,,0.2591809928417206,0.0024300001095980406,0.04609899967908859,1.5541599988937378,70.1119613647461,302.870849609375,72.04399108886719
2019-09-17,10199.7392578125,196.71548461914062,,0.26030799746513367,0.0024429999757558107,0.047106001526117325,1.5621620416641235,72.41905212402344,306.11224365234375,73.84489440917969
2019-09-18,10191.4697265625,208.05059814453125,,0.2839210033416748,0.0025820001028478146,0.04886600002646446,1.6252989768981934,74.14994049072266,319.39166259765625,74.0014419555664
2019-09-19,9851.6923828125,204.68577575683594,,0.2870509922504425,0.0025889999233186245,0.04990699887275696,1.749284029006958,73.38317108154297,309.92254638671875,72.98521423339844
2019-09-20,10132.1865234375,215.15963745117188,,0.2887290120124817,0.002644999884068966,0.050519999116659164,1.766126036643982,73.8720932006836,312.2625427246094,72.9177017211914
2019-09-21,10000.7080078125,215.0001678466797,,0.2877750098705292,0.002555999904870987,0.0513480007648468,1.8002740144729614,72.90705871582031,311.16412353515625,72.47159576416016
2019-09-22,9922.533203125,207.64492797851562,,0.2743160128593445,0.002546000061556697,0.047857001423835754,1.782323956489563,71.80260467529297,304.2052917480469,71.45366668701172
2019-09-23,9727.1435546875,201.88723754882812,,0.2685750126838684,0.0024820000398904085,0.04626400023698807,1.7875109910964966,64.3250503540039,293.06536865234375,68.71991729736328
2019-09-24,8370.8017578125,162.727783203125,,0.2270520031452179,0.002076999982818961,0.03602299839258194,1.5900110006332397,55.823638916015625,216.06192016601562,58.6369514465332
2019-09-25,8325.396484375,164.91348266601562,,0.23490600287914276,0.0021100000012665987,0.0363520011305809,1.6521819829940796,54.254356384277344,219.02830505371094,57.87845993041992
2019-09-26,7895.62939453125,157.1303253173828,,0.23403699696063995,0.0020759999752044678,0.03564300015568733,1.5576900243759155,51.844608306884766,208.16807556152344,55.26164245605469
2019-09-27,7965.9228515625,163.20950317382812,,0.23674499988555908,0.0021210000850260258,0.03720900043845177,1.5776489973068237,53.77085876464844,211.42738342285156,55.87772750854492
2019-09-28,8125.431640625,170.77395629882812,,0.24075399339199066,0.002202000003308058,0.03844499960541725,1.6550229787826538,54.637699127197266,220.8559112548828,56.64689254760742
2019-09-29,7990.4970703125,166.99769592285156,,0.2375440001487732,0.002185000106692314,0.03664200007915497,1.6705009937286377,52.9976692199707,215.17234802246094,54.8939323425293
2019-09-30,7830.7587890625,167.03660583496094,,0.238319993019104,0.002171000000089407,0.036421999335289,1.6514019966125488,53.319053649902344,215.0645751953125,53.90695571899414
2019-10-01,8232.6796875,175.81265258789062,,0.24784299731254578,0.002380999969318509,0.03839600086212158,1.7582659721374512,55.50624084472656,221.16799926757812,55.70294952392578
2019-10-02,8227.6953125,175.3342742919922,,0.24679100513458252,0.0023139999248087406,0.03786800056695938,1.8277159929275513,55.598915100097656,221.7948455810547,54.78439712524414
2019-10-03,8146.43701171875,172.59986877441406,,0.24436600506305695,0.0022899999748915434,0.03787599876523018,1.9030749797821045,54.8372917175293,219.37814331054688,54.46245193481445
2019-10-04,8151.23681640625,173.5640869140625,,0.24742500483989716,0.00228299992159009,0.037911999970674515,1.9128659963607788,56.044254302978516,220.6988983154297,54.7947883605957
2019-10-05,8071.12060546875,173.06956481933594,,0.24938400089740753,0.0023070001043379307,0.03884400054812431,1.921949028968811,55.88550567626953,219.3413543701172,55.6997184753418
2019-10-06,7958.8505859375,171.29977416992188,,0.25234100222587585,0.0022899999748915434,0.03885100036859512,1.9635000228881836,54.59280776977539,220.4212646484375,55.13341522216797
2019-10-07,7905.76611328125,171.52781677246094,,0.25562700629234314,0.002305000089108944,0.03863000124692917,2.1291449069976807,54.44594955444336,221.59799194335938,54.983638763427734
2019-10-08,8185.76318359375,179.13339233398438,,0.2717440128326416,0.0023240000009536743,0.040504999458789825,2.279071092605591,57.0092887878418,229.16993713378906,55.22003936767578
2019-10-09,8169.298828125,180.66844177246094,,0.27491500973701477,0.0023169999476522207,0.04097200185060501,2.5228559970855713,56.97870635986328,229.7423553466797,55.217529296875
2019-10-10,8471.93359375,188.3064727783203,,0.2688930034637451,0.0023300000466406345,0.040856000036001205,2.4976260662078857,57.430686950683594,229.72500610351562,55.239959716796875
2019-10-11,8316.181640625,181.66183471679688,,0.26858898997306824,0.0022899999748915434,0.04056200012564659,2.594904899597168,55.99586868286133,221.38304138183594,54.438785552978516
2019-10-12,8313.3408203125,179.98483276367188,,0.27107399702072144,0.002309999894350767,0.04048199951648712,2.572343111038208,55.74159622192383,222.72828674316406,53.74378967285156
2019-10-13,8276.6123046875,180.31715393066406,,0.2723830044269562,0.002322999993339181,0.040511999279260635,2.4583089351654053,55.87654113769531,223.07420349121094,52.85321044921875
2019-10-14,8284.130859375,181.6622772216797,,0.27666598558425903,0.002428000094369054,0.041110001504421234,2.4682259559631348,56.4776496887207,223.8332061767578,52.66172790527344
2019-10-15,8182.70654296875,179.46278381347656,,0.28417399525642395,0.0024949999060481787,0.03936700150370598,2.3519020080566406,54.711639404296875,221.08274841308594,51.829349517822266
2019-10-16,7985.08984375,174.0641632080078,,0.2809619903564453,0.0025059999898076057,0.037804000079631805,2.1992249488830566,52.16562271118164,215.23330688476562,51.88577651977539
2019-10-17,8000.94287109375,174.56582641601562,,0.2826080024242401,0.002589999930933118,0.038169000297784805,2.294995069503784,52.35133361816406,215.58338928222656,54.87941360473633
2019-10-18,7902.1640625,171.0050506591797,,0.2869639992713928,0.0026680000592023134,0.03759099915623665,2.3354899883270264,52.79499816894531,211.0399169921875,55.50873565673828
2019-10-19,7944.77685546875,172.2154541015625,,0.2899009883403778,0.0026680000592023134,0.037831999361515045,2.3025059700012207,53.074405670166016,211.58914184570312,53.7896614074707
2019-10-20,7949.439453125,171.21072387695312,,0.28577300906181335,0.002684999955818057,0.03844299912452698,2.301352024078369,53.21806335449219,212.80612182617188,54.13827133178711
2019-10-21,8196.416015625,173.28775024414062,,0.2897680103778839,0.0026179999113082886,0.038694001734256744,2.4399759769439697,54.02457046508789,224.10743713378906,55.98674392700195
2019-10-22,8074.462890625,172.2662353515625,,0.2911039888858795,0.0025599999353289604,0.03880999982357025,2.584834098815918,53.643375396728516,227.4394073486328,56.195587158203125
2019-10-23,7469.32275390625,157.4634246826172,,0.26008298993110657,0.002389000030234456,0.03578599914908409,2.4261860847473145,48.49518966674805,203.07188415527344,52.16227722167969
2019-10-24,7446.98876953125,160.88795471191406,,0.2692739963531494,0.0024510000366717577,0.03620300069451332,2.6129279136657715,49.01729202270508,208.05812072753906,51.275508880615234
2019-10-25,7479.984375,161.9660186767578,,0.27724000811576843,0.0025019999593496323,0.03758100047707558,2.646622896194458,49.609222412109375,213.81170654296875,52.957462310791016
2019-10-26,8662.6220703125,176.13380432128906,,0.2868179976940155,0.0025909999385476112,0.0396680012345314,2.674752950668335,54.728668212890625,244.4581756591797,55.49654769897461
2019-10-27,9112.5419921875,177.68235778808594,,0.28993499279022217,0.0025949999690055847,0.0396369993686676,2.6245110034942627,55.91541290283203,246.33999633789062,55.68278884887695
2019-10-28,9256.1484375,180.2495574951172,,0.29358699917793274,0.0026289999950677156,0.04205099865794182,2.667318105697632,57.669795989990234,260.1059265136719,59.002071380615234
2019-10-29,9232.6484375,182.36436462402344,,0.29535698890686035,0.002644000109285116,0.04225900024175644,2.6547720432281494,58.051361083984375,264.2819519042969,59.1679573059082
2019-10-30,9085.3701171875,181.54637145996094,,0.2924030125141144,0.0025969999842345715,0.04133399948477745,2.530155897140503,57.603004455566406,285.736083984375,57.66032409667969
2019-10-31,9028.7177734375,180.068359375,,0.29093798995018005,0.0025859999004751444,0.040456000715494156,2.5562500953674316,57.6921272277832,274.42755126953125,57.57815933227539
2019-11-01,9132.0478515625,181.09449768066406,,0.2889319956302643,0.0025909999385476112,0.04123999923467636,2.662529945373535,57.71910858154297,274.111328125,58.761295318603516
2019-11-02,9249.587890625,182.79766845703125,,0.29253900051116943,0.0025969999842345715,0.042068999260663986,2.690063953399658,58.219505310058594,278.97576904296875,60.754249572753906
2019-11-03,9141.251953125,179.81814575195312,,0.28881800174713135,0.002621999941766262,0.04135800153017044,2.646399974822998,57.6411247253418,283.7283630371094,61.27359390258789
2019-11-04,9191.4853515625,181.8216094970703,,0.29089298844337463,0.002589999930933118,0.041606999933719635,2.646806001663208,58.383060455322266,286.8377685546875,62.53628921508789
2019-11-05,9256.931640625,184.3319854736328,,0.2979170083999634,0.002575000049546361,0.04323200136423111,2.641292095184326,61.31672668457031,287.9293212890625,62.09312057495117
2019-11-06,9305.9091796875,188.6676788330078,,0.29873499274253845,0.0026149998884648085,0.04382599890232086,2.657757043838501,62.95673751831055,292.6396789550781,62.75078201293945
2019-11-07,9202.353515625,186.56700134277344,,0.283394992351532,0.0026080000679939985,0.04272399842739105,2.62939190864563,61.0816535949707,289.445556640625,62.88768768310547
2019-11-08,8775.5341796875,182.54136657714844,,0.2740049958229065,0.0026030000299215317,0.04137999936938286,2.6432669162750244,59.50968933105469,274.3011779785156,60.15288162231445
2019-11-09,8793.1630859375,183.90223693847656,,0.2763279974460602,0.0026499999221414328,0.042139001190662384,2.714982032775879,60.37997055053711,277.87628173828125,60.667354583740234
2019-11-10,8806.162109375,184.68678283691406,,0.2766689956188202,0.002686999971047044,0.04238799959421158,2.7287440299987793,61.80536651611328,281.3175048828125,61.982513427734375
2019-11-11,8700.6083984375,185.08631896972656,,0.2720080018043518,0.002669000066816807,0.04249899834394455,2.690696954727173,61.3675422668457,284.3930358886719,61.43830490112305
2019-11-12,8685.427734375,184.19105529785156,,0.270781010389328,0.002678999910131097,0.043226998299360275,2.742600917816162,60.68977737426758,284.54730224609375,61.877323150634766
2019-11-13,8761.6513671875,185.9379425048828,,0.2713029980659485,0.0026650000363588333,0.04332000017166138,2.789124011993408,60.87253189086914,284.0876159667969,62.112125396728516
2019-11-14,8692.5517578125,184.99229431152344,,0.26806899905204773,0.0026420000940561295,0.042399000376462936,2.9576609134674072,59.416015625,277.435791015625,64.35890197753906
2019-11-15,8484.84375,179.3795623779297,,0.259878009557724,0.002609000075608492,0.04232899844646454,2.8571839332580566,57.536869049072266,264.03564453125,61.950721740722656
2019-11-16,8473.9736328125,179.9856719970703,,0.2606090009212494,0.0026360000483691692,0.04351099953055382,2.9366350173950195,57.471153259277344,263.398681640625,61.49845886230469
2019-11-17,8500.9677734375,182.33680725097656,,0.26283198595046997,0.002641000086441636,0.04366999864578247,2.9042420387268066,58.34485626220703,264.3968811035156,61.6954460144043
2019-11-18,8273.5732421875,179.17550659179688,,0.24984200298786163,0.002549000084400177,0.043542999774217606,2.770004987716675,55.85797119140625,246.32504272460938,59.0634651184082
2019-11-19,8099.96337890625,175.19711303710938,,0.246970996260643,0.0025190000887960196,0.04138299822807312,2.6109330654144287,54.94187545776367,236.82666015625,58.294315338134766
2019-11-20,8010.51171875,175.29043579101562,,0.25033101439476013,0.0025430000387132168,0.04080900177359581,2.659346103668213,55.092674255371094,241.5186309814453,57.95297622680664
2019-11-21,7597.3818359375,159.36512756347656,,0.24078400433063507,0.002377999946475029,0.0377269983291626,2.4828460216522217,50.154815673828125,222.45668029785156,53.54994583129883
2019-11-22,6936.70654296875,142.34410095214844,,0.22568699717521667,0.002239000052213669,0.03461100161075592,2.172290086746216,44.89057540893555,198.1520538330078,48.67329025268555
2019-11-23,7151.41796875,147.6012420654297,,0.22770699858665466,0.0023270000237971544,0.03670100122690201,2.2716259956359863,46.77606201171875,202.89207458496094,50.35236358642578
2019-11-24,7029.2890625,142.83470153808594,,0.2231840044260025,0.0022980000358074903,0.03555599972605705,2.2524490356445312,44.73422622680664,205.13685607910156,48.22219467163086
2019-11-25,6617.1669921875,133.80233764648438,,0.20701299607753754,0.0021279999054968357,0.03333599865436554,2.0556180477142334,42.96390914916992,194.7613067626953,46.02548599243164
2019-11-26,7098.572265625,145.2168731689453,,0.21495699882507324,0.002265000017359853,0.035705000162124634,2.1798930168151855,45.66331481933594,208.3456573486328,49.769676208496094
2019-11-27,6974.17431640625,143.52560424804688,,0.21619899570941925,0.002228999976068735,0.03578300029039383,2.1396989822387695,45.441307067871094,206.61289978027344,50.611671447753906
2019-11-28,7454.12158203125,151.09112548828125,,0.22419799864292145,0.0023129999171942472,0.03864099830389023,2.1926469802856445,47.0204963684082,218.5828094482422,53.793006896972656
2019-11-29,7460.75634765625,151.46043395996094,,0.22412900626659393,0.002305000089108944,0.03919399902224541,2.269670009613037,47.091339111328125,218.44227600097656,53.9677848815918
2019-11-30,7515.849609375,151.225341796875,,0.22454600036144257,0.0023139999248087406,0.04006800055503845,2.2152209281921387,47.089988708496094,217.4271697998047,54.181724548339844
2019-12-01,7291.341796875,147.06793212890625,,0.22025300562381744,0.002256999956443906,0.03846700116991997,2.141741991043091,46.24003601074219,212.4992218017578,52.65985107421875
2019-12-02,7233.3994140625,147.60679626464844,,0.2172829955816269,0.0022040000185370445,0.03757999837398529,2.0653159618377686,45.323387145996094,212.3609619140625,52.519447326660156
2019-12-03,7229.35693359375,146.00167846679688,,0.21667499840259552,0.0021669999696314335,0.03722599893808365,2.0502569675445557,44.76341247558594,211.61952209472656,53.42660903930664
2019-12-04,7170.9228515625,145.00088500976562,,0.21260300278663635,0.0021649999544024467,0.03655000030994415,2.018254041671753,44.58303451538086,205.88967895507812,52.090999603271484
2019-12-05,7232.6767578125,145.45907592773438,,0.21396499872207642,0.0021720000077039003,0.03696899861097336,1.972264051437378,44.362117767333984,206.9312286376953,52.378074645996094
2019-12-06,7392.17529296875,147.6065216064453,,0.2207850068807602,0.0021800000686198473,0.0374779999256134,1.9884289503097534,44.75363540649414,210.40313720703125,53.786373138427734
2019-12-07,7525.71142578125,148.37477111816406,,0.2253900021314621,0.0022009999956935644,0.03819499909877777,2.054258108139038,45.39917755126953,212.40818786621094,53.71672058105469
2019-12-08,7476.09130859375,148.31333923339844,,0.2262600064277649,0.0022070000413805246,0.03838599845767021,2.0285511016845703,45.44730758666992,210.96163940429688,53.77871322631836
2019-12-09,7365.9853515625,147.62136840820312,,0.22318300604820251,0.0021979999728500843,0.037422001361846924,2.0223019123077393,44.714351654052734,208.23663330078125,53.21382522583008
2019-12-10,7246.0439453125,144.907958984375,,0.22127600014209747,0.002185000106692314,0.036295000463724136,2.0674760341644287,44.1103630065918,206.1726837158203,52.5715217590332
2019-12-11,7195.52734375,143.0453643798828,,0.2212900072336197,0.0021810000762343407,0.03632200136780739,2.154892921447754,43.720062255859375,206.4639129638672,52.83302688598633
2019-12-12,7164.7412109375,141.43698120117188,,0.21896299719810486,0.0021669999696314335,0.03624900057911873,2.05302095413208,43.50248336791992,205.3326873779297,52.49542999267578
2019-12-13,7227.12255859375,143.74652099609375,,0.21693000197410583,0.0021649999544024467,0.03662800043821335,2.07348895072937,43.710060119628906,206.48538208007812,52.37095260620117
2019-12-14,7097.208984375,142.43455505371094,,0.21679499745368958,0.00215000007301569,0.036086998879909515,1.9909149408340454,43.51634979248047,206.42108154296875,51.33433532714844
2019-12-15,6924.3759765625,139.4269561767578,,0.21134699881076813,0.0020800000056624413,0.034807998687028885,1.9825069904327393,42.76106643676758,200.81439208984375,50.1153450012207
2019-12-16,6903.6826171875,132.4566650390625,,0.20686200261116028,0.0021120000164955854,0.03358900174498558,1.9773390293121338,40.048370361328125,195.69387817382812,48.851051330566406
2019-12-17,6587.97412109375,121.39508056640625,,0.18049399554729462,0.0019970000721514225,0.03129599988460541,1.724099040031433,36.925113677978516,175.2457275390625,44.6468391418457
2019-12-18,6540.04931640625,119.78005981445312,,0.17848500609397888,0.002007999923080206,0.030884999781847,1.6551189422607422,36.672943115234375,172.94732666015625,44.393672943115234
2019-12-19,7041.3818359375,125.97166442871094,,0.18532200157642365,0.0020490000024437904,0.0330669991672039,1.7466590404510498,39.066871643066406,183.20603942871094,46.173831939697266
2019-12-20,7086.1240234375,126.9853515625,,0.1867769956588745,0.002047999994829297,0.032871000468730927,1.8016979694366455,39.674110412597656,185.91114807128906,46.50763702392578
2019-12-21,7112.73583984375,127.61209106445312,,0.1906139999628067,0.0020439999643713236,0.03294000029563904,1.8722219467163086,39.7354621887207,186.35293579101562,45.307525634765625
2019-12-22,7167.17919921875,127.9284896850586,,0.19251300394535065,0.0020699999295175076,0.033211998641490936,1.8709770441055298,39.953338623046875,187.07339477539062,45.47898483276367
2019-12-23,7326.1923828125,127.41671752929688,,0.1898909956216812,0.0020550000481307507,0.033160001039505005,1.861739993095398,40.72304153442383,189.9122314453125,47.15345764160156
2019-12-24,7269.52880859375,127.30876922607422,,0.1899079978466034,0.0020520000252872705,0.03290500119328499,1.8353220224380493,40.22449493408203,187.34117126464844,46.07456588745117
2019-12-25,7220.9912109375,124.88549041748047,,0.18847399950027466,0.0020359999034553766,0.033250998705625534,1.788040041923523,39.883541107177734,185.49134826660156,45.58524703979492
2019-12-26,7200.38671875,125.40644073486328,,0.18814100325107574,0.0020469999872148037,0.03354400023818016,1.787485957145691,39.81157302856445,185.53128051757812,44.85792922973633
2019-12-27,7189.93408203125,124.82080841064453,,0.1885019987821579,0.002032000105828047,0.03222599998116493,1.8542859554290771,39.96437072753906,187.18272399902344,44.86245346069336
2019-12-28,7286.9052734375,126.89969635009766,,0.19097399711608887,0.002051000017672777,0.03307899832725525,1.869325041770935,41.129058837890625,203.1145782470703,45.0556526184082
2019-12-29,7279.865234375,127.9976577758789,,0.1925240010023117,0.002056000055745244,0.03339000046253204,1.8586649894714355,42.43943786621094,205.0413818359375,45.39201736450195
2019-12-30,7276.30810546875,131.54556274414062,,0.19368499517440796,0.00204299995675683,0.03349300101399422,1.8293089866638184,42.43143844604492,207.4116668701172,46.01011657714844
2019-12-31,7169.77783203125,128.79815673828125,,0.189969003200531,0.002022000029683113,0.03279399871826172,1.7624050378799438,41.17047119140625,202.04478454589844,44.56788635253906
2020-01-01,7174.9443359375,129.1982879638672,,0.19210700690746307,0.0020210000220686197,0.03270399942994118,1.7634199857711792,41.28803253173828,203.2051544189453,44.50278854370117
2020-01-02,6935.27001953125,126.95491027832031,,0.18694700300693512,0.0019829999655485153,0.03244800120592117,1.7216579914093018,39.68356704711914,194.06980895996094,44.39727783203125
2020-01-03,6914.99609375,126.49002075195312,,0.1858460009098053,0.0019910000264644623,0.03249099850654602,1.7125780582427979,39.450843811035156,192.9794921875,45.642765045166016
2020-01-04,7309.51416015625,133.04055786132812,,0.19183500111103058,0.002050000010058284,0.03387200087308884,1.7897419929504395,41.933074951171875,220.28091430664062,50.01702117919922
2020-01-05,7400.53564453125,135.04562377929688,,0.1938840001821518,0.0021170000545680523,0.03454500064253807,1.8036819696426392,42.99853515625,222.35269165039062,50.5360107421875
2020-01-06,7409.29296875,136.0796356201172,,0.19506800174713135,0.0023789999540895224,0.03467399999499321,1.8079839944839478,43.4943733215332,223.6918182373047,53.99686050415039
2020-01-07,7768.2275390625,140.48887634277344,,0.20904700458049774,0.0023539999965578318,0.036653000861406326,1.9050769805908203,44.723018646240234,234.17678833007812,55.86604690551758
2020-01-08,7956.7744140625,138.26820373535156,,0.2052139937877655,0.002265000017359853,0.03601500019431114,2.10817289352417,44.62704849243164,234.3932342529297,56.10542297363281
2020-01-09,7842.40380859375,136.2364044189453,,0.2025890052318573,0.002145000034943223,0.035672999918460846,2.114586114883423,44.31050491333008,232.34799194335938,57.13905715942383
2020-01-10,7726.77490234375,135.52040100097656,,0.2018200010061264,0.0021989999804645777,0.0348070003092289,2.1618449687957764,44.03310775756836,232.63597106933594,57.24510192871094
2020-01-11,8029.64208984375,142.2079620361328,,0.21005399525165558,0.0022960000205785036,0.03652200102806091,2.22161602973938,48.08839416503906,259.8102722167969,58.06911087036133
2020-01-12,8009.05908203125,142.7076416015625,,0.21153299510478973,0.0023129999171942472,0.03658000007271767,2.226564884185791,49.012786865234375,259.2812194824219,57.604164123535156
2020-01-13,8079.70068359375,142.90713500976562,,0.21060100197792053,0.0023270000237971544,0.03677599877119064,2.163454055786133,48.93413162231445,261.87115478515625,56.79497528076172
2020-01-14,8140.93310546875,144.06492614746094,,0.21237899363040924,0.0023399998899549246,0.03696899861097336,2.181480884552002,49.690269470214844,267.5311279296875,57.8348503112793
2020-01-15,8657.1875,161.109619140625,,0.22791999578475952,0.002363000065088272,0.04040699824690819,2.3610169887542725,56.166744232177734,319.00921630859375,62.082115173339844
2020-01-16,8612.095703125,159.7096405029297,,0.22405500710010529,0.0022929999977350235,0.04022400081157684,2.2978219985961914,55.148738861083984,311.56280517578125,62.65269088745117
2020-01-17,8677.31640625,162.77560424804688,,0.22657600045204163,0.002309999894350767,0.041106000542640686,2.4656059741973877,56.8988151550293,320.6188659667969,64.1057357788086
2020-01-18,8827.33203125,166.7890167236328,,0.233147993683815,0.002452000044286251,0.04323900118470192,2.603804111480713,58.52505874633789,334.83538818359375,66.40127563476562
2020-01-19,8620.080078125,163.67686462402344,,0.22927799820899963,0.0023590000346302986,0.041411999613046646,2.5574629306793213,56.18039321899414,323.1120300292969,63.08731460571289
2020-01-20,8560.4736328125,162.33160400390625,,0.22598600387573242,0.0023590000346302986,0.041919998824596405,2.552870035171509,56.22681427001953,325.28228759765625,62.45800018310547
2020-01-21,8544.5205078125,165.81971740722656,,0.23153899610042572,0.0023350000847131014,0.04346900060772896,2.584949016571045,56.27197265625,334.7032470703125,64.3399429321289
2020-01-22,8636.7470703125,166.77423095703125,,0.2342360019683838,0.002319999970495701,0.04531300067901611,2.6257619857788086,57.316280364990234,339.61688232421875,64.43168640136719
2020-01-23,8333.6376953125,160.29531860351562,,0.2230689972639084,0.0022380000445991755,0.0422310009598732,2.4366180896759033,53.385658264160156,319.2879638671875,61.30187225341797
2020-01-24,8266.8408203125,156.74974060058594,,0.21538899838924408,0.002211000071838498,0.04144800081849098,2.374825954437256,51.36441421508789,299.9560852050781,58.163482666015625
2020-01-25,8296.21875,158.63247680664062,,0.21773700416088104,0.0022350000217556953,0.04307100176811218,2.4289169311523438,52.76921463012695,305.48773193359375,60.00086212158203
2020-01-26,8325.498046875,160.2811279296875,,0.21932700276374817,0.002240000059828162,0.04299499839544296,2.4373369216918945,53.29893493652344,308.5487365722656,60.96454620361328
2020-01-27,8597.30859375,166.90109252929688,,0.2269819974899292,0.00228299992159009,0.04422999918460846,2.5720040798187256,56.078887939453125,346.531005859375,63.698360443115234
2020-01-28,8908.447265625,170.73806762695312,,0.23094500601291656,0.002363000065088272,0.04748300090432167,2.5965399742126465,57.76319885253906,360.5024719238281,65.29653930664062
2020-01-29,9269.4677734375,175.0503387451172,,0.2353219985961914,0.0023900000378489494,0.052549999207258224,2.6463170051574707,59.78307342529297,378.2979736328125,67.50426483154297
2020-01-30,9230.8974609375,172.3746337890625,,0.23199699819087982,0.0023709998931735754,0.05236800014972687,2.724334955215454,58.77690887451172,373.5348205566406,68.64755249023438
2020-01-31,9230.7763671875,176.29681396484375,,0.23490500450134277,0.0023690001107752323,0.05226999893784523,2.782067060470581,65.78914642333984,366.5951232910156,69.54438018798828
2020-02-01,9313.2392578125,179.74517822265625,,0.23778100311756134,0.0023819999769330025,0.05328100174665451,2.7554190158843994,67.65506744384766,374.601318359375,71.46077728271484
2020-02-02,9217.82421875,180.1739501953125,,0.23700200021266937,0.0023950000759214163,0.05492499843239784,2.738210916519165,68.12895202636719,370.8065490722656,71.42489624023438
2020-02-03,9248.6337890625,188.0126953125,,0.24815399944782257,0.0024270000867545605,0.05538000166416168,2.7577741146087646,68.96752166748047,375.8619689941406,74.57550048828125
2020-02-04,9112.8115234375,185.40362548828125,,0.2488200068473816,0.0024019998963922262,0.054237000644207,2.6864891052246094,66.90425872802734,374.65899658203125,73.83663940429688
2020-02-05,9163.7041015625,188.752685546875,,0.26669201254844666,0.002492000116035342,0.055674999952316284,2.730700969696045,67.87781524658203,379.15716552734375,74.75569152832031
2020-02-06,9539.818359375,201.90406799316406,,0.27349400520324707,0.0025740000419318676,0.05825899913907051,2.8094120025634766,71.10643768310547,427.78680419921875,76.65335083007812
2020-02-07,9726.0029296875,212.30419921875,,0.27784600853919983,0.0026469998992979527,0.059574998915195465,2.883168935775757,73.2222671508789,433.949462890625,78.08977508544922
2020-02-08,9678.91015625,215.38629150390625,,0.26757800579071045,0.002722000004723668,0.05760699883103371,3.1472580432891846,72.1395034790039,427.8006591796875,77.1318359375
2020-02-09,9850.392578125,222.98223876953125,,0.2764439880847931,0.003152000019326806,0.059898000210523605,3.2716081142425537,75.69126892089844,438.73297119140625,80.4811019897461
2020-02-10,9784.5634765625,218.08004760742188,,0.2702310085296631,0.0029039999935775995,0.058465998619794846,3.2932560443878174,73.12471008300781,439.0682373046875,83.95564270019531
2020-02-11,9729.3349609375,218.61761474609375,,0.26788100600242615,0.0028639999218285084,0.058917999267578125,3.357999086380005,72.84619903564453,441.8290710449219,82.83268737792969
2020-02-12,10202.3876953125,235.89627075195312,,0.27994799613952637,0.0030129998922348022,0.06319300085306168,3.868556022644043,76.45463562011719,461.0984802246094,89.81806182861328
2020-02-13,10116.1611328125,258.9225158691406,,0.3036220073699951,0.0029730000533163548,0.06598799675703049,3.7681610584259033,78.58231353759766,461.2630615234375,90.30067443847656
2020-02-14,10125.5341796875,262.76251220703125,,0.3145259916782379,0.0029810001142323017,0.06746499985456467,3.8108561038970947,79.42839050292969,467.2329406738281,91.1380844116211
2020-02-15,9874.427734375,264.2796630859375,,0.30218398571014404,0.0028389999642968178,0.06275799870491028,4.1114068031311035,76.1030044555664,433.6261901855469,87.34296417236328
2020-02-16,9722.38671875,242.48440551757812,,0.2780359983444214,0.0026259999722242355,0.057385001331567764,4.145688056945801,69.57598876953125,393.8258361816406,80.91236877441406
2020-02-17,9507.6376953125,244.3353271484375,,0.27138200402259827,0.0025470000691711903,0.056035999208688736,3.882564067840576,69.44019317626953,372.6043701171875,79.8208236694336
2020-02-18,9632.3828125,261.4638977050781,,0.27874600887298584,0.0026549999602138996,0.0582830011844635,4.158082008361816,70.89256286621094,387.88397216796875,81.4935531616211
2020-02-19,9611.2236328125,259.76397705078125,,0.2776019871234894,0.002623999956995249,0.05737299844622612,4.357399940490723,70.54457092285156,378.70843505859375,78.17208099365234
2020-02-20,9507.900390625,250.95126342773438,,0.26732999086380005,0.0025690000038594007,0.05593600124120712,4.128582954406738,67.45927429199219,361.7483215332031,75.30944061279297
2020-02-21,9589.7431640625,255.6890869140625,,0.270702987909317,0.0026140001136809587,0.0576619990170002,4.211729049682617,68.91468811035156,369.5458068847656,75.92024230957031
2020-02-22,9600.728515625,258.91314697265625,,0.2723050117492676,0.0025770000647753477,0.05698100104928017,4.069707870483398,72.57438659667969,369.83251953125,78.42558288574219
2020-02-23,9657.791015625,261.96051025390625,,0.275613009929657,0.002595999976620078,0.058191001415252686,4.0876288414001465,74.97501373291016,373.0745544433594,79.07063293457031
2020-02-24,9537.04296875,259.6251525878906,,0.2664780020713806,0.0025569999124854803,0.05751900002360344,3.82273006439209,72.37696838378906,367.0270690917969,77.51179504394531
2020-02-25,9305.021484375,246.85899353027344,,0.2530510127544403,0.002435999922454357,0.05614599958062172,3.51310396194458,70.06889343261719,348.12451171875,75.82494354248047
2020-02-26,8704.4267578125,221.2665557861328,,0.22938300669193268,0.002211000071838498,0.047373998910188675,3.3406689167022705,58.579490661621094,307.8385009765625,69.42395782470703
2020-02-27,8577.19921875,212.66452026367188,,0.22617299854755402,0.0022980000358074903,0.04651099815964699,3.4586780071258545,57.80403137207031,308.7215576171875,67.10408782958984
2020-02-28,8492.9326171875,216.34620666503906,,0.23077599704265594,0.002225999953225255,0.04708100110292435,3.788724899291992,57.84066390991211,301.7050476074219,66.56838989257812
2020-02-29,8599.5087890625,219.8485107421875,,0.23119300603866577,0.0022299999836832285,0.047540999948978424,4.108337879180908,58.38515853881836,306.9123229980469,66.48853302001953
2020-03-01,8471.212890625,214.13043212890625,,0.22570699453353882,0.002222999930381775,0.04526200145483017,3.7942140102386475,56.64622497558594,305.8775329589844,63.57667541503906
2020-03-02,8532.630859375,217.28428649902344,,0.22732700407505035,0.0022559999488294125,0.04558800160884857,3.8301000595092773,57.554786682128906,311.5241394042969,64.50667572021484
2020-03-03,8704.990234375,221.732666015625,,0.2319899946451187,0.0023159999400377274,0.047843001782894135,4.1546430587768555,60.006019592285156,323.6767578125,65.21190643310547
2020-03-04,8712.431640625,222.08888244628906,,0.23182600736618042,0.0023670000955462456,0.0482340008020401,4.563704013824463,59.36227798461914,313.5711975097656,65.15483093261719
2020-03-05,8757.25390625,224.6418914794922,,0.23455500602722168,0.0023950000759214163,0.04901500046253204,4.635666847229004,60.40277862548828,319.3156433105469,65.76026916503906
2020-03-06,9032.0791015625,228.7435760498047,,0.2391130030155182,0.0024470000062137842,0.05027199909090996,4.570166110992432,61.45963668823242,334.17486572265625,67.8443603515625
2020-03-07,8890.744140625,237.55128479003906,,0.2370239943265915,0.002400999888777733,0.04855399951338768,4.340524196624756,60.49959945678711,330.38720703125,65.18830108642578
2020-03-08,8105.2529296875,200.6029815673828,,0.20682600140571594,0.0021840000990778208,0.04298099875450134,3.9048349857330322,51.728599548339844,274.5147399902344,56.124019622802734
2020-03-09,7690.09814453125,192.2698974609375,,0.2007409930229187,0.0021069999784231186,0.039271000772714615,3.676137924194336,47.284202575683594,255.10519409179688,52.44939041137695
2020-03-10,7814.76318359375,198.0644989013672,,0.20658400654792786,0.00216599996201694,0.040766000747680664,3.9509260654449463,49.39545440673828,265.6618347167969,54.27708053588867
2020-03-11,7642.8125,184.36215209960938,,0.20146499574184418,0.0020989999175071716,0.03765600174665451,3.6006019115448,46.238441467285156,253.3833770751953,51.443233489990234
2020-03-12,4860.35400390625,111.21070861816406,,0.13963499665260315,0.0015350000467151403,0.02396100014448166,1.9682929515838623,30.627010345458984,150.85890197753906,32.92779541015625
2020-03-13,4106.98095703125,95.1843032836914,,0.11509300023317337,0.0012469999492168427,0.019130000844597816,1.5068680047988892,25.573104858398438,139.21664428710938,26.703887939453125
2020-03-14,5125.0693359375,122.41447448730469,,0.14568500220775604,0.0016400000313296914,0.025745000690221786,2.0986850261688232,34.044044494628906,165.05343627929688,35.59347915649414
2020-03-15,5169.283203125,121.85365295410156,,0.14612700045108795,0.0016550000291317701,0.025821000337600708,2.0500290393829346,34.204185485839844,166.020263671875,35.860565185546875
2020-03-16,4575.35791015625,105.17144012451172,,0.13322000205516815,0.0014530000044032931,0.022220000624656677,1.5996659994125366,30.60800552368164,152.2965545654297,29.890363693237305
2020-03-17,4981.9091796875,110.40678405761719,,0.1409820020198822,0.0015579999890178442,0.02411000058054924,1.757125973701477,32.78666687011719,170.54531860351562,33.71382141113281
2020-03-18,5069.3359375,111.74311065673828,,0.14078299701213837,0.001551999943330884,0.024608999490737915,1.7848320007324219,32.78159713745117,171.39852905273438,34.2984619140625
2020-03-19,5236.96875,114.73286437988281,,0.14313000440597534,0.0015620000194758177,0.025304999202489853,1.8831729888916016,33.71287536621094,177.77716064453125,35.94824981689453
2020-03-20,5865.78173828125,122.60565948486328,,0.14918699860572815,0.0016789999790489674,0.027493000030517578,2.0907459259033203,35.58586883544922,198.2738800048828,37.55318069458008
2020-03-21,5932.8232421875,127.16375732421875,,0.15364700555801392,0.0016929999692365527,0.02810399979352951,2.129991054534912,36.94729232788086,209.30018615722656,38.543487548828125
2020-03-22,5823.7138671875,122.90933227539062,,0.14962099492549896,0.0017190000507980585,0.02701300010085106,1.9641350507736206,35.49897384643555,202.99118041992188,38.216209411621094
2020-03-23,5785.00439453125,121.86788177490234,,0.1491899937391281,0.0016919999616220593,0.026753000915050507,1.9494060277938843,35.416385650634766,200.7449951171875,37.97459030151367
2020-03-24,6411.06640625,133.1687774658203,,0.156823992729187,0.0017989999614655972,0.028717000037431717,2.199892997741699,38.268035888671875,218.09034729003906,43.37104797363281
2020-03-25,6536.92626953125,134.30422973632812,,0.1586340069770813,0.0017989999614655972,0.028975000604987144,2.2152960300445557,38.545745849609375,215.91781616210938,45.493438720703125
2020-03-26,6590.962890625,134.8860321044922,,0.16042199730873108,0.0018269999418407679,0.029350999742746353,2.2282838821411133,38.78725814819336,220.5288848876953,46.99415969848633
2020-03-27,6466.70166015625,133.9379425048828,,0.17056399583816528,0.001803999999538064,0.029214000329375267,2.174971103668213,38.88597106933594,216.98463439941406,48.36249542236328
2020-03-28,6117.837890625,126.96218872070312,,0.16756099462509155,0.0017160000279545784,0.028189999982714653,2.065829038619995,37.10237503051758,205.44015502929688,45.327213287353516
2020-03-29,5920.0859375,125.4500503540039,,0.163224995136261,0.0017170000355690718,0.028224999085068703,2.0229790210723877,37.21059799194336,205.6572723388672,44.108951568603516
2020-03-30,5903.234375,125.28968048095703,,0.16317600011825562,0.0017170000355690718,0.028124000877141953,2.0154800415039062,37.26072692871094,206.2023162841797,43.965049743652344
2020-03-31,6374.162109375,131.65289306640625,,0.1715490072965622,0.0018050000071525574,0.02968199923634529,2.122720956802368,38.681514739990234,217.4749755859375,46.558204650878906
2020-04-01,6202.37353515625,129.73094177246094,,0.1691340059041977,0.0017760000191628933,0.029555000364780426,2.1614980697631836,37.4459342956543,213.3535919189453,46.58384323120117
2020-04-02,6595.91845703125,135.732177734375,,0.17430999875068665,0.0018500000005587935,0.030841000378131866,2.2659459114074707,39.2540283203125,223.21585083007812,48.070884704589844
2020-04-03,6673.3359375,139.619384765625,,0.17688600718975067,0.0018339999951422215,0.031706999987363815,2.2866909503936768,39.684814453125,231.5727081298828,50.300193786621094
2020-04-04,6696.48486328125,140.121826171875,,0.1783050000667572,0.001841000048443675,0.031870000064373016,2.271449089050293,39.96440887451172,233.0816192626953,52.28508758544922
2020-04-05,6715.92919921875,142.10208129882812,,0.17727699875831604,0.0018469999777153134,0.031700000166893005,2.2632040977478027,39.92832565307617,228.1375732421875,52.81324768066406
2020-04-06,6782.8896484375,143.5446014404297,,0.17935900390148163,0.0018520000157877803,0.03193400055170059,2.2776029109954834,40.54490280151367,231.6900634765625,53.265811920166016
2020-04-07,7136.71435546875,164.2033233642578,,0.19120700657367706,0.0019340000580996275,0.03484499827027321,2.524461030960083,44.11486053466797,249.3090057373047,55.368896484375
2020-04-08,7153.3056640625,164.49319458007812,,0.19140799343585968,0.0019600000232458115,0.03511999920010567,2.714643955230713,44.350833892822266,250.1910400390625,55.58061218261719
2020-04-09,7179.09423828125,167.98712158203125,,0.1959259957075119,0.001984999980777502,0.03557400032877922,3.1310269832611084,45.174339294433594,254.6571044921875,56.459415435791016
2020-04-10,6802.47509765625,154.9144744873047,0.6941869854927063,0.18370600044727325,0.0018909999635070562,0.03254399821162224,2.9744880199432373,41.33182144165039,229.19020080566406,52.87247848510742
2020-04-11,6789.9208984375,155.29833984375,0.7650200128555298,0.18611299991607666,0.0019409999949857593,0.0327720008790493,3.0890181064605713,41.68824768066406,223.8828582763672,52.59889602661133
2020-04-12,6811.078125,156.3205108642578,0.7624260187149048,0.1876170039176941,0.0019509999547153711,0.033075001090765,3.186141014099121,42.007198333740234,228.6724853515625,52.932830810546875
2020-04-13,6668.259765625,151.61448669433594,0.7739760279655457,0.1818079948425293,0.0018939999863505363,0.03206999972462654,3.307966947555542,39.95906066894531,218.16403198242188,51.319454193115234
2020-04-14,6793.8212890625,155.86593627929688,0.6281690001487732,0.1842619925737381,0.001934999949298799,0.032781001180410385,3.230804920196533,40.67782211303711,221.14956665039062,52.72604751586914
2020-04-15,6633.40283203125,152.80284118652344,0.6215310096740723,0.1811549961566925,0.001905999961309135,0.031838998198509216,3.128572940826416,39.449886322021484,214.97824096679688,53.127803802490234
2020-04-16,6555.50439453125,150.3594207763672,0.6251069903373718,0.17741400003433228,0.0018860000418499112,0.031241999939084053,3.0189900398254395,38.601558685302734,209.52166748046875,51.97642135620117
2020-04-17,7050.33203125,169.75157165527344,0.6607279777526855,0.18761399388313293,0.0019920000340789557,0.03429099917411804,3.4103970527648926,42.00095748901367,231.96209716796875,56.23363494873047
2020-04-18,7089.2470703125,171.61807250976562,0.6594269871711731,0.18982000648975372,0.0020069999154657125,0.034575000405311584,3.476430892944336,42.53352355957031,233.5261993408203,56.24333572387695
2020-04-19,7167.0546875,180.12081909179688,0.5984870195388794,0.1907929927110672,0.0020280000753700733,0.0356299988925457,3.5883378982543945,42.596107482910156,233.53897094726562,57.08467483520508
2020-04-20,6835.5029296875,170.32127380371094,0.5205780267715454,0.1818310022354126,0.001962000038474798,0.034157998859882355,3.431947946548462,40.462974548339844,219.0396270751953,54.507537841796875
2020-04-21,6834.4423828125,170.55284118652344,0.5085489749908447,0.1827619969844818,0.0019519999623298645,0.03403199836611748,3.432499885559082,40.416969299316406,218.26248168945312,54.46645736694336
2020-04-22,6867.78173828125,171.82659912109375,0.5696210265159607,0.183119997382164,0.001964000053703785,0.034543998539447784,3.460779905319214,40.68876647949219,220.19410705566406,55.017513275146484
2020-04-23,7081.5947265625,180.3406524658203,0.6003220081329346,0.18676599860191345,0.002004999900236726,0.03652400150895119,3.634202003479004,41.433204650878906,228.0653839111328,56.44845962524414
2020-04-24,7434.181640625,185.22210693359375,0.6139410138130188,0.1917099952697754,0.002041999949142337,0.04061700031161308,3.731252908706665,42.94403839111328,236.7661895751953,58.90835952758789
2020-04-25,7521.67236328125,188.45953369140625,0.6215469837188721,0.19314000010490417,0.002087000058963895,0.041397999972105026,3.777780055999756,44.37021255493164,238.10659790039062,60.23948287963867
2020-04-26,7561.40771484375,194.76806640625,0.6311709880828857,0.1945039927959442,0.0021359999664127827,0.04223199933767319,3.696692943572998,44.31262969970703,239.32923889160156,60.579044342041016
2020-04-27,7679.4189453125,193.45416259765625,0.561028003692627,0.1954369992017746,0.002308000111952424,0.04464399814605713,3.496061086654663,43.885459899902344,237.4867401123047,61.222137451171875
2020-04-28,7730.806640625,194.84942626953125,0.5684840083122253,0.19637200236320496,0.0023219999857246876,0.046264998614788055,3.595576047897339,44.0748176574707,239.75733947753906,61.60918045043945
2020-04-29,7786.04931640625,198.12451171875,0.655273973941803,0.21343599259853363,0.002331000054255128,0.047019001096487045,3.646955966949463,46.00732421875,242.3564910888672,62.084861755371094
2020-04-30,8533.255859375,206.43692016601562,0.6878809928894043,0.21157699823379517,0.002392000053077936,0.047564998269081116,3.680885076522827,46.58384323120117,247.414794921875,61.98268127441406
2020-05-01,8667.763671875,207.7808837890625,0.685903012752533,0.21279500424861908,0.002440999960526824,0.047775998711586,3.716373920440674,46.714263916015625,249.93618774414062,62.467376708984375
2020-05-02,8811.3662109375,212.87867736816406,0.7079039812088013,0.21724799275398254,0.002472999971359968,0.049890998750925064,3.767915964126587,47.44866180419922,253.757568359375,63.76290512084961
2020-05-03,8830.9716796875,208.69236755371094,0.6566159725189209,0.21773700416088104,0.0024800000246614218,0.04831099882721901,3.667546033859253,47.550113677978516,247.8617401123047,62.10197067260742
2020-05-04,8645.0244140625,199.0477294921875,0.6184340119361877,0.21059800684452057,0.002389000030234456,0.04652300104498863,3.5401060581207275,46.03729248046875,240.40145874023438,59.0437126159668
2020-05-05,8856.8271484375,204.0311279296875,0.6264989972114563,0.2154410034418106,0.002449000021442771,0.049049001187086105,3.6754629611968994,46.370967864990234,241.84686279296875,60.004432678222656
2020-05-06,8966.7060546875,204.04087829589844,0.6225839853286743,0.21521000564098358,0.002472999971359968,0.048983000218868256,3.633852005004883,45.942867279052734,242.98321533203125,58.536285400390625
2020-05-07,9138.322265625,202.07484436035156,0.5733759999275208,0.21303999423980713,0.0024790000170469284,0.04885699972510338,3.5780999660491943,45.03156661987305,241.0355224609375,58.17317581176758
2020-05-08,9767.1728515625,208.8307342529297,0.589851975440979,0.215489000082016,0.0025939999613910913,0.050985999405384064,3.7058749198913574,46.62904357910156,247.60768127441406,63.40244674682617
2020-05-09,9580.64453125,209.07151794433594,0.5884479880332947,0.21680299937725067,0.0025649999734014273,0.05152200162410736,3.797805070877075,47.133079528808594,259.682861328125,62.86699295043945
2020-05-10,8395.107421875,182.71116638183594,0.5130810141563416,0.19054900109767914,0.002360000042244792,0.045003000646829605,3.6007630825042725,40.57422637939453,225.96092224121094,55.44308853149414
2020-05-11,8374.3232421875,180.7183380126953,0.5051940083503723,0.18848299980163574,0.0023380001075565815,0.045490000396966934,3.409658908843994,40.13576126098633,221.53536987304688,56.63301086425781
2020-05-12,8569.6435546875,185.70179748535156,0.5052509903907776,0.19272899627685547,0.0024059999268501997,0.047906000167131424,3.559628963470459,41.41278076171875,230.69088745117188,59.309173583984375
2020-05-13,8805.3876953125,189.12770080566406,0.5180379748344421,0.19660699367523193,0.0024580000899732113,0.04972400143742561,3.668020009994507,41.95380783081055,230.90994262695312,61.386474609375
2020-05-14,9255.03515625,196.8688201904297,0.5501099824905396,0.1996529996395111,0.002512000035494566,0.05048099905252457,3.703131914138794,42.479400634765625,235.53001403808594,62.6520881652832
2020-05-15,9261.3984375,193.75567626953125,0.5470929741859436,0.1973010003566742,0.0024870000779628754,0.05001400038599968,3.649991035461426,42.467708587646484,233.64767456054688,62.81529235839844
2020-05-16,9260.6943359375,194.5015869140625,0.5543609857559204,0.19792400300502777,0.0024840000551193953,0.05008399859070778,3.6301538944244385,42.578529357910156,234.12750244140625,62.342430114746094
2020-05-17,9349.5458984375,200.10279846191406,0.5891749858856201,0.19971300661563873,0.002509000012651086,0.050912998616695404,3.7553670406341553,43.09638214111328,236.0435791015625,64.9306411743164
2020-05-18,9570.359375,207.10906982421875,0.6096490025520325,0.20102399587631226,0.0025130000431090593,0.05109399929642677,3.782275915145874,43.58699417114258,240.94825744628906,65.0742416381836
2020-05-19,9539.6240234375,210.14305114746094,0.6112480163574219,0.20194700360298157,0.002500999951735139,0.05285799875855446,3.7945010662078857,44.3441047668457,243.06954956054688,65.39139556884766
2020-05-20,9447.201171875,207.97581481933594,0.5752829909324646,0.2002449929714203,0.0024870000779628754,0.05465000122785568,3.920516014099121,43.71659469604492,237.71392822265625,64.1767578125
2020-05-21,8869.9306640625,193.346435546875,0.5433459877967834,0.19144800305366516,0.002423000056296587,0.050574999302625656,3.767086982727051,41.88386154174805,222.3531494140625,60.35331726074219
2020-05-22,9008.638671875,198.04086303710938,0.582830011844635,0.19360899925231934,0.002472999971359968,0.05152000114321709,3.812580108642578,42.5117301940918,225.87448120117188,61.358177185058594
2020-05-23,9118.1083984375,205.29421997070312,0.5882470011711121,0.19766399264335632,0.002498999936506152,0.05449499934911728,3.926330089569092,43.70608139038086,232.3497314453125,62.67018127441406
2020-05-24,8787.2509765625,202.37034606933594,0.5484319925308228,0.19540299475193024,0.0024510000366717577,0.052629001438617706,3.8358569145202637,42.44266891479492,224.7442169189453,61.193382263183594
2020-05-25,8719.66796875,200.6675567626953,0.5380640029907227,0.19220100343227386,0.0024349999148398638,0.05112899839878082,3.80216908454895,42.09907531738281,223.15380859375,60.43400955200195
2020-05-26,8757.2939453125,200.2642822265625,0.5664629936218262,0.19340400397777557,0.002471999963745475,0.05203400179743767,3.788166046142578,42.120792388916016,224.519287109375,60.966529846191406
2020-05-27,8834.1572265625,201.78506469726562,0.5714430212974548,0.19376400113105774,0.002471999963745475,0.05322299897670746,3.816481113433838,42.36875915527344,226.86691284179688,61.59317398071289
2020-05-28,9148.45703125,206.24266052246094,0.5669479966163635,0.19562099874019623,0.0024949999060481787,0.05505000054836273,3.8404738903045654,43.50492858886719,230.63954162597656,63.48271560668945
2020-05-29,9379.3388671875,218.23805236816406,0.5668579936027527,0.1971289962530136,0.002503999974578619,0.06289699673652649,3.9589080810546875,44.324527740478516,235.6391143798828,65.93580627441406
2020-05-30,9366.7294921875,218.7444610595703,0.5670499801635742,0.19692499935626984,0.0025229998864233494,0.06381800025701523,3.9480950832366943,44.22645950317383,236.24037170410156,65.46109771728516
2020-05-31,9432.296875,230.05282592773438,0.5692449808120728,0.20174899697303772,0.002549000084400177,0.07259699702262878,4.063654899597168,45.32406997680664,238.76351928710938,64.4048080444336
2020-06-01,9450.8994140625,230.48805236816406,0.5673480033874512,0.20211200416088104,0.0025530001148581505,0.0736590027809143,4.124889850616455,45.425323486328125,239.10916137695312,63.74089813232422
2020-06-02,9460.5712890625,233.2252960205078,0.5522940158843994,0.20069600641727448,0.002520000096410513,0.07396800071001053,4.215248107910156,45.261966705322266,245.81809997558594,64.84027099609375
2020-06-03,9471.8466796875,235.46444702148438,0.5644609928131104,0.2012699991464615,0.002546000061556697,0.07742100208997726,4.32145881652832,45.66325378417969,246.54367065429688,66.44955444335938
2020-06-04,9525.2470703125,236.7653045654297,0.5645179748535156,0.20186400413513184,0.0025710000190883875,0.08440700173377991,4.318118095397949,46.57504653930664,248.81301879882812,65.83148956298828
2020-06-05,9663.216796875,240.6820526123047,0.5779250264167786,0.2020689994096756,0.002580000087618828,0.08432599902153015,4.3590850830078125,46.870819091796875,255.7275390625,67.24275207519531
2020-06-06,9591.0244140625,239.7245330810547,0.6117810010910034,0.20243200659751892,0.0025659999810159206,0.0851759985089302,4.326351165771484,46.42837142944336,252.06838989257812,67.28884887695312
2020-06-07,9458.150390625,236.32525634765625,0.5933979749679565,0.19967199862003326,0.0025579999200999737,0.08301600068807602,4.238164901733398,45.38723373413086,246.8877716064453,64.73558807373047
2020-06-08,9675.8857421875,241.5421905517578,0.6133099794387817,0.20166699588298798,0.002560999942943454,0.08460099995136261,4.329157829284668,46.058006286621094,251.9416961669922,66.33832550048828
2020-06-09,9664.7197265625,242.3385467529297,0.6272420287132263,0.20099200308322906,0.002517000073567033,0.08340699970722198,4.38678503036499,45.665775299072266,252.12107849121094,67.67303466796875
2020-06-10,9728.291015625,242.8197479248047,0.633404016494751,0.20058999955654144,0.0025530001148581505,0.07999199628829956,4.339416027069092,45.894508361816406,253.84934997558594,67.405029296875
2020-06-11,9263.0693359375,229.94297790527344,0.5700820088386536,0.189520001411438,0.002429000101983547,0.07433199882507324,3.936310052871704,42.96903991699219,235.2791748046875,63.6148567199707
2020-06-12,9285.8515625,229.6450653076172,0.569920003414154,0.1888580024242401,0.0024470000062137842,0.07516899704933167,3.8941409587860107,43.11791229248047,235.13140869140625,63.2656135559082
2020-06-13,9396.009765625,235.88967895507812,0.5854849815368652,0.18993200361728668,0.002500999951735139,0.07757300138473511,4.0223870277404785,44.45869827270508,238.4854278564453,65.20931243896484
2020-06-14,9347.59375,232.95819091796875,0.5808990001678467,0.19106699526309967,0.002500999951735139,0.076385997235775,3.9550130367279053,43.89103698730469,237.4137420654297,64.96894836425781
2020-06-15,8990.17578125,221.24176025390625,0.5472869873046875,0.18381600081920624,0.002406999934464693,0.06977000087499619,3.679600954055786,42.09373092651367,226.23448181152344,62.16584777832031
2020-06-16,9400.4453125,228.4261474609375,0.5686889886856079,0.19002899527549744,0.0024339999072253704,0.0770609974861145,3.901948928833008,43.485137939453125,235.6566162109375,64.44219207763672
2020-06-17,9327.33984375,229.34164428710938,0.5651170015335083,0.19030599296092987,0.0024580000899732113,0.07762099802494049,3.995388984680176,43.3642692565918,235.8423309326172,65.06177520751953
2020-06-18,9328.3955078125,228.95143127441406,0.5792850255966187,0.18962599337100983,0.0024470000062137842,0.080376997590065,4.118673801422119,43.14131164550781,234.23184204101562,64.4554443359375
2020-06-19,9274.2958984375,226.79518127441406,0.6203839778900146,0.18653400242328644,0.0024300001095980406,0.07895399630069733,4.0538649559021,42.6036376953125,231.51873779296875,63.68463897705078
2020-06-20,9247.3798828125,226.640625,0.6256260275840759,0.1860859990119934,0.0024190000258386135,0.07744099944829941,4.051276206970215,42.631229400634766,228.63587951660156,63.38188171386719
2020-06-21,9300.4306640625,228.4929962158203,0.6368799805641174,0.18550099432468414,0.002440999960526824,0.07829800248146057,4.153770923614502,43.02702713012695,231.06300354003906,63.79051971435547
2020-06-22,9296.8720703125,228.9347381591797,0.6458770036697388,0.18559400737285614,0.0024429999757558107,0.07843200117349625,4.185729026794434,43.07240295410156,231.04786682128906,64.33438873291016
2020-06-23,9547.2470703125,239.75973510742188,0.7007120251655579,0.18706199526786804,0.002457000082358718,0.08150900155305862,4.407520771026611,43.6243782043457,235.63197326660156,65.21212005615234
2020-06-24,9278.2333984375,232.8077392578125,0.6935009956359863,0.1830500066280365,0.002389000030234456,0.08058899641036987,4.547306060791016,42.7093505859375,231.1907501220703,64.31432342529297
2020-06-25,9095.32421875,230.29660034179688,0.6992400288581848,0.18095600605010986,0.0023900000378489494,0.07951900362968445,4.547369956970215,42.211456298828125,228.54061889648438,63.57046890258789
2020-06-26,9101.73828125,229.25946044921875,0.6815320253372192,0.1798979938030243,0.0023590000346302986,0.07985900342464447,4.662483215332031,41.75668716430664,229.17909240722656,63.29145431518555
2020-06-27,8998.216796875,220.5645751953125,0.6758379936218262,0.17448900640010834,0.002294000005349517,0.07610899955034256,4.373350143432617,40.75464630126953,214.19371032714844,61.06354904174805
2020-06-28,8975.525390625,219.47267150878906,0.6870949864387512,0.17524899542331696,0.00228299992159009,0.07625100016593933,4.376414775848389,40.778221130371094,214.87408447265625,62.10470962524414
2020-06-29,9041.8759765625,222.25498962402344,0.7700089812278748,0.17624300718307495,0.0023010000586509705,0.0803380012512207,4.445292949676514,41.01976013183594,219.1707763671875,62.565330505371094
2020-06-30,9084.837890625,224.815185546875,0.8501039743423462,0.1750050038099289,0.002297000028192997,0.08202599734067917,4.554086208343506,41.02524185180664,220.74374389648438,63.33622360229492
2020-07-01,9104.7353515625,224.8357391357422,0.8209270238876343,0.17470300197601318,0.0023010000586509705,0.08253300189971924,4.530694007873535,41.286537170410156,221.29183959960938,63.324459075927734
2020-07-02,9036.623046875,225.4619598388672,0.7536680102348328,0.17423400282859802,0.002302000066265464,0.08906199783086777,4.670608043670654,40.65645980834961,219.46165466308594,63.02602767944336
2020-07-03,9058.794921875,224.91397094726562,0.7551130056381226,0.1751299947500229,0.0023040000814944506,0.09272100031375885,4.7294230461120605,41.04539108276367,220.15469360351562,62.5380973815918
2020-07-04,9053.6298828125,225.13331604003906,0.761451005935669,0.17619599401950836,0.00228899996727705,0.09614299982786179,4.722372055053711,41.134185791015625,220.44805908203125,62.646305084228516
2020-07-05,8977.015625,224.54449462890625,0.6426349878311157,0.17478999495506287,0.0022770001087337732,0.09440799802541733,4.647282123565674,40.98523712158203,217.69273376464844,61.6953239440918
2020-07-06,9058.6640625,227.02952575683594,0.6865800023078918,0.17647099494934082,0.002302000066265464,0.09733399748802185,4.73743200302124,41.495670318603516,221.5017547607422,62.78108596801758
2020-07-07,9201.8154296875,234.21865844726562,0.7019219994544983,0.18271300196647644,0.0026000000070780516,0.10314299911260605,5.3242411613464355,43.10875701904297,235.45516967773438,63.56245040893555
2020-07-08,9249.5,238.39837646484375,0.7434110045433044,0.1842000037431717,0.0030610000248998404,0.11553999781608582,5.633351802825928,43.172122955322266,236.1948699951172,64.32794952392578
2020-07-09,9234.9990234375,239.89865112304688,0.759905993938446,0.19855999946594238,0.004147999919950962,0.11826100200414658,5.799435138702393,43.83011245727539,234.93568420410156,65.35501098632812
2020-07-10,9118.001953125,236.73052978515625,0.8428500294685364,0.19331799447536469,0.003438000101596117,0.11103300005197525,5.750669002532959,43.54658126831055,233.03744506835938,65.33235931396484
2020-07-11,9199.4853515625,238.33123779296875,0.8590949773788452,0.19864000380039215,0.0034759999252855778,0.11792699992656708,6.00269079208374,44.00514602661133,235.54995727539062,67.17133331298828
2020-07-12,9197.4501953125,237.7702178955078,0.9141169786453247,0.19836099445819855,0.0036140000447630882,0.12119700014591217,6.110083103179932,44.06024932861328,234.27151489257812,68.2806167602539
2020-07-13,9224.29296875,238.2323760986328,1.0088839530944824,0.19594000279903412,0.0030590000096708536,0.12218300253152847,6.928804874420166,43.236671447753906,228.56387329101562,68.11421966552734
2020-07-14,9171.6611328125,237.7961883544922,1.1191660165786743,0.19553600251674652,0.0030610000248998404,0.12156400084495544,7.042455196380615,43.14065170288086,227.808837890625,67.01863861083984
2020-07-15,9171.93359375,237.09617614746094,1.1414580345153809,0.19669300317764282,0.0030739998910576105,0.12756000459194183,7.864115238189697,42.99142837524414,226.32632446289062,67.47649383544922
2020-07-16,9088.947265625,231.6211700439453,0.8550440073013306,0.19018100202083588,0.0028929999098181725,0.11948099732398987,8.0531587600708,41.47480010986328,220.2278289794922,66.73311614990234
2020-07-17,9089.2021484375,232.10997009277344,0.8018839955329895,0.19172300398349762,0.002937000012025237,0.12194599956274033,8.216571807861328,41.77911376953125,222.24876403808594,67.07464599609375
2020-07-18,9100.82421875,232.32489013671875,0.9317259788513184,0.1939370036125183,0.003031000029295683,0.11848200112581253,7.793449878692627,41.78263473510742,222.37229919433594,67.05460357666016
2020-07-19,9097.6328125,233.2797393798828,0.8995149731636047,0.19613300263881683,0.0033289999701082706,0.1212180033326149,7.808193206787109,41.883609771728516,221.4727020263672,67.68212890625
2020-07-20,9137.509765625,234.85264587402344,0.8518779873847961,0.19370399415493011,0.003166999900713563,0.11694099754095078,7.2447099685668945,41.642337799072266,221.55641174316406,68.72583770751953
2020-07-21,9149.3896484375,235.68096923828125,0.8603159785270691,0.1940079927444458,0.0031870000530034304,0.11691299825906754,7.061394214630127,41.88581848144531,222.201171875,69.07229614257812
2020-07-22,9319.6533203125,242.48434448242188,0.9724850058555603,0.19688299298286438,0.0032210000790655613,0.12063000351190567,7.09230899810791,43.31925964355469,227.9061737060547,69.34294891357422
2020-07-23,9483.00390625,261.0470886230469,0.9973940253257751,0.20166699588298798,0.0032649999484419823,0.12365099787712097,7.422850131988525,44.577510833740234,236.31565856933594,70.8893814086914
2020-07-24,9481.4541015625,269.2397766113281,0.9747800230979919,0.20263700187206268,0.0031769999768584967,0.12105099856853485,7.407200813293457,44.058841705322266,233.48207092285156,71.38737487792969
2020-07-25,9530.2119140625,279.0263671875,0.9953969717025757,0.20375700294971466,0.003189000068232417,0.1219249963760376,7.406814098358154,44.067893981933594,235.17813110351562,71.50077056884766
2020-07-26,9652.84765625,300.267822265625,1.2382830381393433,0.21279199421405792,0.0031840000301599503,0.1412860006093979,7.331561088562012,47.71577835083008,244.80859375,73.08560943603516
2020-07-27,9903.9697265625,309.6579284667969,1.5610870122909546,0.2116760015487671,0.0030400000978261232,0.13025900721549988,6.583508014678955,47.52111053466797,246.8129119873047,75.07891845703125
2020-07-28,10632.6318359375,307.7213439941406,1.6117689609527588,0.21789400279521942,0.0031320000998675823,0.13551899790763855,6.923423767089844,51.90334701538086,265.742919921875,78.36292266845703
2020-07-29,10856.1416015625,313.1095886230469,1.5931659936904907,0.23007899522781372,0.00317499996162951,0.1391800045967102,7.030922889709473,55.03009033203125,286.0474548339844,79.11859893798828
2020-07-30,10895.455078125,315.7510986328125,1.6357120275497437,0.23876799643039703,0.003163000103086233,0.1372620016336441,7.047039985656738,54.07687759399414,282.510986328125,78.9245376586914
2020-07-31,10987.0537109375,329.3409423828125,1.5104049444198608,0.24220000207424164,0.00318100000731647,0.13654200732707977,7.4133219718933105,55.82644271850586,287.6510314941406,80.48528289794922
2020-08-01,11239.6826171875,343.5874328613281,1.4988720417022705,0.25584399700164795,0.0032029999420046806,0.138497993350029,7.649139881134033,57.50492477416992,298.1397705078125,83.52923583984375
2020-08-02,11018.1298828125,357.1436462402344,1.411972999572754,0.27559301257133484,0.0032659999560564756,0.13018399477005005,7.474882125854492,55.802589416503906,278.1305236816406,82.16329956054688
2020-08-03,11012.4150390625,369.3363342285156,1.6687259674072266,0.28518998622894287,0.0033080000430345535,0.1325960010290146,8.178178787231445,56.13666534423828,282.2572937011719,84.15960693359375
2020-08-04,11094.1455078125,382.985107421875,1.794983983039856,0.29403001070022583,0.0033760000951588154,0.13680799305438995,9.097128868103027,56.80051040649414,284.0450439453125,85.87171936035156
2020-08-05,11158.28515625,386.2184753417969,1.709509015083313,0.2927199900150299,0.003484999993816018,0.14165900647640228,9.419011116027832,57.11745071411133,285.80267333984375,86.32669830322266
2020-08-06,11598.7138671875,392.6001892089844,1.7467830181121826,0.29833900928497314,0.003461000043898821,0.1405629962682724,9.495111465454102,57.97606658935547,289.1709289550781,88.74529266357422
2020-08-07,11408.59375,367.9355163574219,1.8855719566345215,0.2873289883136749,0.003425000002607703,0.13498899340629578,9.396868705749512,55.871726989746094,291.0047912597656,90.51226806640625
2020-08-08,11558.431640625,377.3497314453125,2.0265378952026367,0.2912519872188568,0.003452999982982874,0.13812799751758575,9.990671157836914,56.65135955810547,300.0804443359375,92.0935287475586
2020-08-09,11548.7841796875,385.8307189941406,2.3025009632110596,0.28392401337623596,0.00343000004068017,0.14281700551509857,12.130884170532227,56.4997444152832,295.30950927734375,92.64356994628906
2020-08-10,11662.2568359375,391.04150390625,2.525897979736328,0.28856900334358215,0.0034539999905973673,0.14288899302482605,12.878403663635254,57.116756439208984,298.51190185546875,91.12236785888672
2020-08-11,11195.708984375,370.8606262207031,2.753633975982666,0.274603009223938,0.003346000099554658,0.1334639936685562,12.344608306884766,53.23125076293945,274.5390319824219,84.68484497070312
2020-08-12,11249.60546875,367.9236145019531,3.1039791107177734,0.2741909921169281,0.003341000061482191,0.12484999746084213,12.679354667663574,52.32285690307617,274.4346008300781,84.51371765136719
2020-08-13,11216.8720703125,379.71087646484375,3.528520107269287,0.2743540108203888,0.0033650000113993883,0.13363799452781677,16.208894729614258,52.348724365234375,276.3562927246094,86.25712585449219
2020-08-14,11685.455078125,423.3458557128906,3.3326539993286133,0.2938530147075653,0.0034759999252855778,0.1381019949913025,16.492122650146484,56.35732650756836,291.10601806640625,90.16191101074219
2020-08-15,11768.697265625,429.8746032714844,3.1654651165008545,0.29489099979400635,0.0035000001080334187,0.13733400404453278,16.61625862121582,56.72636032104492,293.2605285644531,89.73029327392578
2020-08-16,11737.1884765625,415.08624267578125,3.138688087463379,0.2942889928817749,0.003469000104814768,0.13643300533294678,18.67695426940918,59.330772399902344,297.8517761230469,88.41227722167969
2020-08-17,11806.6962890625,422.64727783203125,3.087985038757324,0.298660010099411,0.0035000001080334187,0.1383969932794571,16.421676635742188,61.88155746459961,303.18853759765625,89.78685760498047
2020-08-18,11954.525390625,419.6741027832031,2.894413948059082,0.30184298753738403,0.0034829999785870314,0.13615499436855316,15.181785583496094,64.27819061279297,304.17498779296875,92.08723449707031
2020-08-19,11687.3330078125,396.6783447265625,2.8381080627441406,0.28247401118278503,0.0033680000342428684,0.12814700603485107,15.113743782043457,59.573177337646484,283.90643310546875,89.55062866210938
2020-08-20,11710.0634765625,404.0260925292969,2.896235942840576,0.28607800602912903,0.003389999968931079,0.12768599390983582,15.853572845458984,61.28464126586914,290.2236633300781,91.2536392211914
2020-08-21,11564.9794921875,387.4411315917969,2.913770914077759,0.2802579998970032,0.0033889999613165855,0.12312699854373932,13.168423652648926,59.17335891723633,283.9986877441406,92.52165222167969
2020-08-22,11448.8056640625,382.81463623046875,2.757327079772949,0.27589601278305054,0.0033539999276399612,0.1200380027294159,13.829764366149902,58.28854751586914,278.771484375,89.11748504638672
2020-08-23,11559.9208984375,385.039794921875,3.0188379287719727,0.27882900834083557,0.003387999953702092,0.12049800157546997,14.797929763793945,58.34038543701172,280.3036193847656,90.69032287597656
2020-08-24,11623.25,389.3146057128906,3.224431037902832,0.28311699628829956,0.0033859999384731054,0.1208759993314743,14.794072151184082,60.27156066894531,283.3767395019531,90.57246398925781
2020-08-25,11189.8505859375,374.3553771972656,3.027719020843506,0.27331098914146423,0.0032389999832957983,0.10837200284004211,13.760788917541504,57.267555236816406,271.8081359863281,86.64771270751953
2020-08-26,11296.9931640625,378.7058410644531,3.1943109035491943,0.2748759984970093,0.0032510000746697187,0.11128199845552444,14.147561073303223,57.21358871459961,271.9747619628906,87.61091613769531
2020-08-27,11185.94140625,374.8664855957031,3.2922139167785645,0.25751298666000366,0.0031649998854845762,0.10440900176763535,14.145217895507812,54.79509735107422,260.7337341308594,86.17509460449219
2020-08-28,11316.4228515625,381.2738342285156,3.4472808837890625,0.2613089978694916,0.0031820000149309635,0.10635200142860413,14.309508323669434,55.56637191772461,262.4244384765625,88.94741821289062
2020-08-29,11466.29296875,393.03741455078125,3.78711199760437,0.26944699883461,0.0032420000061392784,0.10878200083971024,15.021623611450195,57.13005065917969,267.19384765625,92.57675170898438
2020-08-30,11492.3818359375,399.6083679199219,3.9191319942474365,0.27435699105262756,0.0032740000169724226,0.11428599804639816,16.442018508911133,57.171024322509766,268.5684509277344,92.80735778808594
2020-08-31,11598.318359375,419.7701721191406,4.109681129455566,0.278658002614975,0.003203999949619174,0.11361700296401978,15.708488464355469,60.75156021118164,273.81744384765625,93.33476257324219
2020-09-01,11601.12890625,432.0791931152344,4.344515800476074,0.2784560024738312,0.003194000106304884,0.12001799792051315,15.337958335876465,60.38698196411133,270.7794189453125,92.12834167480469
2020-09-02,11290.7939453125,424.46002197265625,3.7051639556884766,0.2691510021686554,0.003065000055357814,0.11202400177717209,14.27182674407959,57.139808654785156,258.7408142089844,88.48235321044922
2020-09-03,10182.46484375,381.12969970703125,3.5273399353027344,0.2454189956188202,0.00279000005684793,0.09557200223207474,11.67977237701416,47.059383392333984,214.00332641601562,77.61116790771484
2020-09-04,10207.9404296875,371.6366882324219,3.1988940238952637,0.24430100619792938,0.002753000007942319,0.09408199787139893,11.268916130065918,47.18532180786133,215.0174560546875,77.11065673828125
2020-09-05,9946.67578125,316.77435302734375,2.1916749477386475,0.23381100594997406,0.0027199999894946814,0.08740100264549255,9.522486686706543,46.146461486816406,216.57566833496094,74.66777801513672
2020-09-06,10056.8857421875,319.0419006347656,2.288191080093384,0.2313230037689209,0.002704000100493431,0.08683899790048599,9.943312644958496,46.62266540527344,220.77548217773438,75.42132568359375
2020-09-07,9916.4931640625,326.2543640136719,2.391493082046509,0.2312850058078766,0.002707999898120761,0.08692999929189682,11.417441368103027,45.62166213989258,216.87879943847656,77.04370880126953
2020-09-08,9945.1103515625,328.8167724609375,2.3986411094665527,0.23283299803733826,0.0027000000700354576,0.08892299979925156,11.26616382598877,46.20237731933594,217.58351135253906,79.09725189208984
2020-09-09,10017.2509765625,332.1650085449219,2.389806032180786,0.2342730015516281,0.002704000100493431,0.08976300060749054,11.506570816040039,46.701377868652344,219.34432983398438,82.37329864501953
2020-09-10,10238.1357421875,351.11175537109375,3.3208088874816895,0.2395700067281723,0.0027520000003278255,0.09343300014734268,12.30189037322998,47.90349578857422,224.61630249023438,83.24507904052734
2020-09-11,10140.8369140625,355.58258056640625,3.040170907974243,0.2375199943780899,0.002741999924182892,0.09329599887132645,12.059423446655273,47.40207290649414,221.31680297851562,79.67745971679688
2020-09-12,10292.38671875,367.8421936035156,3.1507270336151123,0.24181999266147614,0.0027809999883174896,0.09532000124454498,12.122137069702148,48.67241668701172,223.1001434326172,83.06088256835938
2020-09-13,10224.330078125,354.3401794433594,3.005402088165283,0.23885700106620789,0.0027459999546408653,0.09293799847364426,11.84650993347168,47.52531433105469,219.78115844726562,83.33030700683594
2020-09-14,10266.0087890625,357.56976318359375,3.0941739082336426,0.24032199382781982,0.002741999924182892,0.09357900172472,11.728035926818848,47.43855667114258,220.12107849121094,82.57971954345703
2020-09-15,10656.4599609375,363.6068115234375,2.9184730052948,0.2433920055627823,0.002785000018775463,0.09330800175666809,10.82880687713623,48.34780502319336,225.68788146972656,87.59185028076172
2020-09-16,10704.884765625,356.6827392578125,2.453839063644409,0.23672699928283691,0.0027910000644624233,0.08992999792098999,10.565303802490234,47.4674072265625,227.79823303222656,86.55721282958984
2020-09-17,10774.6279296875,364.7951354980469,2.3700339794158936,0.24721799790859222,0.0027809999883174896,0.09106899797916412,10.542794227600098,47.87519454956055,230.60035705566406,86.12863159179688
2020-09-18,10829.6572265625,376.9649963378906,2.741676092147827,0.24709099531173706,0.0027489999774843454,0.0900150015950203,9.901496887207031,47.79171371459961,231.5335235595703,89.78191375732422
2020-09-19,10909.6181640625,378.72406005859375,2.9717040061950684,0.24835899472236633,0.0027729999274015427,0.09063199907541275,9.955703735351562,48.208038330078125,232.2878875732422,88.70455932617188
2020-09-20,10814.4775390625,367.0943603515625,2.7201380729675293,0.24371600151062012,0.002722000004723668,0.08836100250482559,9.604192733764648,46.43110275268555,223.32777404785156,89.4735107421875
2020-09-21,10380.2607421875,336.0689697265625,2.5004189014434814,0.23047900199890137,0.002615999896079302,0.07842499762773514,8.617021560668945,42.543270111083984,211.0287322998047,85.18563842773438
2020-09-22,10382.7265625,336.85504150390625,2.66860294342041,0.23023700714111328,0.002604000037536025,0.07986799627542496,8.671488761901855,43.1172981262207,211.9852752685547,85.62066650390625
2020-09-23,10197.865234375,318.9692077636719,2.746303081512451,0.22112999856472015,0.0025400000158697367,0.07625699788331985,7.497208118438721,42.73939514160156,205.58045959472656,87.19470977783203
2020-09-24,10231.490234375,318.54510498046875,2.795646905899048,0.22033099830150604,0.002535999985411763,0.07588600367307663,7.563651084899902,42.75492858886719,206.91896057128906,87.12216186523438
2020-09-25,10578.9140625,339.01593017578125,2.9117720127105713,0.230322003364563,0.002615999896079302,0.0826520025730133,9.473030090332031,44.150794982910156,211.36959838867188,90.47767639160156
2020-09-26,10667.28125,348.10711669921875,3.041266918182373,0.23870199918746948,0.0026779999025166035,0.09282799810171127,10.071761131286621,45.36458206176758,213.82119750976562,92.3963623046875
2020-09-27,10622.921875,349.8340759277344,3.0105509757995605,0.23852600157260895,0.00266400002874434,0.09480900317430496,10.000924110412598,45.063533782958984,217.7713165283203,93.61260223388672
2020-09-28,10703.8935546875,354.5476379394531,2.9359540939331055,0.24159300327301025,0.0026400000788271427,0.10041099786758423,10.295668601989746,45.28989028930664,225.990234375,94.98895263671875
2020-09-29,10649.4951171875,352.1468505859375,2.901789903640747,0.23903800547122955,0.0026360000483691692,0.09791400283575058,9.499608039855957,45.020565032958984,225.1585693359375,94.5121078491211
2020-09-30,10669.3212890625,353.32794189453125,2.835669994354248,0.23885400593280792,0.002616999903693795,0.0971129983663559,9.629398345947266,45.49448776245117,225.5736541748047,97.85741424560547
2020-10-01,10472.3564453125,346.47705078125,2.657397985458374,0.2349420040845871,0.0025839998852461576,0.09583800286054611,9.453802108764648,45.565799713134766,222.42620849609375,101.7052001953125
2020-10-02,10416.689453125,336.4671630859375,2.4577910900115967,0.22982299327850342,0.0025390000082552433,0.09033100306987762,8.86952018737793,44.20128631591797,214.28665161132812,94.12769317626953
2020-10-03,10511.1298828125,344.66656494140625,2.5473029613494873,0.2329380065202713,0.0025740000419318676,0.09250699728727341,9.150334358215332,44.781742095947266,218.66976928710938,100.89469909667969
2020-10-04,10534.3916015625,345.1310119628906,2.428889036178589,0.23220999538898468,0.002589999930933118,0.09269899874925613,9.17962646484375,45.45301055908203,217.8190155029297,101.52477264404297
2020-10-05,10634.6005859375,349.6799011230469,2.467319965362549,0.24709099531173706,0.002598999999463558,0.09632500261068344,9.32040786743164,45.69383239746094,219.4608917236328,104.48120880126953
2020-10-06,10528.890625,338.0032958984375,2.1476919651031494,0.24235700070858002,0.0025740000419318676,0.09187500178813934,8.679813385009766,45.673255920410156,217.5021209716797,105.53117370605469
2020-10-07,10562.5068359375,334.5455627441406,2.0957601070404053,0.2417140007019043,0.0025649999734014273,0.08989600092172623,8.465344429016113,45.24394607543945,217.23117065429688,102.51939392089844
2020-10-08,10562.6064453125,335.6474914550781,2.0285260677337646,0.24291400611400604,0.0025599999353289604,0.09079799801111221,8.512158393859863,45.83724594116211,221.6968231201172,107.57485961914062
2020-10-09,10846.8505859375,348.2058410644531,2.3170900344848633,0.24998000264167786,0.0025949999690055847,0.09516499936580658,9.370473861694336,46.71034622192383,232.33615112304688,108.60225677490234
2020-10-10,11056.9404296875,365.3540344238281,2.403172016143799,0.2531439960002899,0.0026539999525994062,0.10144499689340591,10.391740798950195,47.77711868286133,236.49693298339844,115.43863677978516
2020-10-11,11288.6279296875,369.8280334472656,2.344921112060547,0.25382301211357117,0.0026489999145269394,0.1043810024857521,10.205854415893555,48.865318298339844,236.8244171142578,115.47052001953125
2020-10-12,11240.6865234375,366.642333984375,2.4158620834350586,0.2501719892024994,0.0026289999950677156,0.10265800356864929,10.708419799804688,49.53612518310547,234.6718292236328,125.11127471923828
2020-10-13,11321.224609375,375.58245849609375,2.3481709957122803,0.25333499908447266,0.002626999979838729,0.10830000042915344,10.722405433654785,49.1269416809082,238.25709533691406,123.64407348632812
2020-10-14,11307.8310546875,374.1750183105469,2.2462570667266846,0.2466830015182495,0.0026179999113082886,0.10571199655532837,10.650033950805664,49.41543197631836,251.1337890625,125.2763900756836
2020-10-15,11303.603515625,371.3541259765625,2.203418016433716,0.24401099979877472,0.0025690000038594007,0.1049790009856224,10.523789405822754,49.0589599609375,255.7950439453125,124.27336120605469
2020-10-16,11223.0126953125,362.597412109375,2.1279211044311523,0.23849999904632568,0.0025569999124854803,0.10253699868917465,10.319452285766602,46.21237564086914,247.4555206298828,118.88825988769531
2020-10-17,11285.345703125,364.489013671875,2.13240909576416,0.23921799659729004,0.0025730000343173742,0.10336600244045258,10.462655067443848,46.746177673339844,243.51290893554688,118.80318450927734
2020-10-18,11347.578125,368.129150390625,2.1783270835876465,0.2405710071325302,0.0025770000647753477,0.10530500113964081,10.57012939453125,46.973388671875,245.3438720703125,119.89337158203125
2020-10-19,11408.2900390625,373.7022705078125,2.053210973739624,0.24049699306488037,0.002572000026702881,0.10618799924850464,10.642991065979004,46.9943733215332,246.826416015625,121.89019012451172
2020-10-20,11681.48046875,367.60107421875,1.8541539907455444,0.24256199598312378,0.002581000095233321,0.10122600197792053,9.855631828308105,46.68516159057617,240.88807678222656,117.35591888427734
2020-10-21,11900.9287109375,368.72796630859375,1.8612350225448608,0.24317899346351624,0.0025939999613910913,0.10183099657297134,9.872748374938965,47.05569076538086,242.48052978515625,116.70433807373047
2020-10-22,12717.09375,391.27630615234375,1.8898169994354248,0.2512330114841461,0.002623999956995249,0.10548199713230133,10.73701286315918,53.00957489013672,258.1179504394531,119.44615173339844
2020-10-23,12752.6474609375,403.08203125,1.853309988975525,0.2507129907608032,0.0026370000559836626,0.10560200363397598,11.611319541931152,53.1826171875,263.5596618652344,122.54055786132812
2020-10-24,12885.7470703125,407.8517150878906,1.8823440074920654,0.25283199548721313,0.002623999956995249,0.10753899812698364,11.989542007446289,54.814544677734375,267.768310546875,125.12086486816406
2020-10-25,12910.0615234375,405.35064697265625,1.7686439752578735,0.25174498558044434,0.002623999956995249,0.10617800056934357,12.014213562011719,56.66130065917969,268.1629943847656,127.7789077758789
2020-10-26,12822.3828125,383.78289794921875,1.6293649673461914,0.2440820038318634,0.0026360000483691692,0.09943000227212906,11.345295906066895,55.213218688964844,254.48899841308594,129.09458923339844
2020-10-27,13060.837890625,390.60845947265625,1.605286955833435,0.2480970025062561,0.002630000002682209,0.10206999629735947,11.53939437866211,56.5108642578125,257.4866027832031,131.2444610595703
2020-10-28,12932.2509765625,381.1463317871094,1.3945720195770264,0.24460799992084503,0.002575000049546361,0.09556999802589417,11.2041654586792,54.71086502075195,259.75054931640625,123.431640625
2020-10-29,12980.0595703125,381.28875732421875,1.4124259948730469,0.24031199514865875,0.002518000081181526,0.0949999988079071,11.117264747619629,53.460052490234375,258.67462158203125,121.5740966796875
2020-10-30,13136.1982421875,375.0924072265625,1.3422130346298218,0.23282800614833832,0.002532999962568283,0.09036300331354141,10.78571891784668,52.52662658691406,256.4303894042969,117.99279022216797
2020-10-31,13457.5302734375,381.2952575683594,1.429893970489502,0.23774899542331696,0.002555999904870987,0.09220799803733826,10.937080383300781,53.533382415771484,259.8060302734375,121.2766342163086
2020-11-01,13628.3779296875,385.16552734375,1.5135430097579956,0.2370939999818802,0.002560999942943454,0.09285300225019455,11.042797088623047,54.25963592529297,260.10595703125,123.52592468261719
2020-11-02,13243.16015625,381.01763916015625,1.4676949977874756,0.2337689995765686,0.002515000058338046,0.09176599979400635,10.785829544067383,53.2059440612793,255.1884765625,116.70628356933594
2020-11-03,13325.44140625,371.312744140625,1.4121860265731812,0.22877199947834015,0.002452000044286251,0.08804800361394882,10.132770538330078,51.64844512939453,236.86676025390625,116.33940124511719
2020-11-04,13580.4716796875,377.8276062011719,1.2818679809570312,0.2333880066871643,0.0024969999212771654,0.0921270027756691,9.799592018127441,51.60655975341797,232.35546875,114.2326889038086
2020-11-05,14102.0888671875,397.2458190917969,1.3038250207901,0.2375580072402954,0.002495999913662672,0.09221400320529938,10.114256858825684,54.50187301635742,241.1420440673828,110.74736785888672
2020-11-06,15226.83984375,412.9822998046875,1.4000109434127808,0.24530699849128723,0.0026080000679939985,0.09672100096940994,10.919049263000488,58.46535110473633,248.19325256347656,116.79438018798828
2020-11-07,14423.203125,428.45635986328125,1.8448309898376465,0.24558499455451965,0.002612000098451972,0.09940800070762634,11.536380767822266,57.59221267700195,246.75784301757812,110.20513153076172
2020-11-08,14744.1103515625,433.1537780761719,1.9744019508361816,0.24791300296783447,0.0026579999830573797,0.10017900168895721,11.527828216552734,58.8812370300293,251.56640625,110.0423355102539
2020-11-09,14865.529296875,435.16387939453125,1.958752989768982,0.24611499905586243,0.0026630000211298466,0.10145600140094757,12.110891342163086,57.84232711791992,258.45867919921875,114.13524627685547
2020-11-10,15124.9599609375,439.6001281738281,2.0123209953308105,0.24872399866580963,0.0026549999602138996,0.1039389967918396,12.35169506072998,57.597496032714844,255.2204132080078,114.19208526611328
2020-11-11,15290.0068359375,449.5249328613281,1.9741649627685547,0.2528420090675354,0.002753000007942319,0.10553999990224838,12.794025421142578,58.20498275756836,256.628173828125,113.22673797607422
2020-11-12,15534.771484375,452.0724182128906,1.8317279815673828,0.25283899903297424,0.0027469999622553587,0.10282699763774872,12.308555603027344,58.30534744262695,252.63058471679688,110.27050018310547
2020-11-13,15992.15234375,457.2982482910156,1.8991379737854004,0.2540909945964813,0.002776999957859516,0.10406199842691422,12.339468002319336,60.31187438964844,249.88340759277344,111.77093505859375
2020-11-14,15749.193359375,452.986083984375,1.8752789497375488,0.26245400309562683,0.0027209999971091747,0.10173600167036057,12.390226364135742,61.9269905090332,254.18032836914062,113.3296890258789
2020-11-15,15793.5341796875,440.25433349609375,1.9168479442596436,0.2646450102329254,0.0027389999013394117,0.09880100190639496,11.843888282775879,61.234519958496094,239.39486694335938,112.9490966796875
2020-11-16,15880.7060546875,445.5016174316406,1.9948530197143555,0.26805299520492554,0.0027570000384002924,0.09965600073337555,12.032334327697754,62.17103576660156,234.32347106933594,113.54505920410156
2020-11-17,16564.544921875,460.776611328125,2.1325900554656982,0.2911129891872406,0.0028860000893473625,0.1051120012998581,12.553354263305664,71.23477172851562,249.54962158203125,117.82344055175781
2020-11-18,17352.90625,465.8309631347656,2.012692928314209,0.2838279902935028,0.0028550000861287117,0.10354600101709366,12.916036605834961,69.62852478027344,242.98324584960938,120.02093505859375
2020-11-19,17382.5546875,465.7042541503906,2.0181660652160645,0.2846429944038391,0.002867999952286482,0.10452499985694885,13.066692352294922,71.79660034179688,241.6893768310547,117.14733123779297
2020-11-20,17765.794921875,471.6314697265625,2.056972026824951,0.2982029914855957,0.002908000024035573,0.10577800124883652,13.512831687927246,80.26535034179688,245.71343994140625,118.16938781738281
2020-11-21,18444.359375,504.2377624511719,2.0485239028930664,0.32806798815727234,0.002983999904245138,0.11677099764347076,13.768170356750488,80.65087890625,256.6578063964844,119.79631042480469
2020-11-22,17671.384765625,514.5172119140625,2.0539379119873047,0.4132559895515442,0.00318100000731647,0.12019000202417374,13.914475440979004,79.6460952758789,274.7089538574219,119.8299560546875
2020-11-23,18000.796875,551.2652587890625,2.1203150749206543,0.43473199009895325,0.0032319999299943447,0.14247100055217743,14.2534761428833,81.18516540527344,282.40460205078125,122.46800231933594
2020-11-24,18128.65625,593.8351440429688,2.1437950134277344,0.5779060125350952,0.003579000011086464,0.1535709947347641,15.005791664123535,86.8316650390625,321.1747131347656,127.53095245361328
2020-11-25,18581.146484375,559.67138671875,2.182776927947998,0.5965480208396912,0.003642000025138259,0.14990699291229248,13.930069923400879,79.86409759521484,303.4083557128906,125.9146957397461
2020-11-26,16351.03515625,485.497314453125,1.7414929866790771,0.4621410071849823,0.0029800001066178083,0.1234389990568161,11.357887268066406,65.22534942626953,253.28302001953125,109.00287628173828
2020-11-27,16526.423828125,497.24261474609375,1.7803629636764526,0.5087140202522278,0.0030930000357329845,0.13136599957942963,12.035581588745117,65.95252227783203,258.0349426269531,112.10562896728516
2020-11-28,16910.65234375,508.1253662109375,1.8107099533081055,0.542639970779419,0.0032470000442117453,0.13955999910831451,12.38730525970459,68.55299377441406,261.72296142578125,114.54087829589844
2020-11-29,17559.1171875,531.987548828125,1.8572269678115845,0.588362991809845,0.0033579999580979347,0.15761399269104004,12.871095657348633,71.73285675048828,272.07269287109375,119.47274780273438
2020-11-30,18178.322265625,571.5377807617188,1.911929965019226,0.6004250049591064,0.003413999918848276,0.16060000658035278,13.369685173034668,77.0670166015625,280.3443603515625,121.84002685546875
2020-12-01,18321.921875,571.7539672851562,1.932263970375061,0.5943480134010315,0.0032689999788999557,0.146573007106781,13.245491027832031,81.314208984375,280.1039733886719,121.88724517822266
2020-12-02,18347.71875,578.7410278320312,1.9566999673843384,0.5986359715461731,0.003292999928817153,0.15142899751663208,13.135579109191895,83.39522552490234,282.099853515625,124.747314453125
2020-12-03,18925.78515625,588.3463745117188,2.0850300788879395,0.6161730289459229,0.0033519999124109745,0.15593600273132324,13.6690673828125,85.80731964111328,286.10101318359375,126.59227752685547
2020-12-04,18697.193359375,569.2835083007812,1.847344994544983,0.5466870069503784,0.0032850001007318497,0.14696399867534637,12.614404678344727,78.76920318603516,278.5524597167969,126.9345703125
2020-12-05,18590.193359375,563.1066284179688,1.8254940509796143,0.5517849922180176,0.0032679999712854624,0.14679500460624695,12.592731475830078,79.15448760986328,275.8024597167969,124.7044677734375
2020-12-06,18897.89453125,584.4117431640625,1.8158539533615112,0.5815160274505615,0.003343000076711178,0.1534299999475479,12.809526443481445,80.60243225097656,279.8818054199219,128.4783935546875
2020-12-07,18931.142578125,585.4286499023438,1.8094849586486816,0.5928189754486084,0.0033199999015778303,0.1517370045185089,12.908266067504883,81.9332275390625,281.46807861328125,134.22927856445312
2020-12-08,18269.9453125,552.46923828125,1.6451059579849243,0.5545700192451477,0.003137999912723899,0.13895900547504425,12.027461051940918,75.97650146484375,264.4652099609375,133.18597412109375
2020-12-09,17935.546875,532.9984130859375,1.5036760568618774,0.5059829950332642,0.0030159999150782824,0.1304679960012436,11.629532814025879,72.61898040771484,255.86984252929688,127.58454895019531
2020-12-10,17957.064453125,549.7840576171875,1.545240044593811,0.5561689734458923,0.003066000062972307,0.13998599350452423,11.881067276000977,73.47132873535156,261.66925048828125,129.68409729003906
2020-12-11,17619.533203125,537.8116455078125,1.4406019449234009,0.5313829779624939,0.0030090000946074724,0.1351819932460785,11.45355224609375,70.23130798339844,256.43603515625,129.9528045654297
2020-12-12,18046.041015625,545.24560546875,1.4407060146331787,0.48735299706459045,0.003074999898672104,0.13920700550079346,11.64249038696289,72.0787124633789,258.6286315917969,141.53501892089844
2020-12-13,18734.33203125,564.5659790039062,1.458117961883545,0.48728200793266296,0.0031530000269412994,0.14347699284553528,12.051026344299316,75.6593017578125,266.0721740722656,143.9075927734375
2020-12-14,19012.708984375,577.118408203125,1.5236979722976685,0.4901680052280426,0.003198999911546707,0.14976899325847626,12.360072135925293,79.42679595947266,266.5326843261719,151.1597900390625
2020-12-15,19079.841796875,580.6287841796875,1.5892629623413086,0.4659940004348755,0.00317799998447299,0.15335500240325928,12.494708061218262,80.69972229003906,271.6976318359375,150.8611297607422
2020-12-16,19298.31640625,582.0391235351562,1.610018014907837,0.4420279860496521,0.003186000045388937,0.1499760001897812,12.35372543334961,79.03235626220703,282.7483215332031,147.7523956298828
2020-12-17,21234.67578125,628.7493896484375,1.6552170515060425,0.5464190244674683,0.003406000090762973,0.16164399683475494,13.174434661865234,91.14077758789062,303.9455871582031,155.0188751220703
2020-12-18,22399.8125,632.3560791015625,1.6369869709014893,0.5523380041122437,0.0036180000752210617,0.15915200114250183,13.216130256652832,99.55088806152344,305.3356018066406,153.28286743164062
2020-12-19,22826.47265625,646.6162109375,1.6642630100250244,0.5680320262908936,0.003809999907389283,0.16332000494003296,13.32241153717041,105.6860122680664,309.7771911621094,153.98793029785156
2020-12-20,23147.7109375,625.0144653320312,1.5277140140533447,0.5385100245475769,0.0038270000368356705,0.15869499742984772,12.800018310546875,110.77295684814453,311.728515625,151.4351806640625
2020-12-21,22159.3671875,600.8360595703125,1.4951510429382324,0.5028570294380188,0.004362999927252531,0.14790299534797668,12.16659927368164,101.59909057617188,311.1714782714844,143.19139099121094
2020-12-22,22430.60546875,589.552001953125,1.4744850397109985,0.4105510115623474,0.004370000213384628,0.14945100247859955,11.856590270996094,98.86866760253906,301.1921081542969,143.9115447998047
2020-12-23,22802.646484375,560.3642578125,1.0901609659194946,0.22136299312114716,0.003640000009909272,0.12741999328136444,8.509154319763184,96.26966094970703,267.860595703125,148.90374755859375
2020-12-24,22777.59765625,568.5963745117188,1.1730070114135742,0.24374200403690338,0.003696999978274107,0.13212700188159943,9.966835021972656,99.60633087158203,272.32623291015625,146.9123077392578
2020-12-25,23463.673828125,605.4244384765625,1.3472360372543335,0.28517401218414307,0.004395000170916319,0.15049700438976288,11.077666282653809,108.58560943603516,293.63720703125,152.7584228515625
2020-12-26,24522.689453125,617.402099609375,1.313423991203308,0.2871829867362976,0.004422999918460846,0.14982399344444275,10.678420066833496,125.13356018066406,310.955810546875,159.23765563964844
2020-12-27,25922.76953125,628.3349609375,1.2682499885559082,0.2702479958534241,0.004428999964147806,0.1503780037164688,10.243766784667969,123.09740447998047,313.5496826171875,156.57496643066406
2020-12-28,26207.640625,683.205810546875,1.294348955154419,0.23941299319267273,0.004523000214248896,0.15344500541687012,12.037069320678711,127.07134246826172,337.1722106933594,156.76145935058594
2020-12-29,25987.298828125,692.1494140625,1.4397200345993042,0.17483100295066833,0.0042779999785125256,0.17403900623321533,10.837599754333496,121.18720245361328,331.9072265625,155.0059051513672
2020-12-30,27360.08984375,720.9888916015625,1.5298329591751099,0.19467000663280487,0.004453000146895647,0.1756809949874878,11.09719467163086,123.44434356689453,342.96136474609375,157.68392944335938
2020-12-31,28201.9921875,726.5119018554688,1.4302630424499512,0.2064650058746338,0.0045529999770224094,0.17659400403499603,10.999016761779785,123.03648376464844,336.80621337890625,155.77056884765625
2021-01-01,28803.5859375,719.792236328125,1.5020380020141602,0.21728800237178802,0.004614999983459711,0.1720219999551773,11.118653297424316,123.32807922363281,334.5606384277344,131.38900756835938
2021-01-02,29091.181640625,718.1094970703125,1.7214820384979248,0.21581600606441498,0.005584000144153833,0.16923299431800842,11.520288467407227,123.69361877441406,334.5691833496094,129.23548889160156
2021-01-03,32052.31640625,771.5616455078125,1.7999019622802734,0.21716700494289398,0.009409000165760517,0.17337599396705627,11.88365364074707,135.7399139404297,354.6509094238281,132.16148376464844
2021-01-04,28722.755859375,912.3053588867188,1.8763420581817627,0.21972200274467468,0.007877999916672707,0.1944500058889389,12.597853660583496,143.62396240234375,387.91180419921875,129.68556213378906
2021-01-05,30221.1875,986.811279296875,2.077742099761963,0.22160199284553528,0.00897200033068657,0.20845399796962738,13.174111366271973,147.4000701904297,393.8099670410156,129.675537109375
2021-01-06,33514.03515625,1064.2333984375,1.9075850248336792,0.2234639972448349,0.009685000404715538,0.25622498989105225,14.177452087402344,155.45286560058594,413.5553283691406,132.89224243164062
2021-01-07,36491.19140625,1167.443115234375,1.9330430030822754,0.2478100061416626,0.009162000380456448,0.2832159996032715,15.225082397460938,162.80654907226562,432.8406677246094,139.95950317382812
2021-01-08,36838.63671875,1076.08154296875,2.180928945541382,0.2915390133857727,0.008985999971628189,0.26647600531578064,14.26329231262207,151.65025329589844,409.35125732421875,136.04571533203125
2021-01-09,38980.875,1182.2703857421875,2.938307046890259,0.3078950047492981,0.009739999659359455,0.2966940104961395,15.064793586730957,164.15248107910156,420.3533935546875,139.30882263183594
2021-01-10,35984.62890625,1194.715576171875,3.196234941482544,0.29215899109840393,0.009177000261843204,0.28455600142478943,15.615169525146484,163.7847900390625,557.8359375,147.5690155029297
2021-01-11,30549.599609375,924.922607421875,2.5971240997314453,0.2594679892063141,0.006769999861717224,0.23303300142288208,12.568740844726562,114.95645904541016,407.0301818847656,143.45191955566406
2021-01-12,32697.9765625,1012.76416015625,3.0800349712371826,0.2793700098991394,0.007903999648988247,0.2657270133495331,13.749820709228516,128.9265899658203,446.114013671875,154.9693145751953
2021-01-13,32584.66796875,994.549072265625,3.27492094039917,0.286888986825943,0.007786999922245741,0.2723950147628784,13.428170204162598,126.86204528808594,438.0456848144531,152.76304626464844
2021-01-14,36868.5625,1093.060791015625,3.181973934173584,0.28421100974082947,0.008348999544978142,0.29980000853538513,15.425721168518066,144.1827850341797,485.843994140625,160.97373962402344
2021-01-15,34659.58984375,1090.7210693359375,2.9851911067962646,0.2647469937801361,0.008460000157356262,0.28074198961257935,17.572053909301758,132.19332885742188,457.6026611328125,148.73138427734375
2021-01-16,35633.5546875,1157.623779296875,3.248934030532837,0.2770099937915802,0.009139999747276306,0.3022499978542328,19.720041275024414,140.00201416015625,475.6581115722656,153.55938720703125
2021-01-17,34069.3203125,1174.3885498046875,3.3197460174560547,0.27065199613571167,0.008840999566018581,0.3428339958190918,19.463830947875977,137.0695037841797,463.6385498046875,150.57481384277344
2021-01-18,34883.84375,1187.31103515625,3.6557610034942627,0.2726370096206665,0.008980999700725079,0.3662329912185669,21.212947845458984,138.81143188476562,470.6421203613281,150.86688232421875
2021-01-19,36069.8046875,1254.52294921875,3.609023094177246,0.2839969992637634,0.009019999764859676,0.3636240065097809,20.581796646118164,150.48788452148438,503.82293701171875,152.81991577148438
2021-01-20,33570.4765625,1243.2999267578125,3.3440840244293213,0.2819859981536865,0.008528999984264374,0.33195799589157104,19.190357208251953,139.0926971435547,474.0353088378906,146.36241149902344
2021-01-21,30250.75,1098.4761962890625,2.982696056365967,0.2631239891052246,0.008061000145971775,0.3014009892940521,18.164527893066406,126.23419952392578,407.8289489746094,128.9825439453125
2021-01-22,28953.373046875,1046.5965576171875,2.5409860610961914,0.24491700530052185,0.007654000073671341,0.28357601165771484,17.384538650512695,123.64692687988281,396.0233154296875,122.94889068603516
2021-01-23,31493.16015625,1200.893310546875,3.3157620429992676,0.26697900891304016,0.00838799960911274,0.33670100569725037,21.249544143676758,135.1113739013672,420.107666015625,133.8992919921875
2021-01-24,31106.685546875,1225.2740478515625,3.4894940853118896,0.2702159881591797,0.008515999652445316,0.3387559950351715,23.377248764038086,134.4783935546875,424.00152587890625,134.20401000976562
2021-01-25,32087.787109375,1304.9739990234375,3.4513099193573,0.2687999904155731,0.008275999687612057,0.3416630029678345,22.73853874206543,137.0099334716797,432.68011474609375,136.9859619140625
2021-01-26,31030.265625,1253.34033203125,3.6826319694519043,0.2597079873085022,0.008022000081837177,0.32581499218940735,21.77118682861328,128.8664093017578,415.1179504394531,133.80084228515625
2021-01-27,29367.138671875,1215.311279296875,3.531601905822754,0.24553200602531433,0.007294000126421452,0.30546098947525024,20.375661849975586,118.78751373291016,371.1024169921875,125.43109893798828
2021-01-28,30023.20703125,1226.1739501953125,3.6098809242248535,0.24878600239753723,0.007350999861955643,0.30610400438308716,20.628141403198242,121.5363540649414,372.3145751953125,124.12386322021484
2021-01-29,32064.814453125,1292.2401123046875,3.639385938644409,0.26048800349235535,0.03234099969267845,0.3320150077342987,22.114721298217773,132.16175842285156,392.32403564453125,132.66921997070312
2021-01-30,32940.1875,1328.529052734375,3.774104118347168,0.27982500195503235,0.022487999871373177,0.3374690115451813,22.232776641845703,128.91656494140625,392.9413146972656,136.46072387695312
2021-01-31,32270.17578125,1288.5015869140625,4.170497894287109,0.3894979953765869,0.027101999148726463,0.3389520049095154,22.17173194885254,126.25299072265625,391.73895263671875,132.60775756835938
2021-02-01,32384.228515625,1274.3577880859375,4.118255138397217,0.3606930077075958,0.03336700052022934,0.33419400453567505,21.70425033569336,126.35044860839844,390.40966796875,135.78436279296875
2021-02-02,33489.21875,1362.771240234375,4.480119228363037,0.3442690074443817,0.029194999486207962,0.38878700137138367,22.794803619384766,131.95291137695312,411.0784912109375,142.41015625
2021-02-03,35443.984375,1510.01025390625,5.072738170623779,0.3693639934062958,0.03114599920809269,0.41504600644111633,23.57048225402832,142.16775512695312,430.15045166015625,151.2667236328125
2021-02-04,36317.5,1561.853515625,5.603236198425293,0.37918099761009216,0.035944998264312744,0.4101580083370209,22.988582611083984,142.41409301757812,414.0311584472656,147.99078369140625
2021-02-05,36658.76171875,1594.7933349609375,6.426446914672852,0.42510199546813965,0.043540000915527344,0.4395560026168823,24.50349998474121,144.31817626953125,419.2603454589844,147.78700256347656
2021-02-06,38138.38671875,1649.0687255859375,5.713828086853027,0.42671000957489014,0.04490400105714798,0.5229740142822266,24.468387603759766,150.5127716064453,445.19183349609375,152.35874938964844
2021-02-07,37446.15234375,1501.750244140625,5.76859188079834,0.39876699447631836,0.054239001125097275,0.5869489908218384,23.085792541503906,145.66253662109375,430.3152770996094,147.77117919921875
2021-02-08,38076.32421875,1571.5799560546875,6.488927841186523,0.4127190113067627,0.06470199674367905,0.6342830061912537,24.062545776367188,148.1227264404297,437.0635986328125,147.62423706054688
2021-02-09,45166.9609375,1711.62060546875,7.570215225219727,0.44756999611854553,0.06562100350856781,0.6693990230560303,25.004365921020508,164.6878204345703,475.2855224609375,159.37887573242188
2021-02-10,43881.15234375,1686.5423583984375,7.613846778869629,0.46599000692367554,0.06852500140666962,0.703548014163971,25.690353393554688,172.2554473876953,471.5221252441406,166.10626220703125
2021-02-11,44187.76171875,1708.67919921875,8.761316299438477,0.5011360049247742,0.06829000264406204,0.8719499707221985,26.31255340576172,176.55453491210938,491.18731689453125,171.15089416503906
2021-02-12,46424.9765625,1744.1689453125,9.079011917114258,0.5182650089263916,0.061445001512765884,0.8711230158805847,26.82828140258789,178.12335205078125,514.3463134765625,190.3397216796875
2021-02-13,46392.28125,1770.612060546875,8.683009147644043,0.549917995929718,0.0661349967122078,0.8330029845237732,29.293598175048828,192.91964721679688,546.2411499023438,200.07298278808594
2021-02-14,47114.5078125,1789.9141845703125,8.559715270996094,0.5671550035476685,0.05672299861907959,0.8152009844779968,32.4645881652832,210.10166931152344,652.9368286132812,223.93324279785156
2021-02-15,46347.4765625,1683.9066162109375,7.840470790863037,0.5215640068054199,0.04854699969291687,0.7171149849891663,28.309467315673828,192.12124633789062,622.7515869140625,203.36549377441406
2021-02-16,47201.3046875,1729.6419677734375,7.983557224273682,0.4900380074977875,0.0509830005466938,0.840923011302948,30.96687889099121,201.29598999023438,672.8810424804688,211.4298095703125
2021-02-17,49072.37890625,1736.705810546875,7.544398784637451,0.49711599946022034,0.048034001141786575,0.8264909982681274,30.046857833862305,204.24293518066406,678.7186889648438,221.25572204589844
2021-02-18,51015.765625,1848.206298828125,8.232871055603027,0.5238720178604126,0.04898900166153908,0.8908690214157104,31.896072387695312,221.5928955078125,692.5198974609375,252.59646606445312
2021-02-19,50937.27734375,1896.6844482421875,8.556981086730957,0.5206549763679504,0.054315000772476196,0.8852819800376892,31.57805061340332,220.95677185058594,684.864013671875,254.19679260253906
2021-02-20,54626.55859375,1830.531494140625,9.8158540725708,0.4824399948120117,0.051628001034259796,0.9169210195541382,32.63641357421875,216.64166259765625,637.5999755859375,246.7557830810547
2021-02-21,55672.609375,1890.3681640625,9.887046813964844,0.508463978767395,0.05355599895119667,1.079321026802063,33.4279899597168,220.98374938964844,668.6373901367188,244.2396697998047
2021-02-22,48967.56640625,1580.6265869140625,9.255904197692871,0.5200690031051636,0.047095999121665955,0.8515310287475586,25.66321563720703,182.52764892578125,545.1495971679688,194.108642578125
2021-02-23,45290.58984375,1378.8409423828125,11.599893569946289,0.3793019950389862,0.042410001158714294,0.8241450190544128,21.19807243347168,159.68467712402344,417.3163757324219,171.2889862060547
2021-02-24,47213.5,1511.0189208984375,14.861799240112305,0.45475900173187256,0.046215999871492386,0.9025830030441284,24.645511627197266,169.78900146484375,498.7773132324219,198.76803588867188
2021-02-25,47093.8515625,1465.0589599609375,13.795912742614746,0.42910298705101013,0.049869000911712646,1.0179860591888428,24.59596061706543,176.0321502685547,496.91265869140625,197.54811096191406
2021-02-26,44454.84375,1407.979248046875,13.12014102935791,0.41555899381637573,0.0487079992890358,0.9951500296592712,23.761680603027344,163.2482452392578,460.4843444824219,194.11585998535156
2021-02-27,45269.02734375,1433.7869873046875,13.057272911071777,0.42790400981903076,0.04929700121283531,1.234138011932373,24.906770706176758,167.90878295898438,475.10772705078125,204.15896606445312
2021-02-28,43241.6171875,1300.47216796875,11.489982604980469,0.3976989984512329,0.04508800059556961,1.166092038154602,23.075170516967773,154.79978942871094,436.7429504394531,199.84571838378906
2021-03-01,45115.09375,1416.4161376953125,13.057385444641113,0.4135870039463043,0.04802900180220604,1.239300012588501,24.672752380371094,163.9664306640625,458.7641906738281,210.8131866455078
2021-03-02,47228.84375,1461.325439453125,13.460748672485352,0.4248430132865906,0.049299001693725586,1.1887320280075073,27.21218490600586,171.1996307373047,494.74871826171875,211.79891967773438
2021-03-03,48274.3203125,1481.90576171875,13.767048835754395,0.43352600932121277,0.050078000873327255,1.2142339944839478,28.253589630126953,177.3665008544922,512.7159423828125,216.4677276611328
2021-03-04,47656.9296875,1511.1033935546875,12.771269798278809,0.4380030035972595,0.04787899926304817,1.0692180395126343,27.363000869750977,177.32473754882812,495.01763916015625,210.37255859375
2021-03-05,46542.515625,1450.891357421875,12.184608459472656,0.4499480128288269,0.04814700037240982,1.0411560535430908,25.732032775878906,169.32713317871094,474.8704833984375,203.45266723632812
2021-03-06,47257.52734375,1519.14111328125,11.901227951049805,0.4524950087070465,0.049382999539375305,1.0901319980621338,26.40821075439453,175.39544677734375,484.0196228027344,198.5030975341797
2021-03-07,48918.6796875,1636.564453125,12.726385116577148,0.4598659873008728,0.050572000443935394,1.108307957649231,27.469318389892578,182.42234802246094,500.79766845703125,202.69659423828125
2021-03-08,49506.0546875,1670.9420166015625,13.08228874206543,0.4573189914226532,0.05167200043797493,1.1079210042953491,28.381433486938477,180.06842041015625,502.26275634765625,204.30101013183594
2021-03-09,51981.83203125,1804.266357421875,13.320186614990234,0.47244200110435486,0.05605100095272064,1.113319993019104,30.454853057861328,189.41970825195312,524.4879760742188,218.50990295410156
2021-03-10,53290.890625,1766.490478515625,14.07906436920166,0.4588310122489929,0.05469200015068054,1.1239700317382812,29.51637077331543,192.58245849609375,519.5401000976562,215.57992553710938
2021-03-11,54484.59375,1734.6170654296875,13.704225540161133,0.44301700592041016,0.05450199916958809,1.1116429567337036,28.725658416748047,191.53683471679688,532.0155639648438,213.31968688964844
2021-03-12,55376.6484375,1728.98095703125,14.111228942871094,0.43301498889923096,0.05451299995183945,1.0327500104904175,27.858810424804688,198.95384216308594,515.4931640625,216.91664123535156
2021-03-13,56217.97265625,1733.639892578125,13.920056343078613,0.4355219900608063,0.05475600063800812,0.9930520057678223,27.11136245727539,213.61134338378906,522.9424438476562,218.3892822265625
2021-03-14,59302.31640625,1845.1199951171875,14.378764152526855,0.442111998796463,0.05859199911355972,1.0591540336608887,28.603076934814453,215.2960968017578,557.757080078125,229.39288330078125
2021-03-15,55393.1640625,1749.6063232421875,13.698057174682617,0.42654699087142944,0.05514099821448326,1.0076279640197754,26.904203414916992,198.75254821777344,519.7533569335938,215.94619750976562
2021-03-16,53555.02734375,1720.05322265625,13.229814529418945,0.43007799983024597,0.05549300089478493,1.0043079853057861,26.50393295288086,192.19180297851562,505.4736328125,213.04429626464844
2021-03-17,54528.62890625,1749.179931640625,13.130529403686523,0.4570609927177429,0.056471001356840134,1.2066620588302612,27.428632736206055,195.02586364746094,513.7536010742188,226.70957946777344
2021-03-18,54253.578125,1705.716064453125,13.82728385925293,0.4558359980583191,0.05414300039410591,1.237365961074829,29.177444458007812,200.10302734375,525.3865966796875,225.15203857421875
2021-03-19,56643.703125,1746.473388671875,13.93245792388916,0.4634320139884949,0.05660400167107582,1.196045994758606,28.88075065612793,196.9537811279297,519.77490234375,225.8356475830078
2021-03-20,58213.296875,1811.7286376953125,14.152045249938965,0.47016099095344543,0.0581200011074543,1.2065409421920776,29.676925659179688,200.1773681640625,532.9406127929688,228.37710571289062
2021-03-21,56005.6171875,1764.1392822265625,13.668253898620605,0.49992799758911133,0.056797999888658524,1.1647460460662842,28.733928680419922,193.4961395263672,518.1304931640625,224.06988525390625
2021-03-22,54288.15625,1674.2998046875,14.202885627746582,0.5054709911346436,0.05490899831056595,1.089627981185913,27.39396095275879,186.6174774169922,512.01953125,218.44007873535156
2021-03-23,53470.6953125,1662.5399169921875,14.097057342529297,0.543969988822937,0.0529399998486042,1.088027000427246,26.759180068969727,182.69422912597656,511.6033630371094,211.61651611328125
2021-03-24,52514.33203125,1570.7879638671875,13.661297798156738,0.4692850112915039,0.051242001354694366,1.0565550327301025,24.261390686035156,175.8431396484375,461.5792236328125,209.6727294921875
2021-03-25,50856.5703125,1560.3704833984375,12.614725112915039,0.471127986907959,0.04969700053334236,1.0559450387954712,24.61804962158203,169.63616943359375,460.6235046386719,207.6067352294922
2021-03-26,51579.85546875,1594.7366943359375,12.370457649230957,0.5165150165557861,0.05133099853992462,1.0989559888839722,25.456321716308594,172.74221801757812,475.3696594238281,213.4454345703125
2021-03-27,54242.91015625,1674.3193359375,14.75804615020752,0.5398240089416504,0.05352799966931343,1.1631489992141724,26.082782745361328,179.1182098388672,490.59136962890625,212.046142578125
2021-03-28,55071.11328125,1672.660400390625,16.345008850097656,0.5454779863357544,0.05301300063729286,1.169293999671936,26.231775283813477,181.67015075683594,494.22003173828125,214.8677520751953
2021-03-29,55139.33984375,1683.716552734375,17.700363159179688,0.548183023929596,0.05317499861121178,1.1815119981765747,26.47917938232422,183.47500610351562,496.1830139160156,229.84352111816406
2021-03-30,57251.55078125,1793.92236328125,18.891403198242188,0.5630840063095093,0.053697001188993454,1.1916450262069702,27.68008804321289,191.15234375,514.731201171875,233.42079162597656
2021-03-31,57726.41796875,1793.002197265625,18.1562557220459,0.5447459816932678,0.05226900056004524,1.1677199602127075,26.68514060974121,189.4910125732422,509.53271484375,240.98635864257812
2021-04-01,58505.27734375,1912.178466796875,18.84424591064453,0.5590019822120667,0.053644001483917236,1.1841299533843994,29.38402557373047,195.9429931640625,533.9468994140625,242.78118896484375
2021-04-02,58869.28125,1960.6787109375,18.568418502807617,0.575203001499176,0.057333000004291534,1.1876070499420166,29.728731155395508,202.50856018066406,551.8328857421875,250.8628692626953
2021-04-03,57603.890625,2028.4224853515625,19.78944969177246,0.5877479910850525,0.05580399930477142,1.1716350317001343,29.49326515197754,197.14620971679688,536.6760864257812,252.57879638671875
2021-04-04,57168.67578125,2007.11181640625,22.212968826293945,0.5830129981040955,0.05529500171542168,1.1662789583206177,29.261474609375,195.53404235839844,532.04833984375,247.7603302001953
2021-04-05,57694.82421875,2032.3876953125,22.80645179748535,0.633974015712738,0.0564350001513958,1.1765120029449463,30.010635375976562,200.92845153808594,562.1622314453125,258.1697998046875
2021-04-06,57646.80859375,2057.609130859375,21.87661361694336,0.8244079947471619,0.058093998581171036,1.1953890323638916,31.395437240600586,217.63345336914062,626.131591796875,260.6490478515625
2021-04-07,55604.0234375,1945.442138671875,23.089359283447266,0.8694139719009399,0.05764099955558777,1.1651179790496826,30.289154052734375,212.22665405273438,601.8906860351562,253.5831298828125
2021-04-08,55879.0859375,1959.0794677734375,25.72493553161621,0.9056270122528076,0.058816999197006226,1.1731560230255127,31.049114227294922,218.0843963623047,613.7723388671875,251.75735473632812
2021-04-09,57807.86328125,2055.163330078125,26.903825759887695,0.9865850210189819,0.06029599905014038,1.1949310302734375,31.29725456237793,220.10940551757812,630.7730102539062,266.9703063964844
2021-04-10,58038.70703125,2062.78759765625,25.963226318359375,1.0086359977722168,0.06081800162792206,1.1963109970092773,31.054616928100586,220.2007293701172,630.3269653320312,273.6266784667969
2021-04-11,59289.796875,2119.86572265625,25.578319549560547,1.3088279962539673,0.06320299953222275,1.2007759809494019,31.76835060119629,246.41282653808594,675.5234375,291.96142578125
2021-04-12,59589.875,2110.368896484375,26.842742919921875,1.3240770101547241,0.06888899952173233,1.2654739618301392,31.936511993408203,241.10438537597656,657.9900512695312,315.5390625
2021-04-13,59869.95703125,2138.5595703125,26.4176025390625,1.4230339527130127,0.07067800313234329,1.2837929725646973,32.43425750732422,244.67002868652344,670.9566650390625,307.3506164550781
2021-04-14,61554.796875,2284.563720703125,24.792020797729492,1.5790770053863525,0.09245199710130692,1.3530060052871704,35.124141693115234,256.7626647949219,746.9727783203125,309.5303649902344
2021-04-15,62208.96484375,2409.924072265625,25.53941535949707,1.6581029891967773,0.1207360029220581,1.4153929948806763,39.807830810546875,267.177734375,801.1557006835938,319.2619934082031
2021-04-16,60222.53125,2318.675048828125,24.972917556762695,1.4495480060577393,0.1804880052804947,1.3399080038070679,38.755374908447266,267.47308349609375,827.9777221679688,314.8600769042969
2021-04-17,60361.3515625,2333.682861328125,25.09987449645996,1.5415029525756836,0.23652400076389313,1.3680590391159058,40.313541412353516,300.6131286621094,1005.7356567382812,341.5690612792969
2021-04-18,52829.53515625,2011.766845703125,21.539209365844727,1.1746649742126465,0.24643999338150024,1.098976969718933,30.279163360595703,238.33741760253906,833.9827270507812,292.7841491699219
2021-04-19,54368.59375,2086.688720703125,29.925907135009766,1.2583069801330566,0.30908000469207764,1.1742479801177979,34.96240234375,251.5144805908203,877.4013061523438,307.65484619140625
2021-04-20,53448.046875,2060.143798828125,28.932571411132812,1.1862280368804932,0.2716180086135864,1.1306469440460205,33.388206481933594,235.67340087890625,833.9789428710938,328.72186279296875
2021-04-21,53695.46875,2238.366943359375,30.167491912841797,1.2828229665756226,0.29703599214553833,1.200816035270691,35.97854232788086,251.68423461914062,902.4186401367188,374.654541015625
2021-04-22,50583.8125,2315.960205078125,31.600690841674805,1.1190860271453857,0.25627601146698,1.1175990104675293,33.948368072509766,241.3014373779297,845.3306884765625,345.03759765625
2021-04-23,47714.6640625,2117.03955078125,31.664270401000977,0.901078999042511,0.16366900503635406,0.9352269768714905,30.316686630249023,212.02816772460938,697.4628295898438,302.0267639160156
2021-04-24,48805.28515625,2163.693115234375,34.683292388916016,1.0244170427322388,0.22989100217819214,1.0969599485397339,31.059839248657227,221.28370666503906,752.1008911132812,339.05810546875
2021-04-25,47159.484375,2172.51513671875,40.51201629638672,0.9529150128364563,0.22630099952220917,1.0227750539779663,30.01256561279297,212.28683471679688,720.9862060546875,335.88262939453125
2021-04-26,48852.796875,2308.315185546875,43.371726989746094,1.016921043395996,0.24802599847316742,1.082105040550232,31.41604232788086,221.91038513183594,753.5380859375,343.8230895996094
2021-04-27,53319.1875,2485.375,42.55732727050781,1.3311899900436401,0.26492801308631897,1.224979043006897,34.51911926269531,243.99539184570312,833.593994140625,385.2604675292969
2021-04-28,53887.91796875,2564.08154296875,40.67207336425781,1.288701057434082,0.25623100996017456,1.2352149486541748,34.979305267333984,248.5077362060547,853.8976440429688,400.2013854980469
2021-04-29,52418.02734375,2672.106689453125,40.950984954833984,1.3309470415115356,0.2969039976596832,1.2679400444030762,35.06061935424805,249.2930450439453,861.106689453125,399.7054443359375
2021-04-30,53129.6015625,2728.169921875,41.24350357055664,1.3764679431915283,0.3029809892177582,1.287837028503418,35.85038757324219,252.8878173828125,870.935302734375,403.345947265625
2021-05-01,57052.2734375,2755.908447265625,42.03086471557617,1.52994704246521,0.3282899856567383,1.3190629482269287,37.59159851074219,266.63140869140625,977.5697631835938,415.77703857421875
2021-05-02,56141.90625,2860.526123046875,45.9818229675293,1.533619999885559,0.364874005317688,1.295577049255371,38.742431640625,265.3357238769531,955.5432739257812,400.80322265625
2021-05-03,56590.87109375,2951.17578125,45.04447555541992,1.528555989265442,0.37363100051879883,1.3225270509719849,39.2883186340332,268.7289733886719,973.1134033203125,401.7271728515625
2021-05-04,53191.42578125,3180.74267578125,42.31310272216797,1.3386640548706055,0.4007999897003174,1.2589290142059326,38.9644660949707,275.4649658203125,935.9276733398438,379.06536865234375
2021-05-05,52969.0546875,3213.1015625,42.31573486328125,1.3712739944458008,0.523822009563446,1.260830044746399,44.95347213745117,301.4515686035156,942.0247802734375,376.1871032714844
2021-05-06,55382.5078125,3386.239990234375,42.591583251953125,1.5473239421844482,0.5451020002365112,1.4337999820709229,45.55928421020508,323.7054443359375,1275.957275390625,405.6015930175781
2021-05-07,55321.84765625,3370.261962890625,41.43837356567383,1.5112910270690918,0.5201740264892578,1.5302289724349976,45.77369689941406,333.99517822265625,1279.020751953125,422.5823669433594
2021-05-08,56975.2109375,3453.7685546875,42.29801940917969,1.5430999994277954,0.6081680059432983,1.5640840530395508,46.729217529296875,334.97576904296875,1325.1710205078125,451.6948547363281
2021-05-09,56482.00390625,3743.989013671875,43.29694366455078,1.4441269636154175,0.42570599913597107,1.5759979486465454,46.25537109375,335.1734619140625,1289.4678955078125,447.8935546875
2021-05-10,54071.45703125,3684.45166015625,39.5588493347168,1.2500029802322388,0.4212909936904907,1.5293079614639282,41.21952819824219,339.1389465332031,1239.093505859375,425.8094482421875
2021-05-11,54608.65234375,3783.889404296875,39.762969970703125,1.3636759519577026,0.445033997297287,1.596675992012024,44.69875717163086,345.298828125,1305.3013916015625,420.487548828125
2021-05-12,49150.53515625,3785.8486328125,42.45730972290039,1.247864007949829,0.3853760063648224,1.5527750253677368,41.03371047973633,303.0848693847656,1209.806884765625,392.3829345703125
2021-05-13,46980.01953125,3549.4072265625,37.526893615722656,1.2094570398330688,0.35717499256134033,1.5053210258483887,39.617897033691406,292.2806701660156,1138.836181640625,370.6514892578125
2021-05-14,48868.578125,3703.39990234375,39.986053466796875,1.3245450258255005,0.46462199091911316,1.8171520233154297,42.98478698730469,308.7076721191406,1227.956298828125,397.7160949707031
2021-05-15,46664.140625,3638.1220703125,39.37460708618164,1.3248120546340942,0.49129900336265564,1.9665240049362183,41.10024642944336,297.5908508300781,1166.7166748046875,382.0154724121094
2021-05-16,43963.3515625,3350.95166015625,41.915496826171875,1.3515160083770752,0.45102301239967346,2.013284921646118,37.96208572387695,280.37066650390625,1101.8212890625,372.2676696777344
2021-05-17,42207.2890625,3129.0087890625,43.30291748046875,1.3282790184020996,0.45855098962783813,1.9255199432373047,35.244754791259766,262.739990234375,992.3115844726562,333.0359802246094
2021-05-18,42367.83203125,3246.404052734375,46.187557220458984,1.476958990097046,0.47038400173187256,1.979630947113037,36.79647445678711,279.4114685058594,1057.422119140625,327.66705322265625
2021-05-19,30681.49609375,1952.460205078125,29.429859161376953,0.8753179907798767,0.21826699376106262,1.0280309915542603,21.2677059173584,151.1724395751953,507.7298278808594,153.36936950683594
2021-05-20,35050.6171875,2170.22900390625,32.31814193725586,0.9118139743804932,0.2962529957294464,1.3274120092391968,22.650379180908203,167.64004516601562,622.5455322265625,182.12338256835938
2021-05-21,33616.453125,2113.34716796875,33.83739471435547,0.8695480227470398,0.314765989780426,1.3267760276794434,22.12149429321289,157.61199951171875,608.1994018554688,227.98895263671875
2021-05-22,35383.68359375,2168.124267578125,31.25486183166504,0.826445996761322,0.3181689977645874,1.3779430389404297,22.397274017333984,163.06649780273438,604.669189453125,223.48577880859375
2021-05-23,31227.33984375,1737.46875,19.13983917236328,0.6522539854049683,0.24943700432777405,1.0560359954833984,15.088672637939453,118.64244079589844,469.72705078125,177.45394897460938
2021-05-24,34551.08203125,2090.6396484375,24.498319625854492,0.7585899829864502,0.2962909936904907,1.2703609466552734,19.7928524017334,140.40377807617188,540.7056884765625,216.07623291015625
2021-05-25,36581.4296875,2394.35546875,26.100074768066406,0.8838269710540771,0.3234969973564148,1.439743995666504,23.782350540161133,168.41075134277344,673.547119140625,227.82110595703125
2021-05-26,37905.8359375,2652.094482421875,29.008554458618164,0.9501039981842041,0.3388569951057434,1.5544630289077759,26.897708892822266,180.01719665527344,709.1707153320312,243.4547882080078
2021-05-27,37247.90234375,2642.60791015625,31.12712860107422,0.9356160163879395,0.32814401388168335,1.612414002418518,30.16031837463379,181.08734130859375,702.633056640625,243.892333984375
2021-05-28,34779.0390625,2336.361328125,28.0671443939209,0.8475710153579712,0.3015179932117462,1.4522449970245361,26.94420623779297,166.2047576904297,655.0435180664062,219.59823608398438
2021-05-29,33693.9296875,2208.490966796875,25.750940322875977,0.7950699925422668,0.2817929983139038,1.335858941078186,24.157730102539062,158.0443878173828,619.981201171875,229.77174377441406
2021-05-30,33520.73828125,2188.83447265625,25.650293350219727,0.7998250126838684,0.2876800000667572,1.3518199920654297,23.835342407226562,156.3244171142578,619.0180053710938,226.91615295410156
2021-05-31,34241.9453125,2279.505126953125,27.52474594116211,0.8825560212135315,0.29433000087738037,1.5272090435028076,25.611696243286133,164.00938415527344,637.130615234375,243.02896118164062
2021-06-01,35787.0859375,2531.16064453125,29.880172729492188,0.9793369770050049,0.3123599886894226,1.6605490446090698,29.164270401000977,176.29721069335938,670.5065307617188,253.31472778320312
2021-06-02,35966.30859375,2555.4013671875,30.432857513427734,0.9813650250434875,0.3525879979133606,1.719254970550537,29.693010330200195,178.66116333007812,675.8762817382812,262.82916259765625
2021-06-03,37243.97265625,2667.684326171875,33.792232513427734,1.0085489749908447,0.37881898880004883,1.7177619934082031,30.132158279418945,182.46522521972656,689.205810546875,286.4482421875
2021-06-04,35717.72265625,2562.637451171875,34.3109016418457,0.9201670289039612,0.35144200921058655,1.609734058380127,27.320810317993164,170.01918029785156,645.6582641601562,268.866943359375
2021-06-05,34900.4140625,2558.233642578125,37.0991096496582,0.8975290060043335,0.36048799753189087,1.6117149591445923,26.117586135864258,168.1190948486328,636.7320556640625,257.8238220214844
2021-06-06,35304.578125,2616.162353515625,38.96399688720703,0.9187600016593933,0.36725398898124695,1.6477019786834717,26.84964942932129,172.51512145996094,646.3995361328125,262.70538330078125
2021-06-07,33480.640625,2583.9951171875,38.09083938598633,0.8489819765090942,0.32980599999427795,1.5571060180664062,24.337968826293945,161.0727996826172,594.2360229492188,248.09742736816406
2021-06-08,31114.443359375,2315.546630859375,33.68545913696289,0.7886430025100708,0.29666000604629517,1.4027849435806274,21.44936180114746,145.66819763183594,545.1808471679688,223.11050415039062
2021-06-09,32475.865234375,2412.19775390625,39.36863327026367,0.8323310017585754,0.3131310045719147,1.485164999961853,22.518564224243164,152.84213256835938,567.7802124023438,237.75819396972656
2021-06-10,35847.59375,2435.401611328125,39.59678268432617,0.8537970185279846,0.32327800989151,1.5085779428482056,22.810510635375977,162.9648895263672,591.91015625,254.8777618408203
2021-06-11,36044.44921875,2326.86962890625,35.31117248535156,0.8359429836273193,0.31150200963020325,1.4208519458770752,21.038066864013672,160.8946990966797,571.8099975585938,240.6396942138672
2021-06-12,34728.19140625,2265.758056640625,34.31815719604492,0.8076980113983154,0.3018040060997009,1.358178973197937,20.05019760131836,154.3889923095703,549.8956909179688,232.22845458984375
2021-06-13,34864.109375,2312.64013671875,34.782989501953125,0.8192729949951172,0.30789199471473694,1.4029350280761719,20.4605712890625,156.96461486816406,560.099853515625,238.2101593017578
2021-06-14,38757.28515625,2469.38818359375,36.81413269042969,0.8638150095939636,0.3200869858264923,1.510411024093628,22.93352508544922,166.6953887939453,600.4496459960938,258.83319091796875
2021-06-15,39609.46875,2515.153076171875,39.435813903808594,0.860289990901947,0.31697601079940796,1.5453829765319824,24.46428108215332,172.44073486328125,617.982421875,272.4851989746094
2021-06-16,38176.03515625,2354.3505859375,37.50349807739258,0.8275539875030518,0.3054850101470947,1.475046992301941,22.925233840942383,164.9956817626953,591.1793212890625,260.3040771484375
2021-06-17,37439.67578125,2312.301513671875,38.28608322143555,0.8258749842643738,0.30331599712371826,1.459475040435791,22.860382080078125,163.58920288085938,585.6542358398438,262.130615234375
2021-06-18,35255.85546875,2147.308349609375,35.0040168762207,0.7749850153923035,0.2804810106754303,1.3796730041503906,20.61688232421875,152.0054931640625,546.919189453125,261.2153625488281
2021-06-19,34933.0625,2168.885009765625,34.981605529785156,0.7587100267410278,0.2861889898777008,1.386422038078308,20.293960571289062,152.93783569335938,553.4807739257812,264.54327392578125
2021-06-20,33432.07421875,2049.962646484375,31.36209487915039,0.6993719935417175,0.2564670145511627,1.3089510202407837,19.147449493408203,144.31533813476562,516.1603393554688,248.52676391601562
2021-06-21,31295.935546875,1867.1854248046875,25.949079513549805,0.6051750183105469,0.16649100184440613,1.1706039905548096,17.014158248901367,124.249267578125,455.37518310546875,200.40541076660156
2021-06-22,28893.62109375,1707.6005859375,20.380443572998047,0.5127099752426147,0.16465400159358978,1.0029850006103516,15.032353401184082,105.56629180908203,390.0023498535156,180.8755340576172
2021-06-23,31772.6328125,1827.571533203125,25.69648551940918,0.5236629843711853,0.18097899854183197,1.1118940114974976,16.207231521606445,115.95838165283203,430.0447998046875,193.18728637695312
2021-06-24,32385.21484375,1887.4320068359375,28.548385620117188,0.6173819899559021,0.22252699732780457,1.2068990468978882,17.385278701782227,123.95979309082031,457.01165771484375,204.49395751953125
2021-06-25,31350.884765625,1794.400390625,28.035079956054688,0.6033830046653748,0.23000599443912506,1.245303988456726,16.83509635925293,124.58116912841797,450.06427001953125,192.6688995361328
2021-06-26,30184.501953125,1719.5594482421875,26.710813522338867,0.582414984703064,0.23097200691699982,1.1985729932785034,15.957305908203125,119.02980041503906,429.425537109375,185.5023193359375
2021-06-27,32071.7578125,1811.245849609375,29.271196365356445,0.5976420044898987,0.24089400470256805,1.2436779737472534,16.628080368041992,125.09052276611328,447.8674011230469,195.8800811767578
2021-06-28,33902.07421875,1963.615478515625,31.035127639770508,0.624550998210907,0.2507619857788086,1.3054059743881226,17.931026458740234,130.3041534423828,473.36810302734375,205.9945831298828
2021-06-29,34252.484375,2076.240234375,32.7266845703125,0.642350971698761,0.2529880106449127,1.320304036140442,18.764087677001953,137.42349243164062,500.38763427734375,212.436767578125
2021-06-30,34086.15234375,2090.7607421875,31.601350784301758,0.6494560241699219,0.23826800286769867,1.2870630025863647,18.179698944091797,136.4293212890625,499.3426208496094,209.0443115234375
2021-07-01,32883.78125,2081.0810546875,32.38627243041992,0.6467959880828857,0.2386769950389862,1.3040740489959717,17.644155502319336,134.40602111816406,487.2961120605469,203.4269561767578
2021-07-02,32770.6796875,2021.8248291015625,31.479923248291016,0.6347259879112244,0.2388480007648468,1.286607027053833,17.30550193786621,130.9354705810547,476.85284423828125,199.60853576660156
2021-07-03,33402.6953125,2117.590087890625,33.2984733581543,0.6446530222892761,0.24245400726795197,1.359663963317871,17.898075103759766,134.94528198242188,489.528564453125,207.0421905517578
2021-07-04,34396.4765625,2190.837646484375,33.55573654174805,0.665802001953125,0.24342499673366547,1.382153034210205,18.02895736694336,137.09642028808594,495.9254150390625,213.0230712890625
2021-07-05,33213.66015625,2163.04150390625,32.48269271850586,0.6484919786453247,0.22783799469470978,1.3792840242385864,17.81475257873535,134.96026611328125,490.6242370605469,206.5026092529297
2021-07-06,33599.91796875,2197.91943359375,32.93030548095703,0.652675986289978,0.22984200716018677,1.3932820558547974,18.351877212524414,135.92483520507812,500.9181823730469,212.2968292236328
2021-07-07,33839.2890625,2298.02685546875,33.8420295715332,0.6510170102119446,0.22257600724697113,1.4013270139694214,19.64340591430664,137.18386840820312,505.7569885253906,214.51466369628906
2021-07-08,32133.18359375,2089.414306640625,32.80227279663086,0.612982988357544,0.20298700034618378,1.3204280138015747,18.166824340820312,128.44664001464844,481.0323181152344,202.01097106933594
2021-07-09,32318.880859375,2051.066650390625,31.99104881286621,0.5936599969863892,0.19660699367523193,1.2885969877243042,17.6376953125,126.36164855957031,472.18756103515625,199.92933654785156
2021-07-10,33116.01171875,2081.923583984375,31.186784744262695,0.614700973033905,0.21074500679969788,1.3205970525741577,17.78170394897461,130.92250061035156,485.4723815917969,207.33201599121094
2021-07-11,33346.73828125,2083.8037109375,31.41175651550293,0.6176480054855347,0.21093100309371948,1.3244340419769287,17.88303565979004,132.24530029296875,490.32861328125,208.05416870117188
2021-07-12,32697.30859375,2011.0189208984375,30.074201583862305,0.6184509992599487,0.20450599491596222,1.2928379774093628,17.165828704833984,132.155029296875,472.29229736328125,203.3099365234375
2021-07-13,32261.419921875,1922.577880859375,28.918607711791992,0.6107050180435181,0.1981630027294159,1.2508009672164917,16.694175720214844,129.7334442138672,460.94415283203125,200.47067260742188
2021-07-14,31639.125,1869.22314453125,27.515703201293945,0.5874320268630981,0.18775199353694916,1.2004430294036865,16.039546966552734,124.23351287841797,445.82159423828125,192.53067016601562
2021-07-15,31175.708984375,1883.272216796875,28.008403778076172,0.5890719890594482,0.18078599870204926,1.2073960304260254,15.543466567993164,122.33609771728516,445.1778259277344,190.30905151367188
2021-07-16,31100.673828125,1853.59033203125,26.228809356689453,0.5888209939002991,0.1716119945049286,1.1689180135726929,15.17061710357666,120.7690658569336,438.4013366699219,191.51937866210938
2021-07-17,31223.990234375,1855.5908203125,26.04067039489746,0.5732390284538269,0.16922999918460846,1.152655005455017,15.049382209777832,118.07868194580078,432.3944396972656,191.2672119140625
2021-07-18,31215.4921875,1883.0125732421875,26.360977172851562,0.5734220147132874,0.18088600039482117,1.1707760095596313,15.197690963745117,117.39049530029297,434.5421142578125,197.26194763183594
2021-07-19,30563.734375,1807.909912109375,24.012245178222656,0.5551779866218567,0.17071199417114258,1.1172480583190918,14.432014465332031,111.98568725585938,414.6778564453125,187.7317657470703
2021-07-20,29360.955078125,1722.05078125,22.177541732788086,0.5179100036621094,0.16072799265384674,1.0214329957962036,13.422879219055176,104.32588958740234,386.1447448730469,178.87364196777344
2021-07-21,29526.18359375,1759.0233154296875,22.86536979675293,0.5203379988670349,0.16871899366378784,1.038182020187378,13.474334716796875,105.37126922607422,393.3758850097656,179.18743896484375
2021-07-22,31745.298828125,1954.2978515625,25.95220947265625,0.561722993850708,0.18666400015354156,1.1521339416503906,15.00634765625,115.81658935546875,425.517822265625,190.46632385253906
2021-07-23,32057.892578125,2000.436279296875,26.425710678100586,0.5766900181770325,0.1835400015115738,1.147737979888916,15.266669273376465,117.28687286376953,432.89862060546875,194.976318359375
2021-07-24,33424.859375,2107.323486328125,28.06863784790039,0.600970983505249,0.1913439929485321,1.1990180015563965,16.344289779663086,123.61669158935547,451.8680114746094,202.00527954101562
2021-07-25,33881.8359375,2108.829833984375,26.528553009033203,0.591376006603241,0.19169700145721436,1.1916170120239258,16.188705444335938,123.86831665039062,442.8647155761719,204.210693359375
2021-07-26,35287.3125,2177.32958984375,27.903797149658203,0.6052989959716797,0.19706299901008606,1.2243620157241821,16.689613342285156,127.19208526611328,454.7943115234375,212.76678466796875
2021-07-27,36441.7265625,2154.731201171875,27.005430221557617,0.6128929853439331,0.19535000622272491,1.2153600454330444,17.625606536865234,127.62014770507812,468.7547607421875,214.55604553222656
2021-07-28,38862.4375,2250.9140625,27.41233253479004,0.6322259902954102,0.20201100409030914,1.2600480318069458,18.644123077392578,132.92088317871094,492.1509704589844,222.52609252929688
2021-07-29,39352.05859375,2273.40478515625,27.372438430786133,0.6986690163612366,0.20071600377559662,1.2609920501708984,18.638521194458008,137.14625549316406,500.83001708984375,231.34471130371094
2021-07-30,38397.35546875,2322.337158203125,30.067672729492188,0.7157809734344482,0.19653500616550446,1.2504949569702148,18.87271499633789,136.22012329101562,519.2069091796875,230.44688415527344
2021-07-31,41110.83203125,2423.816162109375,31.68321990966797,0.7377690076828003,0.20489700138568878,1.2888599634170532,21.28620147705078,142.05093383789062,537.7514038085938,234.5137176513672
2021-08-01,39540.94140625,2520.931884765625,33.28300476074219,0.7072889804840088,0.20138899981975555,1.3002699613571167,21.833097457885742,138.77186584472656,520.3663940429688,232.56967163085938
2021-08-02,38746.34765625,2511.375244140625,33.06065368652344,0.7168179750442505,0.20218800008296967,1.296774983406067,21.422109603881836,139.091552734375,521.3133544921875,228.62745666503906
2021-08-03,37782.05078125,2449.353515625,32.40266036987305,0.701878011226654,0.19374999403953552,1.2631889581680298,22.1583194732666,136.130859375,523.5277709960938,223.67227172851562
2021-08-04,37589.1640625,2463.469482421875,33.2731819152832,0.6978359818458557,0.1944500058889389,1.3243659734725952,22.90483283996582,135.9945526123047,525.5243530273438,223.14718627929688
2021-08-05,37458.00390625,2540.68408203125,35.53385543823242,0.7024009823799133,0.19468499720096588,1.3405200242996216,22.56277084350586,136.4845733642578,524.000732421875,237.32118225097656
2021-08-06,39932.1796875,2727.792724609375,35.68829345703125,0.7239869832992554,0.19861699640750885,1.363698959350586,23.106555938720703,142.0043182373047,537.6621704101562,250.8347930908203
2021-08-07,42618.56640625,2868.53564453125,37.62660217285156,0.7414399981498718,0.20377199351787567,1.3967499732971191,23.643022537231445,147.3045196533203,554.2565307617188,259.6138916015625
2021-08-08,43331.91015625,2951.747314453125,36.935577392578125,0.7732459902763367,0.23534800112247467,1.4086250066757202,22.609874725341797,147.36541748046875,555.2918090820312,256.28387451171875
2021-08-09,42848.6875,2900.926025390625,36.481170654296875,0.7609090209007263,0.23140999674797058,1.394436001777649,22.093862533569336,145.44422912597656,544.18603515625,253.82164001464844
2021-08-10,44705.5546875,3059.22900390625,38.22317123413086,0.8006410002708435,0.24535199999809265,1.458569049835205,23.787742614746094,159.07925415039062,574.5298461914062,260.5279235839844
2021-08-11,45351.7109375,3122.91650390625,40.628238677978516,0.8487489819526672,0.2563819885253906,1.6706609725952148,24.469619750976562,164.40505981445312,591.05419921875,266.01751708984375
2021-08-12,43861.4453125,2984.1669921875,39.38155746459961,0.9247490167617798,0.25277501344680786,1.6841249465942383,24.146345138549805,161.1070556640625,593.17236328125,252.56259155273438
2021-08-13,44282.41796875,3037.676025390625,40.72161865234375,0.9525910019874573,0.26190701127052307,1.8283740282058716,24.734994888305664,164.28289794921875,602.1204223632812,255.23472595214844
2021-08-14,46177.6328125,3214.519775390625,42.937660217285156,1.0710289478302002,0.27715399861335754,2.093592882156372,26.502994537353516,175.77862548828125,644.8167114257812,265.5566101074219
2021-08-15,45579.58984375,3117.791748046875,43.450008392333984,1.2302429676055908,0.28706300258636475,2.0395619869232178,25.950136184692383,175.61293029785156,673.8369140625,262.04071044921875
2021-08-16,45700.3203125,3139.778564453125,52.465850830078125,1.1510319709777832,0.31082800030708313,2.0517239570617676,27.70220947265625,176.99046325683594,673.8261108398438,266.36944580078125
2021-08-17,44512.41796875,2996.46826171875,58.9813346862793,1.088273048400879,0.2957629859447479,1.9127540588378906,25.954618453979492,168.340576171875,638.1257934570312,255.5129852294922
2021-08-18,44364.02734375,2959.0283203125,60.26971435546875,1.056771993637085,0.28201600909233093,1.8876750469207764,25.005725860595703,163.58016967773438,622.0503540039062,247.74925231933594
2021-08-19,43998.31640625,2963.150146484375,68.6104965209961,1.0921709537506104,0.2940880060195923,2.047940969467163,24.534896850585938,162.9866943359375,620.0689086914062,247.4070587158203
2021-08-20,46650.70703125,3178.103759765625,70.93728637695312,1.201058030128479,0.31414198875427246,2.3786120414733887,26.70717430114746,174.3670196533203,652.8930053710938,262.2156677246094
2021-08-21,48312.19921875,3209.8662109375,72.69692993164062,1.2064050436019897,0.31543299555778503,2.387615919113159,27.672607421875,177.05250549316406,671.6244506835938,273.2007141113281
2021-08-22,48199.94140625,3142.007080078125,71.55394744873047,1.1847549676895142,0.30654600262641907,2.433664083480835,26.903682708740234,179.1482696533203,654.2988891601562,276.3260803222656
2021-08-23,49074.60546875,3235.851318359375,71.68074798583984,1.2220940589904785,0.3133679926395416,2.693826913833618,27.831138610839844,183.9352569580078,664.51953125,303.2674560546875
2021-08-24,47687.1171875,3154.121337890625,68.61978912353516,1.1281579732894897,0.2777769863605499,2.5983190536499023,25.74034881591797,172.7820281982422,635.8792724609375,303.2915344238281
2021-08-25,47163.61328125,3086.114990234375,66.22276306152344,1.1094310283660889,0.27999499440193176,2.6087958812713623,25.38345718383789,169.92413330078125,628.3580322265625,298.52734375
2021-08-26,46405.78125,3060.228759765625,66.26455688476562,1.0699050426483154,0.2653129994869232,2.4737660884857178,24.040708541870117,166.03240966796875,607.16259765625,287.07647705078125
2021-08-27,46394.28125,3064.485107421875,72.71512603759766,1.0526419878005981,0.265392005443573,2.4986989498138428,24.03255844116211,165.39891052246094,598.5211791992188,286.2994384765625
2021-08-28,48499.23828125,3217.403564453125,85.79064178466797,1.1366980075836182,0.28327301144599915,2.7824740409851074,25.398353576660156,171.77511596679688,623.559326171875,298.557373046875
2021-08-29,47925.85546875,3158.84033203125,90.99362182617188,1.1166620254516602,0.27748599648475647,2.7303359508514404,25.21503257751465,173.50204467773438,647.4337768554688,287.8858337402344
2021-08-30,46950.2734375,3151.444580078125,94.0377197265625,1.0987110137939453,0.27037501335144043,2.7243170738220215,24.41466522216797,167.07908630371094,631.6288452148438,281.2602233886719
2021-08-31,46750.09375,3195.216552734375,103.35130310058594,1.0922499895095825,0.27004700899124146,2.7064731121063232,24.73932647705078,166.14059448242188,625.0663452148438,279.57708740234375
2021-09-01,46562.4375,3387.408447265625,106.27082061767578,1.1591269969940186,0.27352601289749146,2.7263269424438477,26.132543563842773,169.01461791992188,626.5117797851562,280.12274169921875
2021-09-02,48652.3203125,3726.75048828125,109.65261840820312,1.2229050397872925,0.29201000928878784,2.8397810459136963,28.786727905273438,179.7144775390625,654.9188842773438,298.14605712890625
2021-09-03,48386.0859375,3712.67822265625,128.3890838623047,1.226127028465271,0.2885409891605377,2.9076058864593506,29.068960189819336,180.1070556640625,652.6405029296875,296.8645935058594
2021-09-04,49548.78125,3837.93115234375,136.44955444335938,1.2409570217132568,0.2933419942855835,2.8102059364318848,29.473405838012695,208.9357147216797,698.1464233398438,300.0368957519531
2021-09-05,49538.59765625,3838.4873046875,135.07997131347656,1.237483024597168,0.29658201336860657,2.8263769149780273,29.58090591430664,210.74658203125,699.8557739257812,300.02850341796875
2021-09-06,51053.6796875,3868.994384765625,138.0382080078125,1.3073170185089111,0.30045101046562195,2.804008960723877,32.81916427612305,216.6732177734375,742.3150024414062,301.33197021484375
2021-09-07,43285.20703125,3062.222412109375,133.10025024414062,0.9754549860954285,0.21652700006961823,2.0409529209136963,24.154762268066406,165.84286499023438,596.7484741210938,234.76930236816406
2021-09-08,44561.39453125,3224.764892578125,147.99118041992188,1.0201749801635742,0.2348639965057373,2.2115089893341064,25.277299880981445,170.00404357910156,645.4343872070312,246.1095733642578
2021-09-09,45669.73828125,3400.51708984375,181.4458770751953,0.838254988193512,0.2492700070142746,2.3870849609375,26.52749252319336,177.24061584472656,657.0098876953125,254.61273193359375
2021-09-10,44344.484375,3157.05908203125,168.69082641601562,1.0343170166015625,0.23590900003910065,2.302802085876465,25.736425399780273,171.5594024658203,620.4895629882812,244.7466583251953
2021-09-11,44818.265625,3208.9619140625,175.56541442871094,1.053305983543396,0.23848700523376465,2.375493049621582,26.319040298461914,173.75514221191406,627.1976928710938,247.77699279785156
2021-09-12,44790.4609375,3235.109375,170.5845947265625,1.0598679780960083,0.23923300206661224,2.5111849308013916,26.435869216918945,175.57394409179688,624.7405395507812,246.5413055419922
2021-09-13,43591.3203125,3121.51416015625,150.9744110107422,1.0296469926834106,0.22891099750995636,2.315687894821167,25.26575469970703,171.38385009765625,596.707763671875,243.5383758544922
2021-09-14,44752.33203125,3273.630859375,143.55311584472656,1.0588419437408447,0.23396199941635132,2.3280189037323,26.780527114868164,176.49996948242188,610.4279174804688,256.0555419921875
2021-09-15,46773.328125,3365.9130859375,154.2395477294922,1.0805649757385254,0.23921500146389008,2.364346981048584,29.685476303100586,180.04246520996094,633.6305541992188,265.4732971191406
2021-09-16,47079.55859375,3489.8056640625,147.6532745361328,1.0680979490280151,0.23385199904441833,2.383594036102295,29.090736389160156,181.85879516601562,630.1121215820312,259.86279296875
2021-09-17,46832.5234375,3356.449951171875,135.24522399902344,1.0531710386276245,0.2380259931087494,2.3267099857330322,27.42317771911621,178.46478271484375,614.6449584960938,257.2719421386719
2021-09-18,47087.28515625,3371.892333984375,144.3922576904297,1.0573879480361938,0.2382279932498932,2.313549041748047,27.41591453552246,178.50674438476562,615.9144287109375,259.9277038574219
2021-09-19,46919.8046875,3286.17236328125,151.2509765625,1.0418070554733276,0.23133699595928192,2.2654149532318115,26.98116683959961,173.23143005371094,604.978515625,258.6748962402344
2021-09-20,42598.9140625,2940.839111328125,131.2610321044922,0.8878499865531921,0.20002199709415436,1.9894180297851562,23.167373657226562,154.10418701171875,534.1204833984375,227.33340454101562
2021-09-21,39787.609375,2676.407470703125,116.34320068359375,0.8607339859008789,0.19816100597381592,1.9232800006866455,20.98163414001465,145.47476196289062,499.4041748046875,213.11476135253906
2021-09-22,40625.6328125,2741.440673828125,122.34915924072266,0.8696200251579285,0.20022399723529816,1.970945954322815,21.06086540222168,145.7730712890625,497.69073486328125,214.69876098632812
2021-09-23,43109.33984375,3038.097900390625,143.20126342773438,0.9704790115356445,0.21811500191688538,2.1834681034088135,23.434123992919922,157.520751953125,534.0375366210938,243.49310302734375
2021-09-24,40936.55859375,2747.337646484375,128.8013153076172,0.8923929929733276,0.197720006108284,2.0773990154266357,21.479660034179688,142.44131469726562,483.0015563964844,224.2490997314453
2021-09-25,41759.921875,2818.970458984375,134.10775756835938,0.9196249842643738,0.20487500727176666,2.2411859035491943,22.115114212036133,149.2789306640625,503.3245849609375,230.56637573242188
2021-09-26,40848.4609375,2744.5830078125,125.11542510986328,0.8948339819908142,0.1944890022277832,2.153531074523926,22.432241439819336,142.54745483398438,482.24560546875,222.1141357421875
2021-09-27,42190.6328125,2932.69287109375,133.98428344726562,0.9210829734802246,0.20007799565792084,2.133971929550171,23.005184173583984,145.27651977539062,488.82470703125,234.21522521972656
2021-09-28,40931.6640625,2793.360595703125,128.2448272705078,0.8924990296363831,0.1963520050048828,2.0300419330596924,22.024333953857422,140.3708953857422,473.2707824707031,228.38162231445312
2021-09-29,40829.66796875,2786.98828125,131.2336883544922,0.8879479765892029,0.19504199922084808,2.023026943206787,22.043354034423828,140.14515686035156,472.265625,228.8263397216797
2021-09-30,41444.58203125,2840.28955078125,134.31326293945312,0.922918975353241,0.19785499572753906,2.0534539222717285,22.734821319580078,144.1713409423828,482.56219482421875,232.9263916015625
2021-10-01,43320.0234375,2978.654296875,138.4369354248047,0.9453549981117249,0.20199400186538696,2.0962560176849365,23.614091873168945,151.5926513671875,501.22039794921875,243.3828125
2021-10-02,47465.49609375,3260.027587890625,156.3223419189453,1.0095380544662476,0.21549299359321594,2.195434093475342,25.85490608215332,164.80014038085938,537.212646484375,251.76846313476562
2021-10-03,47157.2890625,3348.1201171875,166.07000732421875,1.0224920511245728,0.21587200462818146,2.223881959915161,26.556833267211914,166.1136474609375,545.6220703125,250.33140563964844
2021-10-04,47045.00390625,3283.44873046875,162.77333068847656,1.0107049942016602,0.21328400075435638,2.1558001041412354,25.70303726196289,162.34503173828125,534.0560913085938,251.8245849609375
2021-10-05,49072.83984375,3365.817626953125,160.59315490722656,1.038789987564087,0.23358799517154694,2.18156099319458,26.296201705932617,166.92149353027344,549.753173828125,261.1380615234375
2021-10-06,50488.19140625,3354.4697265625,150.76837158203125,1.021597981452942,0.2430959939956665,2.1168758869171143,25.26749610900879,164.39273071289062,563.388916015625,263.03369140625
2021-10-07,53525.46875,3479.9091796875,150.5420379638672,1.0462199449539185,0.2391269952058792,2.153611898422241,25.940744400024414,173.76512145996094,599.4169311523438,276.107177734375
2021-10-08,53688.0546875,3547.828125,152.75576782226562,1.056926965713501,0.24169200658798218,2.2237050533294678,26.20125389099121,174.97140502929688,590.0999755859375,276.4298095703125
2021-10-09,53735.14453125,3544.640380859375,154.8697967529297,1.0592540502548218,0.24175700545310974,2.221574068069458,26.131357192993164,175.0626220703125,592.9171142578125,274.00274658203125
2021-10-10,54264.2578125,3414.970947265625,146.8982391357422,1.1313070058822632,0.22785800695419312,2.174144983291626,25.522945404052734,174.6259765625,584.3057861328125,269.83758544921875
2021-10-11,54519.765625,3385.76171875,140.3639678955078,1.109963059425354,0.2255209982395172,2.122025966644287,24.675758361816406,173.7331085205078,581.1066284179688,266.0589904785156
2021-10-12,54477.97265625,3407.338134765625,137.8115692138672,1.0676109790802002,0.21644699573516846,2.0755839347839355,23.568866729736328,167.44483947753906,569.3594360351562,268.7650146484375
2021-10-13,54370.97265625,3417.60205078125,144.40786743164062,1.0769790410995483,0.22106100618839264,2.0895650386810303,24.212310791015625,168.02479553222656,572.5851440429688,269.5082702636719
2021-10-14,56957.07421875,3590.275146484375,147.3309326171875,1.1193039417266846,0.23149700462818146,2.1588668823242188,25.424726486206055,177.16390991210938,591.8446655273438,264.8221435546875
2021-10-15,56868.14453125,3735.363525390625,146.98483276367188,1.1039719581604004,0.22574999928474426,2.1391348838806152,26.028905868530273,176.94956970214844,586.2923583984375,261.0511474609375
2021-10-16,60206.12109375,3805.885986328125,156.73756408691406,1.132119059562683,0.2336830049753189,2.171731948852539,26.955415725708008,185.43048095703125,624.5023803710938,265.0506896972656
2021-10-17,59164.46875,3660.723388671875,154.09034729003906,1.02736496925354,0.22638000547885895,2.096560001373291,25.669570922851562,178.02435302734375,593.0745849609375,253.60614013671875
2021-10-18,60012.7578125,3686.75048828125,155.0302276611328,1.0671030282974243,0.2374880015850067,2.10994291305542,25.298381805419922,179.23037719726562,600.2850341796875,252.9609832763672
2021-10-19,61622.93359375,3736.7802734375,153.22100830078125,1.0723559856414795,0.2406509965658188,2.0966060161590576,25.405818939208984,183.9536895751953,601.8729858398438,252.07034301757812
2021-10-20,63610.67578125,3833.2880859375,155.19984436035156,1.0885709524154663,0.24238400161266327,2.09511399269104,25.885156631469727,185.98178100585938,606.3157958984375,253.43496704101562
2021-10-21,62117.41015625,4032.48388671875,176.7655487060547,1.0880850553512573,0.2422730028629303,2.1347100734710693,27.324060440063477,196.4022979736328,621.7437133789062,257.93280029296875
2021-10-22,60122.796875,3908.34033203125,188.27362060546875,1.0791150331497192,0.2364719957113266,2.1334190368652344,28.167055130004883,188.53033447265625,613.9552612304688,264.30804443359375
2021-10-23,59826.5234375,3944.6318359375,192.56275939941406,1.078505039215088,0.2415889948606491,2.134751081466675,28.350711822509766,189.37583923339844,616.6586303710938,261.35821533203125
2021-10-24,59643.34375,3967.120361328125,185.5724334716797,1.0580439567565918,0.24602800607681274,2.095418930053711,28.76253318786621,185.7188720703125,606.61376953125,266.7877197265625
2021-10-25,60691.80078125,4072.03466796875,198.2024383544922,1.0792059898376465,0.2602199912071228,2.1156508922576904,29.542158126831055,189.87562561035156,615.4833984375,283.949951171875
2021-10-26,59991.16015625,4106.82373046875,197.4866485595703,1.0932279825210571,0.2537209987640381,2.1289820671081543,31.347049713134766,190.97183227539062,602.4031982421875,279.6276550292969
2021-10-27,58208.1875,3930.25732421875,178.73086547851562,0.9702050089836121,0.22032800316810608,1.8334200382232666,28.086034774780273,174.11334228515625,542.3541259765625,249.09751892089844
2021-10-28,58206.91796875,3905.7060546875,182.217529296875,0.9841139912605286,0.2333340048789978,1.9107810258865356,28.72759246826172,178.429443359375,545.9429931640625,253.6109619140625
2021-10-29,60329.96484375,4271.70751953125,194.90643310546875,1.0561790466308594,0.27977100014686584,1.982498049736023,30.012399673461914,188.79783630371094,575.5743408203125,265.1197204589844
2021-10-30,60918.38671875,4252.494140625,187.8165740966797,1.064389944076538,0.2598879933357239,1.9323920011520386,29.313493728637695,188.016357421875,578.387451171875,261.431396484375
2021-10-31,60074.328125,4179.01611328125,186.06298828125,1.0727640390396118,0.25261399149894714,1.9230539798736572,28.7630558013916,187.3317108154297,575.4000244140625,262.8455505371094
2021-11-01,59695.18359375,4160.966796875,198.2389678955078,1.0726569890975952,0.2640889883041382,1.9179600477218628,29.208276748657227,188.3896484375,580.0928344726562,267.2355651855469
2021-11-02,60673.0546875,4288.6865234375,201.18038940429688,1.0861170291900635,0.2675969898700714,1.9348269701004028,31.043903350830078,195.2384033203125,583.5462036132812,268.0169982910156
2021-11-03,61184.23828125,4462.97607421875,216.19619750976562,1.1269609928131104,0.2639789879322052,1.9508450031280518,30.673015594482422,197.8549346923828,592.3659057617188,264.3660888671875
2021-11-04,60799.6640625,4426.62255859375,235.15087890625,1.1669329404830933,0.25471100211143494,1.9564030170440674,30.289691925048828,197.3330535888672,588.4388427734375,256.4639587402344
2021-11-05,60844.609375,4447.4873046875,231.1608123779297,1.141374945640564,0.25788798928260803,1.9636679887771606,30.725059509277344,197.13235473632812,592.7810668945312,253.6979522705078
2021-11-06,60163.78125,4334.9736328125,235.2899627685547,1.108773946762085,0.2505210041999817,1.946815013885498,30.807950973510742,191.83587646484375,578.3321533203125,249.77439880371094
2021-11-07,61432.48828125,4510.984375,246.12242126464844,1.148102045059204,0.25896701216697693,1.978158950805664,31.7766056060791,197.35459899902344,587.5601806640625,259.1589050292969
2021-11-08,63344.06640625,4619.6494140625,241.14013671875,1.2210299968719482,0.2649179995059967,2.0116350650787354,32.26546859741211,202.30235290527344,600.7612915039062,261.9617004394531
2021-11-09,66382.0625,4718.0390625,237.89529418945312,1.2320599555969238,0.2717519998550415,2.107469081878662,33.55655288696289,227.10169982910156,637.7782592773438,269.2320861816406
2021-11-10,63208.11328125,4485.09326171875,218.3885498046875,1.1258280277252197,0.23803000152111053,1.9446020126342773,32.11244583129883,254.38720703125,651.1315307617188,260.3492126464844
2021-11-11,64180.48828125,4580.990234375,229.74851989746094,1.1783130168914795,0.25328299403190613,2.0635640621185303,33.49994659423828,251.60540771484375,659.8367919921875,261.3183288574219
2021-11-12,62333.9140625,4510.92041015625,221.25294494628906,1.1570489406585693,0.2494570016860962,1.994117021560669,32.75325393676758,244.24835205078125,647.467529296875,252.40789794921875
2021-11-13,63303.734375,4582.1806640625,225.075927734375,1.1687649488449097,0.25453999638557434,2.023658037185669,33.21662902832031,245.50743103027344,655.612548828125,258.1950988769531
2021-11-14,63647.80859375,4516.935546875,230.6894073486328,1.16941499710083,0.2602750062942505,2.0120699405670166,32.559730529785156,249.1079864501953,657.8456420898438,266.69732666015625
2021-11-15,63548.14453125,4546.59912109375,235.09910583496094,1.1703200340270996,0.2563669979572296,2.0148110389709473,32.0107536315918,259.9883728027344,665.6408081054688,266.13702392578125
2021-11-16,59016.3359375,4144.3349609375,215.4420928955078,1.0537179708480835,0.22639399766921997,1.7864739894866943,28.177249908447266,224.916748046875,578.45703125,232.96343994140625
2021-11-17,58515.41015625,4107.1259765625,210.02694702148438,1.0699479579925537,0.23285900056362152,1.8052970170974731,28.16440200805664,221.84703063964844,579.083984375,231.88455200195312
2021-11-18,56550.79296875,3959.227783203125,187.67312622070312,1.02292001247406,0.21609899401664734,1.7108639478683472,25.95633888244629,200.68801879882812,545.3870239257812,224.17108154296875
2021-11-19,55705.1796875,3982.91748046875,189.7501678466797,1.0205849409103394,0.21651799976825714,1.7566230297088623,26.155597686767578,200.1072540283203,549.5670166015625,224.62709045410156
2021-11-20,57469.7265625,4209.24267578125,206.28587341308594,1.0643019676208496,0.22545099258422852,1.8606250286102295,27.27271842956543,213.79388427734375,567.1513671875,237.35565185546875
2021-11-21,58618.9296875,4255.455078125,210.8097381591797,1.0591540336608887,0.22567999362945557,1.8363319635391235,27.7321720123291,220.05844116210938,570.2495727539062,242.47874450683594
2021-11-22,55679.83984375,4033.572265625,212.03009033203125,1.0279279947280884,0.21689799427986145,1.7598299980163574,26.350961685180664,205.91053771972656,550.3196411132812,229.29940795898438
2021-11-23,55632.76171875,4069.7666015625,211.31222534179688,1.023345947265625,0.21456600725650787,1.7451269626617432,26.257051467895508,205.91696166992188,548.1824340820312,225.9451446533203
2021-11-24,55964.22265625,4176.18359375,200.5026092529297,1.0116809606552124,0.21183599531650543,1.594202995300293,25.204622268676758,206.5169219970703,558.7168579101562,233.37060546875
2021-11-25,57146.68359375,4249.7744140625,202.3234100341797,1.0241570472717285,0.21431699395179749,1.6208850145339966,25.382614135742188,210.92410278320312,608.2313232421875,241.95465087890625
2021-11-26,53569.765625,3933.506591796875,184.32827758789062,0.9254459738731384,0.19034400582313538,1.50204598903656,23.21697235107422,190.84671020507812,546.1338500976562,218.708984375
2021-11-27,53668.35546875,4033.513916015625,191.04054260253906,0.9365609884262085,0.20087100565433502,1.5319570302963257,23.832780838012695,191.19830322265625,555.8383178710938,225.91342163085938
2021-11-28,53576.734375,3989.969970703125,182.37245178222656,0.896573007106781,0.19306400418281555,1.4336179494857788,22.923444747924805,184.1060333251953,537.4225463867188,220.28831481933594
2021-11-29,56792.52734375,4284.5048828125,199.9542999267578,0.9663280248641968,0.20325200259685516,1.5599180459976196,24.61510467529297,195.7545623779297,558.3505249023438,233.60789489746094
2021-11-30,56057.28125,4358.07421875,200.08433532714844,0.9736729860305786,0.213250994682312,1.5498429536819458,24.225584030151367,198.14625549316406,557.5282592773438,228.55311584472656
2021-12-01,56553.08203125,4530.2724609375,208.1522674560547,0.9820230007171631,0.20629799365997314,1.5345619916915894,25.024314880371094,205.80560302734375,565.7195434570312,227.4440460205078
2021-12-02,55895.1328125,4441.5078125,220.38717651367188,0.9598770141601562,0.2021690011024475,1.521644949913025,24.26401138305664,200.59449768066406,559.1774291992188,225.69105529785156
2021-12-03,52496.5859375,4100.1455078125,207.32977294921875,0.9059680104255676,0.19327400624752045,1.5325640439987183,22.693796157836914,182.541748046875,526.2933959960938,219.30966186523438
2021-12-04,42874.6171875,3525.494140625,171.55357360839844,0.6145049929618835,0.13282600045204163,1.205124020576477,15.549089431762695,132.05429077148438,354.55853271484375,179.19955444335938
2021-12-05,47857.49609375,4040.217529296875,182.01681518554688,0.7803999781608582,0.16294899582862854,1.2905490398406982,18.529468536376953,149.2733917236328,436.66033935546875,193.73484802246094
2021-12-06,47281.03515625,3930.806640625,176.8880615234375,0.7523319721221924,0.1595579981803894,1.2578680515289307,17.267677307128906,141.77304077148438,421.8958740234375,186.15219116210938
2021-12-07,50175.80859375,4264.32373046875,188.2808074951172,0.8071730136871338,0.17550499737262726,1.3705519437789917,19.753881454467773,158.70608520507812,465.2597351074219,199.81646728515625
2021-12-08,48765.98828125,4234.53759765625,184.13270568847656,0.8058980107307434,0.17262999713420868,1.3435169458389282,20.82253646850586,156.8856658935547,464.2226867675781,200.78834533691406
2021-12-09,47358.3515625,4078.84423828125,178.79214477539062,0.8351290225982666,0.1694840043783188,1.2904399633407593,20.291046142578125,151.79530334472656,449.4764404296875,188.235107421875
2021-12-10,47023.69921875,3897.767578125,167.954833984375,0.7963280081748962,0.16406500339508057,1.2100239992141724,18.516220092773438,148.2205352783203,438.0936584472656,186.9035186767578
2021-12-11,46942.34765625,3846.054443359375,161.86000061035156,0.7893850207328796,0.16181699931621552,1.1951429843902588,18.261465072631836,146.49546813964844,433.7149658203125,187.85244750976562
2021-12-12,48725.8515625,3993.055908203125,167.8612518310547,0.8112059831619263,0.16589899361133575,1.3218369483947754,19.278799057006836,153.6103515625,443.0592956542969,191.70611572265625
2021-12-13,45894.84765625,3680.609130859375,148.5718231201172,0.7644910216331482,0.15199600160121918,1.2025740146636963,17.351240158081055,143.1669464111328,415.5772705078125,181.75347900390625
2021-12-14,46424.49609375,3700.104736328125,150.11798095703125,0.7755900025367737,0.15544700622558594,1.2014219760894775,17.53154182434082,143.42257690429688,419.6286926269531,180.46449279785156
2021-12-15,46671.96484375,3664.719970703125,157.65321350097656,0.7798140048980713,0.17126600444316864,1.2071609497070312,17.320510864257812,142.0965576171875,417.52825927734375,179.1866455078125
2021-12-16,47529.87890625,3956.05712890625,174.4509735107422,0.8046320080757141,0.17265500128269196,1.2367839813232422,18.70233917236328,148.71083068847656,437.87750244140625,185.22064208984375
2021-12-17,45618.21484375,3711.424560546875,168.51873779296875,0.7804219722747803,0.16226300597190857,1.1878809928894043,17.79973030090332,142.02572631835938,418.86456298828125,177.2151641845703
2021-12-18,45598.44140625,3774.614990234375,171.19656372070312,0.7928079962730408,0.1662440001964569,1.2019469738006592,17.851829528808594,143.17318725585938,419.87115478515625,178.20301818847656
2021-12-19,46502.953125,3894.398681640625,178.75502014160156,0.8213099837303162,0.1693820059299469,1.2417570352554321,18.832582473754883,147.891845703125,432.7292175292969,178.30056762695312
2021-12-20,45579.80859375,3759.4033203125,168.6835174560547,0.8263760209083557,0.16149699687957764,1.2027159929275513,18.059167861938477,145.53555297851562,419.631103515625,179.36048889160156
2021-12-21,46698.7734375,3918.837890625,170.49063110351562,0.8543699979782104,0.16610799729824066,1.2291150093078613,18.395166397094727,149.45191955566406,427.5394592285156,187.35733032226562
2021-12-22,48450.94140625,3947.690185546875,177.42733764648438,0.9271780252456665,0.17005500197410583,1.278285026550293,19.261857986450195,153.37020874023438,435.384765625,186.45065307617188
2021-12-23,48065.8359375,3897.234375,176.116455078125,0.9408230185508728,0.17173999547958374,1.3111209869384766,19.617338180541992,153.58148193359375,435.3380126953125,187.85406494140625
2021-12-24,50514.49609375,4029.064453125,185.01937866210938,0.8990510106086731,0.17976100742816925,1.3834799528121948,21.250202178955078,160.67201232910156,449.8904113769531,200.73460388183594
2021-12-25,50236.70703125,4027.927001953125,189.0322265625,0.9023150205612183,0.18557099997997284,1.3852189779281616,21.374284744262695,157.7855987548828,448.2062683105469,203.5169219970703
2021-12-26,49623.10546875,4013.0263671875,190.8236846923828,0.9072809815406799,0.18564599752426147,1.4108339548110962,21.147613525390625,153.33297729492188,445.4798583984375,206.2288360595703
2021-12-27,50499.46875,4033.492431640625,195.16079711914062,0.9145079851150513,0.18723900616168976,1.4520879983901978,22.7802734375,154.733642578125,448.5243225097656,215.75990295410156
2021-12-28,47414.2109375,3769.280029296875,177.0403594970703,0.8486639857292175,0.1727380007505417,1.3813519477844238,20.383493423461914,145.17674255371094,438.9371337890625,207.55604553222656
2021-12-29,46201.49609375,3612.7958984375,170.44342041015625,0.8137099742889404,0.16675999760627747,1.32846999168396,19.57467269897461,144.5751953125,428.68603515625,203.34136962890625
2021-12-30,46060.3125,3595.204833984375,168.3984832763672,0.8044999837875366,0.16538099944591522,1.300004005432129,19.192333221435547,143.23793029785156,425.0855712890625,209.44329833984375
2021-12-31,45819.953125,3636.869873046875,168.31207275390625,0.8057649731636047,0.16730700433254242,1.2873649597167969,19.136856079101562,144.5597381591797,421.2988586425781,223.18435668945312
2022-01-01,46288.484375,3682.28662109375,170.19554138183594,0.8307409882545471,0.1703529953956604,1.3097870349884033,19.574094772338867,146.45693969726562,430.4936218261719,228.76864624023438
2022-01-02,46856.9375,3727.357421875,175.01231384277344,0.839156985282898,0.17120100557804108,1.3465150594711304,20.615718841552734,148.66310119628906,443.3173828125,236.7012481689453
2022-01-03,45835.96484375,3698.047607421875,167.5339813232422,0.8240519762039185,0.168271005153656,1.3157999515533447,21.346864700317383,146.6741943359375,432.5278015136719,223.89768981933594
2022-01-04,45752.46484375,3723.349853515625,166.74012756347656,0.8196150064468384,0.16812799870967865,1.299481987953186,22.903562545776367,146.5630645751953,427.22998046875,221.17218017578125
2022-01-05,42798.22265625,3456.745361328125,148.2161102294922,0.7327039837837219,0.15189799666404724,1.2026790380477905,22.83167266845703,132.1007537841797,394.7982482910156,202.32493591308594
2022-01-06,42645.5390625,3335.376708984375,146.66766357421875,0.7442920207977295,0.15514199435710907,1.1934159994125366,23.54539680480957,133.3151397705078,389.133056640625,194.67242431640625
2022-01-07,41077.4453125,3117.38134765625,135.14999389648438,0.7346169948577881,0.15129899978637695,1.1932369470596313,22.90793228149414,128.08090209960938,378.25787353515625,192.66854858398438
2022-01-08,40672.27734375,3020.880859375,134.02101135253906,0.7278029918670654,0.1476690024137497,1.1381160020828247,23.810571670532227,126.74758911132812,365.2764587402344,179.70330810546875
2022-01-09,41338.16015625,3075.911376953125,138.39410400390625,0.7415339946746826,0.14960700273513794,1.153478980064392,25.29500961303711,128.80877685546875,369.9472961425781,183.50953674316406
2022-01-10,39796.5703125,2947.68359375,130.7969970703125,0.7054790258407593,0.1398400068283081,1.080152988433838,25.351890563964844,122.6286849975586,350.5097961425781,179.77975463867188
2022-01-11,41407.75390625,3061.140625,134.13397216796875,0.7341510057449341,0.14264699816703796,1.125648021697998,26.02193260192871,126.28759002685547,362.8907775878906,181.51219177246094
2022-01-12,42528.98828125,3216.718017578125,138.5462646484375,0.7596459984779358,0.1520950049161911,1.1855510473251343,25.77157211303711,131.27281188964844,368.9432373046875,192.74024963378906
2022-01-13,42447.04296875,3247.91748046875,146.01004028320312,0.7630820274353027,0.1615619957447052,1.2331609725952148,24.570558547973633,135.3616943359375,377.5850524902344,198.57424926757812
2022-01-14,41982.6171875,3203.82373046875,142.39068603515625,0.7556279897689819,0.17128300666809082,1.2271050214767456,24.04926300048828,136.36302185058594,377.00518798828125,217.54400634765625
2022-01-15,42669.03515625,3278.6708984375,144.4191436767578,0.7709490060806274,0.18267600238323212,1.2572580575942993,25.24087905883789,144.45794677734375,384.4070129394531,217.30892944335938
2022-01-16,42691.0234375,3291.563720703125,146.4017791748047,0.7709529995918274,0.17532700300216675,1.2911590337753296,24.87500762939453,144.2544708251953,384.2950134277344,213.4294891357422
2022-01-17,41680.3203125,3157.22412109375,137.50003051757812,0.7523519992828369,0.16689099371433258,1.3907630443572998,23.436006546020508,145.17018127441406,374.0353088378906,212.4404754638672
2022-01-18,41392.21484375,3096.12353515625,134.8957977294922,0.7394639849662781,0.16256499290466309,1.4182369709014893,22.17359161376953,139.51914978027344,376.2998046875,200.17282104492188
2022-01-19,41242.9140625,3055.21240234375,133.3551788330078,0.726485013961792,0.16012200713157654,1.3314779996871948,21.344974517822266,133.73797607421875,367.4389343261719,199.57064819335938
2022-01-20,40672.82421875,3000.908203125,127.17404174804688,0.719402015209198,0.15517599880695343,1.2578760385513306,20.195138931274414,130.36119079589844,358.033935546875,188.4287567138672
2022-01-21,35791.42578125,2496.81298828125,107.90899658203125,0.623196005821228,0.14149600267410278,1.1091660261154175,17.341781616210938,112.4258804321289,311.09954833984375,168.05506896972656
2022-01-22,34349.25,2330.247314453125,89.28715515136719,0.5594210028648376,0.12281599640846252,0.9333969950675964,14.593436241149902,99.7610092163086,271.4568786621094,142.2332305908203
2022-01-23,34784.96875,2381.51513671875,93.5934829711914,0.5938259959220886,0.13281899690628052,1.056931972503662,15.289765357971191,106.59941864013672,285.6424865722656,148.58839416503906
2022-01-24,33184.05859375,2172.30126953125,81.2260513305664,0.5586680173873901,0.1272200047969818,0.9591240286827087,13.620351791381836,98.66522216796875,262.5016784667969,135.32464599609375
2022-01-25,35779.4296875,2359.384765625,87.75712585449219,0.5898879766464233,0.13323499262332916,0.9982119798660278,14.691471099853516,106.33942413330078,285.4053955078125,140.3779754638672
2022-01-26,36374.90625,2417.68310546875,89.80755615234375,0.6085879802703857,0.14215199649333954,1.0264860391616821,14.82795524597168,105.84998321533203,286.219482421875,143.4380645751953
2022-01-27,35629.28125,2328.4521484375,86.18603515625,0.5914649963378906,0.13694700598716736,1.0091660022735596,14.423870086669922,103.78439331054688,279.4674072265625,139.7002410888672
2022-01-28,36211.109375,2367.833740234375,87.5742416381836,0.5933970212936401,0.1383800059556961,1.0140960216522217,14.801682472229004,105.81873321533203,282.9716491699219,141.06480407714844
2022-01-29,37406.47265625,2526.98974609375,90.96379852294922,0.6102579832077026,0.1414799988269806,1.041646957397461,16.009414672851562,108.31248474121094,292.78759765625,148.93569946289062
2022-01-30,37437.7109375,2550.4609375,91.70702362060547,0.5997710227966309,0.1387539952993393,1.028417944908142,16.1055965423584,107.72004699707031,288.5914306640625,146.08628845214844
2022-01-31,36733.57421875,2489.072265625,89.58599090576172,0.5828480124473572,0.13685299456119537,1.012045979499817,16.627328872680664,105.02007293701172,279.07098388671875,141.22349548339844
2022-02-01,38113.6640625,2682.621826171875,99.47785949707031,0.6130499839782715,0.14112499356269836,1.0378860235214233,16.922941207885742,108.66441345214844,283.4860534667969,143.7417449951172
2022-02-02,36832.73046875,2630.120361328125,97.735595703125,0.5991380214691162,0.13691799342632294,1.027750015258789,15.727914810180664,108.43699645996094,278.2166442871094,144.3240509033203
2022-02-03,36375.5390625,2587.783447265625,94.63531494140625,0.5923489928245544,0.13556499779224396,1.0192610025405884,15.368827819824219,106.41796875,271.9233093261719,141.2880401611328
2022-02-04,37093.62890625,2675.44384765625,100.67737579345703,0.6051689982414246,0.13725000619888306,1.0472970008850098,16.054845809936523,109.00498962402344,277.0716247558594,146.61795043945312
2022-02-05,41038.09765625,2966.781005859375,110.53406524658203,0.6522679924964905,0.14541000127792358,1.1026179790496826,17.451297760009766,119.2457046508789,303.47772216796875,162.4169921875
2022-02-06,41244.90625,2965.429931640625,112.18635559082031,0.6623470187187195,0.14525799453258514,1.10316801071167,17.32990264892578,121.42715454101562,315.5516357421875,167.2262420654297
2022-02-07,41748.15625,3002.927001953125,113.14046478271484,0.6744019985198975,0.15174099802970886,1.1282639503479004,17.746797561645508,125.56070709228516,319.2076721191406,171.03387451171875
2022-02-08,42807.8359375,3038.3779296875,110.241943359375,0.8061609864234924,0.15370899438858032,1.1359130144119263,17.821300506591797,130.99807739257812,326.70709228515625,175.04405212402344
2022-02-09,43232.96875,3063.16015625,109.97865295410156,0.8474010229110718,0.15503500401973724,1.1547499895095825,17.863407135009766,132.8143310546875,329.99285888671875,176.1138916015625
2022-02-10,43402.80859375,3070.378173828125,106.20280456542969,0.8299070000648499,0.1514970064163208,1.1491819620132446,17.48549461364746,135.08839416503906,337.94122314453125,177.98143005371094
2022-02-11,42114.5390625,2888.707763671875,95.60428619384766,0.7543309926986694,0.14334900677204132,1.0725680589675903,16.019603729248047,125.37024688720703,318.6541748046875,166.62844848632812
2022-02-12,41852.57421875,2870.177001953125,93.49864196777344,0.7530239820480347,0.14167800545692444,1.0347169637680054,15.655256271362305,122.20375061035156,314.3369445800781,164.7613525390625
2022-02-13,41950.94140625,2845.397705078125,91.81570434570312,0.7962769865989685,0.14403100311756134,1.0356290340423584,15.616374015808105,124.2199478149414,325.9889831542969,170.8924102783203
2022-02-14,41681.95703125,2840.257568359375,91.20769500732422,0.7825509905815125,0.14364899694919586,1.021528959274292,15.285943984985352,122.24359893798828,319.7787170410156,168.14280700683594
2022-02-15,42491.03515625,2917.857177734375,96.43329620361328,0.7982959747314453,0.14520299434661865,1.0500179529190063,15.854302406311035,124.23802185058594,329.6686706542969,174.81121826171875
2022-02-16,43456.69140625,3055.168212890625,98.58037567138672,0.813139021396637,0.14677099883556366,1.069288969039917,16.58258819580078,126.02102661132812,330.2479248046875,178.32997131347656
2022-02-17,40249.37109375,2861.85205078125,92.6762466430664,0.7582229971885681,0.1380710005760193,1.0122220516204834,15.555219650268555,115.7144546508789,310.8101806640625,163.26364135742188
2022-02-18,39637.6171875,2761.643310546875,89.70610809326172,0.7603300213813782,0.1369599997997284,0.9894729852676392,15.136362075805664,114.9232177734375,307.9739685058594,159.3042449951172
2022-02-19,39713.05859375,2707.37841796875,88.95311737060547,0.7736499905586243,0.13875100016593933,0.9775140285491943,14.895210266113281,113.67295837402344,306.6270751953125,158.4873046875
2022-02-20,38112.8125,2585.9462890625,86.01744079589844,0.769985020160675,0.13585199415683746,0.9232950210571289,14.49162769317627,109.14817810058594,298.14007568359375,151.3726043701172
2022-02-21,36950.4765625,2568.25439453125,83.11844635009766,0.7019889950752258,0.1282459944486618,0.8577139973640442,13.51419734954834,103.37959289550781,284.1423645019531,147.77462768554688
2022-02-22,36488.93359375,2510.6787109375,81.2048568725586,0.6787869930267334,0.1253650039434433,0.8199899792671204,13.18057918548584,101.27152252197266,278.5992126464844,141.200439453125
2022-02-23,37201.81640625,2587.412841796875,84.90278625488281,0.6962800025939941,0.12784600257873535,0.8691689968109131,13.407191276550293,105.79009246826172,288.7298278808594,148.77745056152344
2022-02-24,34459.21875,2308.914794921875,76.85957336425781,0.6270939707756042,0.10955499857664108,0.752810001373291,11.496586799621582,92.61260986328125,261.3431091308594,132.6903533935547
2022-02-25,38111.34375,2579.2080078125,87.27616119384766,0.6857939958572388,0.12098299711942673,0.8292440176010132,13.16127872467041,102.05580139160156,291.6392517089844,145.5919189453125
2022-02-26,38702.53515625,2745.009033203125,89.75767517089844,0.7436460256576538,0.12619900703430176,0.8854010105133057,14.193046569824219,107.20553588867188,308.366943359375,152.37669372558594
2022-02-27,37268.9765625,2581.61572265625,84.49292755126953,0.710873007774353,0.12205299735069275,0.840146005153656,13.56932544708252,102.35350799560547,301.48712158203125,149.25115966796875
2022-02-28,37518.21484375,2586.38818359375,84.57584381103516,0.7131879925727844,0.12195400148630142,0.8450400233268738,13.430253982543945,102.22742462158203,301.50030517578125,148.88731384277344
2022-03-01,42952.5859375,2868.93896484375,94.89342498779297,0.7612339854240417,0.13046200573444366,0.9449350237846375,14.846280097961426,110.73099517822266,322.3129577636719,170.21739196777344
2022-03-02,43432.8515625,2919.943115234375,97.10579681396484,0.7595980167388916,0.13123199343681335,0.929062008857727,15.012807846069336,109.67251586914062,318.8574523925781,173.2476348876953
2022-03-03,41914.75,2797.3193359375,94.37796020507812,0.7389199733734131,0.12781000137329102,0.8860729932785034,14.550544738769531,108.96234893798828,307.0061950683594,170.906982421875
2022-03-04,38805.84765625,2587.748291015625,87.554443359375,0.705610990524292,0.1215440034866333,0.83086097240448,13.64563274383545,100.20732116699219,287.5074462890625,156.95481872558594
2022-03-05,38777.03515625,2596.989990234375,86.2888412475586,0.7074790000915527,0.12157200276851654,0.8248389959335327,13.502817153930664,100.21807861328125,285.64031982421875,156.126708984375
2022-03-06,38211.6484375,2555.037353515625,84.32964324951172,0.7257639765739441,0.12038400024175644,0.8230040073394775,13.333985328674316,101.54561614990234,283.0827941894531,159.03404235839844
2022-03-07,37260.203125,2455.59375,80.31684875488281,0.709958016872406,0.11501500010490417,0.7832909822463989,12.513527870178223,97.23695373535156,272.1178283691406,153.748046875
2022-03-08,37957.38671875,2489.755126953125,81.54011535644531,0.7159389853477478,0.11583799868822098,0.7903180122375488,12.656606674194336,98.49970245361328,273.893798828125,157.55792236328125
2022-03-09,38706.09375,2573.6552734375,82.20623779296875,0.7210059762001038,0.11676599830389023,0.8010069727897644,13.080608367919922,100.62169647216797,284.38153076171875,185.73301696777344
2022-03-10,38832.94140625,2566.193115234375,81.01934051513672,0.7265679836273193,0.11553200334310532,0.7912219762802124,13.053836822509766,100.6696548461914,285.6387023925781,167.29251098632812
2022-03-11,38347.43359375,2534.688232421875,80.28123474121094,0.7276229858398438,0.1145699992775917,0.7859299778938293,12.888590812683105,100.50381469726562,282.2691345214844,167.69252014160156
2022-03-12,38772.53515625,2559.126953125,80.72209930419922,0.7820590138435364,0.11513199657201767,0.7895650267601013,13.071296691894531,104.80728149414062,288.0353698730469,170.2479248046875
2022-03-13,37728.14453125,2503.88525390625,78.00438690185547,0.7584080100059509,0.11068599671125412,0.7832509875297546,12.66395092010498,101.9041748046875,280.0370788574219,175.0289764404297
2022-03-14,37680.734375,2505.29931640625,78.27435302734375,0.7525740265846252,0.11081700026988983,0.7819079756736755,12.65934944152832,101.50162506103516,278.7245788574219,174.3147735595703
2022-03-15,38310.2109375,2515.765869140625,79.07177734375,0.7456349730491638,0.11093699932098389,0.7859169840812683,12.920025825500488,102.769775390625,282.5234375,177.4203643798828
2022-03-16,39022.34765625,2610.764404296875,81.65324401855469,0.7592189908027649,0.11236400157213211,0.7953959703445435,13.694426536560059,106.00885772705078,287.83892822265625,182.6477813720703
2022-03-17,40662.87109375,2751.560791015625,86.75122833251953,0.7844390273094177,0.11628100275993347,0.8299300074577332,14.28701400756836,108.8695297241211,294.953857421875,185.92868041992188
2022-03-18,40302.3984375,2774.855712890625,84.63697814941406,0.779350996017456,0.11456800252199173,0.8228790163993835,14.158987045288086,108.48085021972656,291.439208984375,186.27191162109375
2022-03-19,41602.66796875,2910.80224609375,89.39261627197266,0.7936090230941772,0.11852999776601791,0.8519719839096069,14.885062217712402,111.79776000976562,305.6671447753906,191.3933868408203
2022-03-20,41004.7578125,2826.107421875,88.15045928955078,0.7982490062713623,0.11799100041389465,0.8656690120697021,14.481600761413574,111.93087768554688,317.392333984375,194.53651428222656
2022-03-21,40668.04296875,2838.25048828125,87.2076416015625,0.7921599745750427,0.118306003510952,0.8659189939498901,14.368825912475586,113.74230194091797,321.46246337890625,188.91287231445312
2022-03-22,40948.28125,2892.54443359375,88.18277740478516,0.8299880027770996,0.11901400238275528,0.9095919728279114,14.994159698486328,115.76655578613281,334.7241516113281,189.93923950195312
2022-03-23,41877.5078125,2933.306640625,89.81146240234375,0.8205729722976685,0.12136100232601166,0.9590680003166199,15.188298225402832,119.09693908691406,355.1386413574219,191.33840942382812
2022-03-24,42726.1640625,3012.32666015625,94.06550598144531,0.8296269774436951,0.1284549981355667,1.0854220390319824,15.633796691894531,120.85211944580078,352.90252685546875,194.18626403808594
2022-03-25,43706.28515625,3087.49072265625,97.31824493408203,0.8228740096092224,0.1287820041179657,1.075631022453308,15.530818939208984,122.37696075439453,354.19464111328125,199.0042724609375
2022-03-26,44166.2734375,3091.825439453125,97.82968139648438,0.8223249912261963,0.1298779994249344,1.0822720527648926,15.559443473815918,122.28739166259766,358.0115661621094,199.42735290527344
2022-03-27,44437.29296875,3129.997802734375,99.26909637451172,0.8303390145301819,0.13570299744606018,1.1081249713897705,15.710041999816895,123.67554473876953,356.1440124511719,205.54408264160156
2022-03-28,46690.203125,3279.027099609375,105.47787475585938,0.8552110195159912,0.1424569934606552,1.1624679565429688,16.506223678588867,127.85274505615234,367.88214111328125,213.04391479492188
2022-03-29,47100.4375,3335.021240234375,105.99919128417969,0.8488609790802002,0.14128999412059784,1.1690330505371094,16.511608123779297,127.72942352294922,368.0021667480469,214.71221923828125
2022-03-30,46746.2109375,3349.237060546875,107.76725769042969,0.8494250178337097,0.1398800015449524,1.1676080226898193,16.616619110107422,127.10261535644531,364.674072265625,216.60772705078125
2022-03-31,45390.5390625,3272.9345703125,120.19783020019531,0.8038809895515442,0.13717199862003326,1.1371619701385498,16.730558395385742,122.52271270751953,364.435791015625,211.74005126953125
2022-04-01,44403.140625,3223.891357421875,118.78791046142578,0.8102560043334961,0.1332090049982071,1.107619047164917,16.278377532958984,120.12483215332031,365.1932373046875,209.20384216308594
2022-04-02,45782.51171875,3442.000244140625,132.13919067382812,0.824828028678894,0.13888199627399445,1.1510499715805054,17.170976638793945,124.46917724609375,372.20806884765625,212.3883819580078
2022-04-03,45634.10546875,3421.259765625,131.2261505126953,0.817264974117279,0.13708800077438354,1.1466870307922363,17.221837997436523,124.21853637695312,369.97283935546875,209.43417358398438
2022-04-04,45235.81640625,3422.0009765625,126.86532592773438,0.8108900189399719,0.1420080065727234,1.1654930114746094,16.913375854492188,122.1119613647461,364.4338073730469,211.70733642578125
2022-04-05,45544.80859375,3410.547607421875,126.56397247314453,0.817110002040863,0.14772699773311615,1.1675479412078857,16.769649505615234,123.19573211669922,365.98480224609375,218.75865173339844
2022-04-06,43193.953125,3171.205078125,112.773681640625,0.7612850069999695,0.14329099655151367,1.0523790121078491,15.409918785095215,112.46133422851562,331.06793212890625,212.28842163085938
2022-04-07,42899.90625,3155.5810546875,111.95746612548828,0.7581139802932739,0.14131200313568115,1.0451380014419556,15.242517471313477,111.46580505371094,328.95379638671875,213.36163330078125
2022-04-08,42183.2890625,3179.142333984375,108.5411605834961,0.7508929967880249,0.14160799980163574,1.0213700532913208,15.090307235717773,110.61835479736328,322.4564514160156,215.27871704101562
2022-04-09,42183.25390625,3187.46923828125,108.63433837890625,0.7540410161018372,0.14141599833965302,1.0237900018692017,15.133758544921875,110.57122039794922,323.03765869140625,216.75816345214844
2022-04-10,42021.20703125,3211.866943359375,110.07783508300781,0.7551810145378113,0.1438630074262619,1.0287569761276245,15.27820873260498,111.17377471923828,320.9402770996094,229.37025451660156
2022-04-11,39373.05859375,2962.756591796875,98.67085266113281,0.6857380270957947,0.13381800055503845,0.9201160073280334,13.627220153808594,102.59768676757812,292.248291015625,216.41769409179688
2022-04-12,39388.328125,2957.872314453125,98.935302734375,0.6942750215530396,0.13424299657344818,0.9205989837646484,13.698602676391602,102.25173950195312,294.30072021484375,224.93968200683594
2022-04-13,39712.74609375,3006.481689453125,100.48845672607422,0.7039980292320251,0.1370670050382614,0.9373999834060669,13.737626075744629,104.24492645263672,302.0919189453125,227.8077850341797
2022-04-14,39695.74609375,2988.435302734375,99.25684356689453,0.7105860114097595,0.1381009966135025,0.9254710078239441,13.416516304016113,106.3903579711914,333.3792724609375,224.3628387451172
2022-04-15,39866.83203125,3001.123291015625,100.10089874267578,0.7266169786453247,0.14276699721813202,0.9324740171432495,13.646552085876465,107.39665985107422,334.48291015625,228.5458984375
2022-04-16,40078.42578125,3016.421142578125,100.9647216796875,0.7692189812660217,0.1420930027961731,0.9398519992828369,13.897253036499023,110.54190063476562,340.1876220703125,228.47840881347656
2022-04-17,39620.89453125,2989.0439453125,99.95817565917969,0.7505530118942261,0.1389950066804886,0.9153460264205933,13.728515625,108.76372528076172,328.2963562011719,235.1244659423828
2022-04-18,38696.19140625,2893.912841796875,95.2427749633789,0.7323600053787231,0.13438400626182556,0.87773597240448,13.205087661743164,105.70491027832031,314.01715087890625,234.5242919921875
2022-04-19,40618.6328125,3035.53515625,101.30172729492188,0.7599610090255737,0.13950000703334808,0.9282010197639465,13.86673355102539,110.82780456542969,333.7303161621094,250.43756103515625
2022-04-20,40961.09765625,3045.288330078125,104.77265930175781,0.744376003742218,0.13959500193595886,0.9325100183486938,13.768112182617188,111.04325103759766,329.8896484375,251.9644775390625
2022-04-21,40063.828125,2962.410400390625,100.76715087890625,0.72502601146698,0.13525499403476715,0.8969119787216187,13.472289085388184,106.3016357421875,314.1760559082031,266.0929260253906
2022-04-22,39315.41796875,2942.358642578125,99.57942962646484,0.7164610028266907,0.13498499989509583,0.8939729928970337,13.506431579589844,105.54610443115234,315.1374206542969,261.8580017089844
2022-04-23,39352.203125,2926.740234375,98.78157043457031,0.707360029220581,0.13380999863147736,0.884660005569458,13.32894515991211,105.31648254394531,313.4471435546875,262.8542785644531
2022-04-24,39233.5390625,2922.128662109375,99.00851440429688,0.6980249881744385,0.13150200247764587,0.8818569779396057,13.27518081665039,104.10662841796875,308.1229248046875,249.0922088623047
2022-04-25,38338.37890625,2804.507080078125,94.75575256347656,0.6482419967651367,0.12386900186538696,0.8302320241928101,12.576231956481934,99.51075744628906,301.0441589355469,237.93771362304688
2022-04-26,37884.984375,2786.253173828125,95.17789459228516,0.6344169974327087,0.13742400705814362,0.8210110068321228,12.267724990844727,97.59080505371094,293.759033203125,228.45797729492188
2022-04-27,37997.3125,2802.2734375,95.28350067138672,0.6403800249099731,0.13627199828624725,0.8225899934768677,12.355149269104004,98.2237319946289,294.97320556640625,221.98226928710938
2022-04-28,38941.421875,2861.821533203125,96.69452667236328,0.6362680196762085,0.1360580027103424,0.827688992023468,12.430997848510742,100.00948333740234,303.9029541015625,224.07472229003906
2022-04-29,38235.53515625,2782.435302734375,92.88426971435547,0.6039040088653564,0.13409900665283203,0.7936859726905823,11.905447006225586,99.0388412475586,292.501708984375,217.51455688476562
2022-04-30,37697.94140625,2727.40625,82.90953826904297,0.5815759897232056,0.12623900175094604,0.7423589825630188,10.914582252502441,95.9476318359375,273.4030456542969,213.535888671875
2022-05-01,37585.7890625,2728.078857421875,84.94415283203125,0.5810499787330627,0.12753300368785858,0.74965500831604,10.918277740478516,95.4847183227539,275.1846618652344,209.01046752929688
2022-05-02,38156.5625,2785.52294921875,85.40721893310547,0.6017900109291077,0.1282999962568283,0.7661979794502258,10.849676132202148,98.60585021972656,280.5032958984375,196.67608642578125
2022-05-03,37585.62109375,2762.11865234375,84.92210388183594,0.5981860160827637,0.1273989975452423,0.762067973613739,10.856085777282715,97.839599609375,277.09857177734375,198.68417358398438
2022-05-04,37732.05859375,2779.273681640625,85.72806549072266,0.604744017124176,0.12931300699710846,0.7696380019187927,11.113728523254395,99.26563262939453,279.0277099609375,206.698974609375
2022-05-05,35856.515625,2704.916259765625,81.83486938476562,0.5848119854927063,0.12669700384140015,0.7781410217285156,10.738750457763672,95.52877807617188,273.90277099609375,198.62278747558594
2022-05-06,35482.1328125,2645.335205078125,80.46861267089844,0.5916119813919067,0.12456600368022919,0.7657420039176941,10.499267578125,94.0890121459961,267.2474060058594,201.16653442382812
2022-05-07,34940.82421875,2599.5234375,77.88323211669922,0.5739279985427856,0.1253650039434433,0.7506570219993591,10.100427627563477,93.34791564941406,265.421875,199.94142150878906
2022-05-08,33878.96484375,2498.43017578125,74.52718353271484,0.5627570152282715,0.12397400289773941,0.7292720079421997,9.91851806640625,92.00299072265625,260.5592346191406,200.3682403564453
2022-05-09,30296.953125,2238.062744140625,63.2696533203125,0.48072201013565063,0.104823999106884,0.6100879907608032,8.272896766662598,77.9571533203125,221.99842834472656,175.35142517089844
2022-05-10,29944.802734375,2206.7568359375,61.02658462524414,0.4781099855899811,0.10088100284337997,0.5906879901885986,8.001697540283203,74.82234954833984,213.5845947265625,152.97283935546875
2022-05-11,28170.4140625,2018.8555908203125,44.00382614135742,0.382425993680954,0.08003599941730499,0.484609991312027,6.6637468338012695,65.52423858642578,187.3526611328125,138.4639892578125
2022-05-12,26350.490234375,1748.3031005859375,38.05009078979492,0.3449540138244629,0.07003699988126755,0.4065290093421936,5.636349201202393,55.322547912597656,160.06703186035156,119.30345916748047
2022-05-13,28782.330078125,1941.9759521484375,44.07636642456055,0.38273298740386963,0.08237099647521973,0.46998101472854614,6.502946853637695,63.49441146850586,192.38258361816406,135.45516967773438
2022-05-14,28702.91015625,1956.572998046875,46.22056579589844,0.39865800738334656,0.08448299765586853,0.4914349913597107,6.6694159507751465,64.62065887451172,188.09188842773438,136.68280029296875
2022-05-15,29527.740234375,2008.1627197265625,49.834800720214844,0.4166190028190613,0.08687599748373032,0.5165460109710693,7.040398120880127,66.55667114257812,204.22402954101562,151.0707244873047
2022-05-16,29251.884765625,1988.811767578125,52.26792907714844,0.41208600997924805,0.08642800152301788,0.5478119850158691,7.210753917694092,65.45767211914062,197.095947265625,160.24351501464844
2022-05-17,29570.302734375,2015.9715576171875,53.50530242919922,0.4211519956588745,0.08748400211334229,0.5543839931488037,7.349662780761719,67.21218872070312,196.87777709960938,162.2161102294922
2022-05-18,28720.271484375,1916.6561279296875,49.73109436035156,0.4061659872531891,0.08364900201559067,0.5056149959564209,6.82554292678833,66.41563415527344,188.02528381347656,155.2621307373047
2022-05-19,28708.955078125,1907.0205078125,48.63555145263672,0.39748701453208923,0.08208700269460678,0.4956110119819641,6.700192928314209,65.17798614501953,182.75726318359375,151.35145568847656
2022-05-20,28793.60546875,1926.6767578125,48.05058288574219,0.40317800641059875,0.08285900205373764,0.50313800573349,6.781771183013916,67.09920501708984,186.7371063232422,163.57041931152344
2022-05-21,29027.39453125,1944.26513671875,48.767486572265625,0.405364990234375,0.0829320028424263,0.5114240050315857,6.8126630783081055,68.1723403930664,187.8426971435547,170.5978240966797
2022-05-22,29275.18359375,1966.038818359375,49.86278533935547,0.41109099984169006,0.0840580016374588,0.5233929753303528,6.9408440589904785,69.52865600585938,191.0601348876953,172.680419921875
2022-05-23,28975.560546875,1964.3865966796875,48.92724609375,0.40435799956321716,0.08285800367593765,0.5094329714775085,7.028613090515137,68.99034881591797,190.7355499267578,182.29678344726562
2022-05-24,28786.58984375,1920.6881103515625,47.500823974609375,0.3936460018157959,0.08081100136041641,0.49595698714256287,6.780584812164307,67.68013763427734,185.27638244628906,183.75904846191406
2022-05-25,29384.94921875,1943.9385986328125,47.67314529418945,0.3967599868774414,0.0823189988732338,0.5082889795303345,6.97707986831665,68.29042053222656,190.300537109375,191.70680236816406
2022-05-26,28261.90625,1759.1995849609375,42.321380615234375,0.3807229995727539,0.07606499642133713,0.4663679897785187,6.286396026611328,61.34075164794922,174.7511444091797,186.71273803710938
2022-05-27,28326.61328125,1721.2647705078125,40.26896286010742,0.37816599011421204,0.07658199965953827,0.44736701250076294,6.24489688873291,61.28740310668945,172.5823516845703,176.364013671875
2022-05-28,28554.56640625,1724.635986328125,40.54867935180664,0.3817160129547119,0.08115100115537643,0.4497080147266388,6.2390217781066895,61.55788040161133,173.69064331054688,174.62673950195312
2022-05-29,28841.107421875,1765.9373779296875,41.998046875,0.3807620108127594,0.0802989974617958,0.4573799967765808,6.362384796142578,62.10664367675781,176.2801971435547,168.16348266601562
2022-05-30,29303.572265625,1804.4560546875,44.35740661621094,0.3876360058784485,0.08226899802684784,0.4780830144882202,6.669195175170898,63.4140739440918,184.9847412109375,183.2271728515625
2022-05-31,31286.154296875,1932.35205078125,44.84001541137695,0.4088990092277527,0.08361200243234634,0.5696359872817993,7.239634990692139,67.18134307861328,192.97882080078125,192.0736083984375
2022-06-01,29501.587890625,1776.05322265625,40.050350189208984,0.39261698722839355,0.07980699837207794,0.5408089756965637,6.816001892089844,62.54636764526367,185.76641845703125,193.2449493408203
2022-06-02,29652.705078125,1789.6641845703125,38.36067199707031,0.3925530016422272,0.08041699975728989,0.5504440069198608,6.8298821449279785,62.394325256347656,183.72756958007812,192.58909606933594
2022-06-03,29375.689453125,1746.509765625,37.80271911621094,0.3855000138282776,0.079755999147892,0.5414860248565674,6.737372875213623,61.78827667236328,181.04112243652344,187.72024536132812
2022-06-04,29500.005859375,1751.5333251953125,36.04072570800781,0.3862859904766083,0.07972700148820877,0.548088014125824,6.7246479988098145,61.72530746459961,180.7606201171875,188.7423095703125
2022-06-05,29574.44921875,1777.13330078125,38.03535079956055,0.390267014503479,0.08083599805831909,0.5563979744911194,7.2721381187438965,62.06110763549805,179.81442260742188,186.07473754882812
2022-06-06,29894.1875,1804.990234375,38.43878936767578,0.39487600326538086,0.08112599700689316,0.5666080117225647,7.640011787414551,63.08821487426758,179.88455200195312,187.85009765625
2022-06-07,29311.68359375,1729.41357421875,37.77632522583008,0.38578200340270996,0.07833199948072433,0.5748469829559326,7.381661891937256,60.5591926574707,173.82684326171875,180.1653594970703
2022-06-08,29944.404296875,1770.231201171875,38.401607513427734,0.3961479961872101,0.07915599644184113,0.6109539866447449,8.291090965270996,61.54667663574219,176.06307983398438,182.34483337402344
2022-06-09,30020.265625,1779.8675537109375,38.555694580078125,0.39761999249458313,0.07908199727535248,0.6277459859848022,8.522969245910645,59.836326599121094,173.78866577148438,182.48818969726562
2022-06-10,28978.146484375,1663.4339599609375,37.001258850097656,0.38088101148605347,0.07480400055646896,0.5739319920539856,8.044195175170898,56.479984283447266,167.1717529296875,172.91720581054688
2022-06-11,28236.212890625,1507.0389404296875,33.435916900634766,0.35862600803375244,0.0685959979891777,0.5464969873428345,7.006442070007324,52.23197555541992,155.8970947265625,161.2478485107422
2022-06-12,26762.6484375,1436.1839599609375,30.743270874023438,0.34160900115966797,0.06386099755764008,0.4968610107898712,6.341506004333496,48.13050842285156,147.1142120361328,152.6374053955078
2022-06-13,22141.2578125,1181.9482421875,26.139610290527344,0.30385300517082214,0.053001999855041504,0.43920600414276123,5.362585067749023,41.629676818847656,125.15804290771484,129.2508087158203
2022-06-14,20950.818359375,1094.701904296875,26.060319900512695,0.2951659858226776,0.05026699975132942,0.43853700160980225,5.42495584487915,40.68040466308594,118.69065856933594,116.55695343017578
2022-06-15,20178.376953125,1025.6842041015625,26.86840057373047,0.3007110059261322,0.05067000165581703,0.4501039981842041,5.879551887512207,41.901668548583984,112.15670013427734,104.41594696044922
2022-06-16,20265.2265625,1058.7845458984375,29.731698989868164,0.3084169924259186,0.05450800061225891,0.46901801228523254,6.26547908782959,44.331329345703125,108.11223602294922,104.6307144165039
2022-06-17,20326.51953125,1060.86767578125,29.478063583374023,0.3112199902534485,0.05489800125360489,0.4734779894351959,6.3157172203063965,44.57722473144531,108.08806610107422,106.17494201660156
2022-06-18,17708.623046875,896.1090087890625,27.46303939819336,0.2905789911746979,0.049720000475645065,0.4234189987182617,5.468388080596924,41.93596267700195,110.71099090576172,97.23336791992188
2022-06-19,18067.15234375,943.1163330078125,28.91050910949707,0.2989470064640045,0.05130799859762192,0.4372130036354065,5.855213165283203,45.20140075683594,111.78328704833984,100.24734497070312
2022-06-20,19689.169921875,1066.1131591796875,31.892911911010742,0.3142409920692444,0.05770700052380562,0.4628860056400299,6.342740058898926,51.61100387573242,116.47064208984375,108.78446960449219
2022-06-21,20415.0625,1112.5726318359375,34.40011215209961,0.32015201449394226,0.05931499972939491,0.4773179888725281,6.791204929351807,52.14239501953125,116.0230712890625,115.88713836669922
2022-06-22,19848.078125,1049.7633056640625,33.80274200439453,0.319597989320755,0.061388999223709106,0.45794299244880676,6.495509147644043,50.77501678466797,113.0276107788086,111.17500305175781
2022-06-23,19950.1171875,1050.2196044921875,34.083587646484375,0.3221830129623413,0.06170300021767616,0.4580399990081787,6.630451202392578,52.04600524902344,112.54875946044922,110.99208068847656
2022-06-24,20777.51171875,1134.5140380859375,37.852935791015625,0.33549100160598755,0.06400399655103683,0.4770449995994568,6.973169803619385,54.882591247558594,114.53982543945312,122.59384155273438
2022-06-25,20964.5859375,1184.56201171875,39.875328063964844,0.3556790053844452,0.06538400053977966,0.47951701283454895,6.85017204284668,55.081539154052734,111.84400939941406,121.1275634765625
2022-06-26,21016.26953125,1199.4063720703125,39.38430404663086,0.358817994594574,0.06750400364398956,0.48942598700523376,6.745378017425537,56.87559509277344,113.0697021484375,125.3242416381836
2022-06-27,20620.19921875,1179.79248046875,38.17092514038086,0.3509730100631714,0.07101800292730331,0.4786199927330017,6.454806804656982,55.249855041503906,110.82582092285156,120.37760162353516
2022-06-28,20228.8125,1141.15966796875,35.2291374206543,0.336914986371994,0.0657230019569397,0.4682280123233795,6.307325839996338,52.752288818359375,102.85765075683594,116.07154846191406
2022-06-29,19937.791015625,1092.09912109375,33.251136779785156,0.3234249949455261,0.06463500112295151,0.4604629874229431,6.164092063903809,51.790496826171875,102.07849884033203,117.09895324707031
2022-06-30,18729.65625,1009.0948486328125,31.05734634399414,0.307668000459671,0.06274600327014923,0.43618500232696533,5.912168979644775,50.4050178527832,98.28801727294922,108.30669403076172
2022-07-01,19073.708984375,1040.1507568359375,31.934066772460938,0.3114500045776367,0.0642239972949028,0.4444099962711334,5.965123176574707,50.38762283325195,98.77178192138672,111.11787414550781
2022-07-02,19027.08203125,1033.962158203125,31.95758628845215,0.3105219900608063,0.065932996571064,0.442331999540329,5.998281955718994,49.99398422241211,100.92027282714844,113.42296600341797
2022-07-03,18966.951171875,1044.005615234375,32.219078063964844,0.31021401286125183,0.06511099636554718,0.44454601407051086,6.039977073669434,49.34320831298828,102.15668487548828,114.7039566040039
2022-07-04,19063.06640625,1048.3963623046875,32.520713806152344,0.3155730068683624,0.06592699885368347,0.44530099630355835,6.044299125671387,49.877628326416016,102.86429595947266,115.0496597290039
2022-07-05,19341.232421875,1086.8299560546875,33.26679229736328,0.31434598565101624,0.06569699943065643,0.44543999433517456,6.085315227508545,48.23786163330078,102.18711853027344,118.75271606445312
2022-07-06,19823.51171875,1116.24755859375,34.889488220214844,0.3206450045108795,0.06644800305366516,0.44911500811576843,6.204379081726074,49.25436019897461,103.23578643798828,121.20047760009766
2022-07-07,20296.103515625,1165.6231689453125,36.497711181640625,0.32733801007270813,0.0680529996752739,0.461557000875473,6.328318119049072,49.85165786743164,105.239501953125,125.25581359863281
2022-07-08,21257.453125,1200.6322021484375,36.556209564208984,0.3370630145072937,0.06854099780321121,0.4619159996509552,6.368546009063721,50.95570373535156,107.4120101928711,125.61721801757812
2022-07-09,21445.95703125,1209.3775634765625,37.87006378173828,0.34029901027679443,0.06899499893188477,0.4664910137653351,6.369832992553711,51.478233337402344,108.81466674804688,125.24697875976562
2022-07-10,20727.123046875,1157.175537109375,36.38676834106445,0.3221310079097748,0.06653299927711487,0.45706701278686523,6.13559103012085,51.16180419921875,105.8044662475586,120.8762435913086
2022-07-11,19924.5390625,1095.0028076171875,33.33729934692383,0.3123059868812561,0.061535000801086426,0.4338650107383728,6.013864994049072,48.62705612182617,99.12873840332031,125.74400329589844
2022-07-12,19308.53125,1038.1356201171875,32.75759506225586,0.3090839982032776,0.06008699908852577,0.4174349904060364,5.962837219238281,47.53236389160156,97.49634552001953,123.1360092163086
2022-07-13,18999.953125,1019.2203369140625,31.959470748901367,0.3043299913406372,0.05839800089597702,0.4064370095729828,5.797760963439941,46.662994384765625,96.00476837158203,117.83445739746094
2022-07-14,19689.2578125,1077.40576171875,33.690948486328125,0.3133609890937805,0.059741001576185226,0.41774100065231323,6.021015167236328,48.13614273071289,99.39031219482422,123.40988159179688
2022-07-15,20397.0,1182.9031982421875,36.64623260498047,0.3282319903373718,0.061746999621391296,0.4339680075645447,6.156274795532227,50.814613342285156,102.37350463867188,132.66542053222656
2022-07-16,20518.8984375,1195.60595703125,36.40153884887695,0.3321959972381592,0.06187000125646591,0.4324580132961273,6.168974876403809,51.19859313964844,104.13455963134766,135.70509338378906
2022-07-17,20778.1796875,1329.7633056640625,38.54647445678711,0.34338700771331787,0.06310100108385086,0.4437899887561798,6.348729133605957,54.720367431640625,108.12824249267578,134.9257049560547
2022-07-18,20781.912109375,1338.8060302734375,38.60856246948242,0.343423992395401,0.06311400234699249,0.446382999420166,6.349365234375,55.528221130371094,110.64099884033203,135.96070861816406
2022-07-19,21683.40625,1501.7974853515625,42.71699905395508,0.35291600227355957,0.06575199961662292,0.474606990814209,6.767446041107178,56.11280059814453,116.55989837646484,140.21237182617188
2022-07-20,23009.94921875,1500.80322265625,41.64255142211914,0.3587360084056854,0.0679280012845993,0.4892680048942566,6.856620788574219,56.781219482421875,120.822021484375,143.3895721435547
2022-07-21,22431.1484375,1472.1854248046875,39.81828689575195,0.34972599148750305,0.0672369971871376,0.47723498940467834,6.679327964782715,55.461177825927734,118.4802474975586,146.70889282226562
2022-07-22,22603.416015625,1523.6417236328125,40.138877868652344,0.3554860055446625,0.06700299680233002,0.47890400886535645,6.7856550216674805,55.72700881958008,120.79060363769531,148.46896362304688
2022-07-23,22002.91015625,1495.6781005859375,38.714317321777344,0.350847989320755,0.06627699732780457,0.4755159914493561,6.639447212219238,54.76734924316406,119.01912689208984,142.67022705078125
2022-07-24,22306.83984375,1548.671142578125,39.60561752319336,0.35708698630332947,0.06758899986743927,0.5106319785118103,6.855188846588135,56.397010803222656,122.67337799072266,146.39227294921875
2022-07-25,21361.642578125,1445.3834228515625,36.711997985839844,0.3373129963874817,0.0623060017824173,0.4762369990348816,6.464518070220947,54.366275787353516,119.29989624023438,143.57672119140625
2022-07-26,20776.81640625,1362.95166015625,34.81983947753906,0.3264259994029999,0.06042499840259552,0.45210498571395874,6.108874797821045,52.19551086425781,114.53998565673828,138.2391815185547
2022-07-27,21070.806640625,1423.618896484375,35.75505828857422,0.331167995929718,0.061886001378297806,0.4598250091075897,6.208546161651611,53.15217590332031,116.49454498291016,150.38328552246094
2022-07-28,22722.265625,1604.8909912109375,39.13290023803711,0.35152798891067505,0.065591000020504,0.49211201071739197,6.743344783782959,58.64144515991211,127.10558319091797,157.09036254882812
2022-07-29,23481.173828125,1662.7911376953125,41.277008056640625,0.36081600189208984,0.06754899770021439,0.5083330273628235,7.1406989097595215,60.12721252441406,148.79129028320312,159.11502075195312
2022-07-30,23580.5078125,1678.1080322265625,41.61918640136719,0.36485999822616577,0.06818599998950958,0.5119810104370117,7.722158908843994,60.22955322265625,144.2270965576172,154.8402557373047
2022-07-31,23275.703125,1672.61279296875,42.35273742675781,0.38022300601005554,0.06805399805307388,0.5149509906768799,7.618495941162109,59.896419525146484,139.52313232421875,153.91123962402344
2022-08-01,22890.796875,1613.416015625,40.73676300048828,0.3722749948501587,0.06718699634075165,0.5025309920310974,7.438838005065918,58.44951629638672,134.6973114013672,152.41546630859375
2022-08-02,22710.083984375,1567.85107421875,39.74711990356445,0.3683359920978546,0.06580899655818939,0.4902209937572479,7.065155029296875,56.88901901245117,129.6054229736328,154.1739044189453
2022-08-03,22747.8359375,1595.634521484375,37.893131256103516,0.3645409941673279,0.06551600247621536,0.4902360141277313,7.083025932312012,56.97088623046875,131.18467712402344,155.176513671875
2022-08-04,22485.701171875,1585.3265380859375,38.04472732543945,0.36539000272750854,0.06600700318813324,0.4948889911174774,7.212827205657959,57.7509651184082,133.14002990722656,156.37025451660156
2022-08-05,22612.177734375,1606.4970703125,38.795719146728516,0.3680360019207001,0.06725600361824036,0.49951401352882385,7.354142189025879,59.70073318481445,134.2764892578125,156.93447875976562
2022-08-06,22961.279296875,1691.6580810546875,39.95309829711914,0.37157100439071655,0.06858599931001663,0.5112059712409973,7.774902820587158,60.789920806884766,139.53932189941406,160.3347930908203
2022-08-07,22894.556640625,1672.908447265625,39.336483001708984,0.3693099915981293,0.06774699687957764,0.5076680183410645,7.705105781555176,60.20869064331055,139.2611846923828,158.6443328857422
2022-08-08,23176.546875,1697.407958984375,40.603797912597656,0.3720560073852539,0.0689229965209961,0.5236330032348633,8.247957229614258,60.94041061401367,140.68411254882812,162.66551208496094
2022-08-09,22982.0,1675.849853515625,39.94392776489258,0.36293599009513855,0.06846199929714203,0.5076410174369812,8.328161239624023,58.754459381103516,133.99972534179688,155.98594665527344
2022-08-10,22771.51953125,1665.0904541015625,39.25737380981445,0.36007198691368103,0.06738899648189545,0.5040609836578369,8.342562675476074,58.078102111816406,132.34967041015625,155.8147735595703
2022-08-11,23900.99609375,1851.828369140625,42.37364959716797,0.3783949911594391,0.07072699815034866,0.5298910140991211,8.876846313476562,61.574462890625,142.03253173828125,157.1163787841797
2022-08-12,23657.265625,1860.08349609375,42.23114013671875,0.3714829981327057,0.07002700120210648,0.5220350027084351,8.846563339233398,60.873382568359375,139.31057739257812,157.53126525878906
2022-08-13,24346.115234375,1948.59521484375,45.34074401855469,0.37745198607444763,0.0719510018825531,0.5386880040168762,9.09428882598877,62.72484588623047,142.93186950683594,165.0931854248047
2022-08-14,24206.259765625,1919.0101318359375,44.69403839111328,0.37588798999786377,0.07275400310754776,0.5575540065765381,8.748855590820312,62.91333770751953,138.87661743164062,164.102294921875
2022-08-15,23839.775390625,1881.8568115234375,42.90903091430664,0.36796098947525024,0.0751509964466095,0.5456050038337708,8.544588088989258,60.03242111206055,134.49476623535156,161.87869262695312
2022-08-16,23733.5,1862.2734375,42.78215408325195,0.3680419921875,0.07639399915933609,0.5491570234298706,8.432184219360352,60.23854064941406,135.39654541015625,162.26902770996094
2022-08-17,23243.353515625,1823.5322265625,40.28676986694336,0.369841992855072,0.079926997423172,0.5329669713973999,8.024941444396973,60.03407287597656,133.26519775390625,159.18624877929688
2022-08-18,23177.6015625,1826.957763671875,39.525936126708984,0.3709149956703186,0.07498899847269058,0.5114129781723022,7.6731181144714355,59.82616424560547,129.24380493164062,159.2382049560547
2022-08-19,20868.84765625,1611.3388671875,35.755027770996094,0.33380600810050964,0.06753599643707275,0.4493190050125122,6.869187831878662,53.635345458984375,114.32445526123047,142.05845642089844
2022-08-20,20856.73046875,1534.298828125,34.35833740234375,0.333622008562088,0.0678969994187355,0.43887001276016235,6.714445114135742,53.15416717529297,112.31815338134766,142.35980224609375
2022-08-21,21103.197265625,1569.0465087890625,34.78230667114258,0.33649900555610657,0.06784699857234955,0.4484820067882538,6.891922950744629,53.987640380859375,114.67021942138672,148.88320922851562
2022-08-22,20939.18359375,1535.0147705078125,33.90044021606445,0.33252400159835815,0.0656059980392456,0.4400149881839752,6.711141109466553,52.51923370361328,114.23363494873047,150.61248779296875
2022-08-23,20955.138671875,1569.4285888671875,34.31291580200195,0.3339569866657257,0.06721299886703491,0.4478049874305725,6.808317184448242,54.28071212768555,120.60337829589844,150.315673828125
2022-08-24,21195.005859375,1610.0992431640625,34.43351745605469,0.3396340012550354,0.06729800254106522,0.45451799035072327,7.038022041320801,55.827903747558594,131.21229553222656,150.4595489501953
2022-08-25,21362.44140625,1656.8560791015625,34.93364334106445,0.3442789912223816,0.06795699894428253,0.4580410122871399,7.033878803253174,56.08835220336914,129.4022216796875,150.510986328125
2022-08-26,20199.482421875,1498.771240234375,31.499326705932617,0.33393898606300354,0.06325399875640869,0.4281570017337799,6.457808017730713,52.51424026489258,115.85299682617188,141.63563537597656
2022-08-27,19890.5234375,1454.282958984375,30.953018188476562,0.33042699098587036,0.06260699778795242,0.42807701230049133,6.442803859710693,52.11684036254883,113.89434814453125,141.92813110351562
2022-08-28,19616.814453125,1430.54736328125,30.38878059387207,0.3230940103530884,0.061785999685525894,0.43004900217056274,6.263700008392334,52.711055755615234,113.46882629394531,144.2052001953125
2022-08-29,19600.78515625,1427.7283935546875,30.11916160583496,0.31939199566841125,0.06124600023031235,0.4276820123195648,6.233270168304443,52.94242477416992,112.33865356445312,144.8675079345703
2022-08-30,19617.640625,1480.831787109375,30.796524047851562,0.3211050033569336,0.06055000051856041,0.4400179982185364,6.399362087249756,52.30454635620117,112.83711242675781,147.312744140625
2022-08-31,19799.58203125,1524.2864990234375,31.237884521484375,0.3248850107192993,0.06105799973011017,0.44605499505996704,6.557651996612549,53.05765914916992,114.66875457763672,148.4804229736328
2022-09-01,19653.96875,1520.1883544921875,30.511266708374023,0.32236799597740173,0.060194000601768494,0.4424760043621063,6.493841171264648,53.549686431884766,113.5479965209961,148.49122619628906
2022-09-02,19814.765625,1551.8779296875,30.843948364257812,0.3263010084629059,0.0609470009803772,0.44991299510002136,6.823530197143555,56.644378662109375,115.27747344970703,150.3584442138672
2022-09-03,19698.35546875,1541.672119140625,30.858367919921875,0.3275910019874573,0.061344001442193985,0.4539940059185028,6.762595176696777,59.83968734741211,116.07842254638672,151.68850708007812
2022-09-04,19636.81640625,1543.6988525390625,31.081865310668945,0.32894399762153625,0.06206599995493889,0.4768050014972687,6.822626113891602,58.82038879394531,116.45393371582031,153.64743041992188
2022-09-05,19673.046875,1559.7818603515625,31.211069107055664,0.3233659863471985,0.06129699945449829,0.4838849902153015,7.123855113983154,59.51828384399414,117.3026351928711,154.81443786621094
2022-09-06,18800.171875,1561.74853515625,30.640546798706055,0.32107698917388916,0.05865199863910675,0.46299099922180176,6.649172782897949,54.3062744140625,112.48841857910156,144.83396911621094
2022-09-07,18644.466796875,1500.013671875,30.488950729370117,0.31593799591064453,0.05794399976730347,0.4554769992828369,6.614328861236572,53.299686431884766,111.36616516113281,141.92938232421875
2022-09-08,19076.71484375,1603.0638427734375,32.102500915527344,0.32937198877334595,0.05992300063371658,0.46456900238990784,7.024925231933594,56.34557342529297,116.55583953857422,147.76747131347656
2022-09-09,19310.962890625,1632.8365478515625,33.60639953613281,0.3399989902973175,0.060933999717235565,0.47867700457572937,7.402716159820557,57.855316162109375,126.39091491699219,151.7656707763672
2022-09-10,21168.72265625,1710.2969970703125,34.369415283203125,0.3530089855194092,0.06340400129556656,0.49636200070381165,7.665165901184082,60.87065124511719,130.94580078125,157.35894775390625
2022-09-11,21406.9453125,1730.164794921875,34.12443542480469,0.35176101326942444,0.06300999969244003,0.5033079981803894,7.76839017868042,61.82975387573242,128.4345703125,154.80079650878906
2022-09-12,21603.896484375,1698.29345703125,34.5079231262207,0.34926900267601013,0.06287799775600433,0.4978199899196625,7.658631801605225,60.38718795776367,127.2132339477539,158.24215698242188
2022-09-13,20062.669921875,1564.0318603515625,32.870452880859375,0.33204400539398193,0.05952399969100952,0.46291399002075195,7.028608798980713,58.63788986206055,117.19823455810547,145.3336639404297
2022-09-14,19793.396484375,1564.0318603515625,32.870452880859375,0.3324260115623474,0.05954200029373169,0.4630489945411682,7.028608798980713,58.701507568359375,117.16214752197266,145.3336639404297
2022-09-15,19636.734375,1466.139404296875,32.721893310546875,0.3255999982357025,0.05878499895334244,0.46386900544166565,7.068078994750977,56.19339370727539,116.85348510742188,144.0010223388672
2022-09-16,19400.076171875,1415.581298828125,31.641164779663086,0.32354098558425903,0.05845300108194351,0.45601901412010193,7.4625749588012695,54.940608978271484,116.7967529296875,144.18017578125
2022-09-17,19777.033203125,1415.0423583984375,32.21224594116211,0.34756898880004883,0.06032999977469444,0.4730989933013916,7.645545959472656,55.85560607910156,119.5562515258789,147.56300354003906
2022-09-18,19387.4921875,1331.4947509765625,30.979143142700195,0.35811400413513184,0.05723800137639046,0.44465500116348267,7.480624198913574,52.83761978149414,111.80294799804688,138.24940490722656
2022-09-19,18390.318359375,1287.4208984375,30.693248748779297,0.3417620062828064,0.05618000030517578,0.43438801169395447,7.040731906890869,50.42839050292969,107.20182037353516,135.56129455566406
2022-09-20,18813.455078125,1319.201416015625,31.3890323638916,0.3724899888038635,0.05773799866437912,0.4388140141963959,6.8521270751953125,51.1770133972168,111.4539794921875,139.66152954101562
2022-09-21,18290.314453125,1229.4267578125,30.195068359375,0.3880090117454529,0.05637799948453903,0.4325459897518158,6.56181001663208,50.69179916381836,109.16825866699219,134.80389404296875
2022-09-22,18415.591796875,1240.96826171875,30.63888168334961,0.39478498697280884,0.05694499984383583,0.43571001291275024,6.6595540046691895,50.80744552612305,109.10491180419922,134.12039184570312
2022-09-23,18617.552734375,1270.1983642578125,31.363554000854492,0.4589180052280426,0.05956500023603439,0.44835200905799866,6.999837875366211,51.89682388305664,113.30078125,137.88121032714844
2022-09-24,18861.974609375,1312.6402587890625,33.27409744262695,0.47401899099349976,0.06302899867296219,0.4512940049171448,7.3881402015686035,53.438209533691406,117.92076873779297,140.73040771484375
2022-09-25,18696.46875,1275.627685546875,32.01491928100586,0.47873398661613464,0.06045699864625931,0.4402160048484802,7.617792129516602,52.55524826049805,112.7156753540039,140.14720153808594
2022-09-26,18721.28515625,1282.04931640625,31.96014976501465,0.4598369896411896,0.060051001608371735,0.43823400139808655,7.513716220855713,52.22364044189453,112.90509796142578,139.9757843017578
2022-09-27,18915.66796875,1308.991455078125,32.27183532714844,0.440310001373291,0.05992700159549713,0.43817201256752014,7.6913018226623535,52.032012939453125,112.85289001464844,143.1811981201172
2022-09-28,18553.296875,1267.8692626953125,31.72770118713379,0.4195629954338074,0.058754000812768936,0.42641401290893555,7.807555198669434,51.35790252685547,110.7281265258789,140.30319213867188
2022-09-29,18924.353515625,1293.193359375,32.79304885864258,0.4285280108451843,0.05942299962043762,0.42846399545669556,7.61085319519043,52.44720458984375,114.03397369384766,146.33554077148438
2022-09-30,19265.662109375,1320.3831787109375,32.73581314086914,0.47221800684928894,0.05995799973607063,0.43024900555610657,7.538801193237305,53.03111267089844,115.7625503540039,146.32131958007812
2022-10-01,19231.08203125,1306.1025390625,32.466941833496094,0.46960699558258057,0.06040000170469284,0.4289569854736328,7.340569972991943,52.705291748046875,116.1815414428711,140.78041076660156
2022-10-02,18970.62109375,1275.3360595703125,31.99713897705078,0.44815799593925476,0.05912800133228302,0.41896599531173706,7.13367223739624,51.91116714477539,114.30953979492188,136.60267639160156
2022-10-03,19025.2265625,1271.15087890625,31.954931259155273,0.43954798579216003,0.059078000485897064,0.41809698939323425,7.050136089324951,51.77304458618164,114.10417175292969,136.71502685546875
2022-10-04,19523.83984375,1320.07666015625,32.88138198852539,0.45296698808670044,0.060040999203920364,0.4259200096130371,7.33105993270874,53.98905944824219,115.75715637207031,141.70436096191406
2022-10-05,19801.80078125,1320.8551025390625,33.27922058105469,0.47340500354766846,0.0629969984292984,0.42471200227737427,7.6135969161987305,53.48540115356445,119.32728576660156,143.837158203125
2022-10-06,19900.087890625,1349.449951171875,33.33332443237305,0.48937198519706726,0.06322299689054489,0.42678898572921753,7.624973773956299,53.464698791503906,118.2146224975586,143.52821350097656
2022-10-07,19395.79296875,1321.74609375,32.551998138427734,0.4842050075531006,0.061569999903440475,0.42239099740982056,7.507266044616699,52.47561264038086,115.85426330566406,143.98318481445312
2022-10-08,19299.4140625,1307.072998046875,32.44584274291992,0.5143830180168152,0.06138100102543831,0.4201120138168335,7.3669538497924805,52.56524658203125,115.8260269165039,145.2054443359375
2022-10-09,19349.259765625,1309.3446044921875,32.478023529052734,0.508167028427124,0.061292000114917755,0.41997501254081726,7.429464817047119,52.747379302978516,116.7435073852539,145.2862091064453
2022-10-10,19102.978515625,1291.337646484375,31.970834732055664,0.49701398611068726,0.05951299890875816,0.40178799629211426,7.381631851196289,52.75587463378906,111.73036193847656,142.32858276367188
2022-10-11,18925.603515625,1272.7376708984375,30.579492568969727,0.4809100031852722,0.0578869991004467,0.3884730041027069,7.098556041717529,51.54995346069336,109.89740753173828,140.39938354492188
2022-10-12,19029.7578125,1277.5274658203125,30.729169845581055,0.48375600576400757,0.059539999812841415,0.37863999605178833,7.114388942718506,51.87591552734375,110.90469360351562,142.83592224121094
2022-10-13,18319.822265625,1209.2781982421875,28.197370529174805,0.4450240135192871,0.055741000920534134,0.35116899013519287,6.466564178466797,48.87171936035156,103.09095001220703,135.2816925048828
2022-10-14,19115.408203125,1285.3782958984375,29.759931564331055,0.4793039858341217,0.05831500142812729,0.3620469868183136,6.82896614074707,51.03215408325195,106.99946594238281,139.91355895996094
2022-10-15,19019.25,1268.468505859375,29.534006118774414,0.4799799919128418,0.058145999908447266,0.36208298802375793,6.84959602355957,50.44257736206055,107.053466796875,139.24354553222656
2022-10-16,19068.9140625,1275.0054931640625,29.578842163085938,0.47181299328804016,0.05858299881219864,0.36381301283836365,6.8874430656433105,50.45616149902344,108.0539779663086,139.54957580566406
2022-10-17,19173.333984375,1297.447265625,29.883159637451172,0.4653330147266388,0.0586250014603138,0.3665989935398102,7.082194805145264,51.15899658203125,109.40902709960938,142.597900390625
2022-10-18,19144.76953125,1291.66064453125,29.833694458007812,0.4598439931869507,0.05875200033187866,0.35931798815727234,6.985401153564453,50.90192794799805,107.51143646240234,142.69778442382812
2022-10-19,19127.6875,1283.96533203125,28.830276489257812,0.450080007314682,0.05862800031900406,0.34957700967788696,6.763998031616211,50.9465446472168,106.04267120361328,144.796875
2022-10-20,18971.458984375,1275.323974609375,28.073795318603516,0.4344260096549988,0.058449000120162964,0.3377240002155304,6.636650085449219,50.721534729003906,105.47393035888672,140.16390991210938
2022-10-21,18770.970703125,1260.666748046875,26.986404418945312,0.43780601024627686,0.05741799995303154,0.33099400997161865,6.4759840965271,49.96644973754883,103.54673767089844,137.30996704101562
2022-10-22,19132.244140625,1295.9468994140625,27.55768394470215,0.4572870135307312,0.0591839998960495,0.3439610004425049,6.743587017059326,51.43117904663086,106.4119873046875,139.78562927246094
2022-10-23,19124.197265625,1302.9088134765625,27.857959747314453,0.45343801379203796,0.05892699956893921,0.3466019928455353,6.822564125061035,51.944881439208984,108.03186798095703,142.19638061523438
2022-10-24,19206.32421875,1327.85400390625,28.21503257751465,0.4496909976005554,0.0588579997420311,0.35438400506973267,6.8204240798950195,52.2632942199707,107.65222930908203,141.60182189941406
2022-10-25,19261.447265625,1336.9788818359375,28.119304656982422,0.4453839957714081,0.059227000921964645,0.35771000385284424,6.837187767028809,52.392093658447266,107.86619567871094,142.94366455078125
2022-10-26,20076.1171875,1460.4287109375,30.76510238647461,0.45809200406074524,0.06276000291109085,0.396356999874115,7.055004119873047,55.77552795410156,112.30210876464844,143.9897918701172
2022-10-27,20255.373046875,1510.8167724609375,30.585346221923828,0.4609769880771637,0.07203300297260284,0.3885039985179901,6.900428771972656,54.72449493408203,112.15926361083984,145.09674072265625
2022-10-28,20086.068359375,1493.87109375,30.189332962036133,0.4577850103378296,0.0729300007224083,0.38010698556900024,6.871152877807617,53.736907958984375,111.3401107788086,144.09036254882812
2022-10-29,20566.484375,1549.983642578125,31.916812896728516,0.46769699454307556,0.08338700234889984,0.40226098895072937,7.106682777404785,54.776119232177734,115.50811004638672,145.91314697265625
2022-10-30,20547.462890625,1579.4852294921875,32.061622619628906,0.4556420147418976,0.11289200186729431,0.40037500858306885,7.5220232009887695,54.90853500366211,114.97639465332031,146.37525939941406
2022-10-31,20287.458984375,1555.9189453125,32.2862663269043,0.449523001909256,0.11507599800825119,0.39871299266815186,7.689859867095947,54.229270935058594,113.86984252929688,146.16787719726562
2022-11-01,20359.845703125,1568.0985107421875,32.201412200927734,0.4552760124206543,0.12517699599266052,0.39992499351501465,7.6450018882751465,54.63513946533203,114.20447540283203,148.4791717529297
2022-11-02,20087.134765625,1507.2447509765625,30.294113159179688,0.44782400131225586,0.12406700104475021,0.38229599595069885,7.374965190887451,54.834171295166016,112.5083999633789,145.08282470703125
2022-11-03,20086.240234375,1517.1016845703125,30.677148818969727,0.4500980079174042,0.12141100317239761,0.3851360082626343,7.413905143737793,60.42015075683594,113.41776275634766,146.7746124267578
2022-11-04,20188.01953125,1529.2684326171875,30.731590270996094,0.4539969861507416,0.11644499748945236,0.38881200551986694,7.681057929992676,61.81066131591797,115.3351821899414,149.01058959960938
2022-11-05,21097.634765625,1625.9642333984375,33.73513412475586,0.4921039938926697,0.1233920007944107,0.42077499628067017,8.5965576171875,67.28504943847656,122.96342468261719,156.86038208007812
2022-11-06,20920.19140625,1572.2347412109375,32.546302795410156,0.47047901153564453,0.11363399773836136,0.4030050039291382,8.121048927307129,67.89131164550781,116.6632080078125,154.56906127929688
2022-11-07,20489.97265625,1550.41552734375,28.926734924316406,0.46215999126434326,0.10881400108337402,0.3990289866924286,7.935222148895264,67.28209686279297,115.67745971679688,153.34649658203125
2022-11-08,17603.544921875,1259.443115234375,21.78398323059082,0.362060010433197,0.08065400272607803,0.35325801372528076,6.94361686706543,56.00795364379883,98.8423843383789,131.24746704101562
2022-11-09,15682.6923828125,1083.28564453125,12.505623817443848,0.32581499218940735,0.07210899889469147,0.3123779892921448,5.908777236938477,49.33195495605469,88.28638458251953,116.10279083251953
2022-11-10,15834.0185546875,1093.12255859375,13.411026954650879,0.33121898770332336,0.07373499870300293,0.31427401304244995,6.150979042053223,50.26551055908203,88.5364990234375,118.10877990722656
2022-11-11,16543.482421875,1211.32958984375,15.507472038269043,0.3692919909954071,0.08139699697494507,0.3433910012245178,6.634491920471191,59.21273422241211,100.10420989990234,123.5355453491211
2022-11-12,16651.775390625,1242.1522216796875,14.538013458251953,0.36141499876976013,0.07930000126361847,0.33852899074554443,6.2333221435546875,58.682254791259766,98.55187225341797,125.05342102050781
2022-11-13,16320.634765625,1208.52099609375,13.122664451599121,0.3353370130062103,0.0838100016117096,0.3273569941520691,6.008448123931885,56.75194549560547,98.83106231689453,126.36138153076172
2022-11-14,15872.94140625,1178.4290771484375,12.254617691040039,0.32395899295806885,0.08010099828243256,0.3159460127353668,5.724954128265381,53.97700119018555,97.20249938964844,122.04806518554688
2022-11-15,16542.55078125,1238.688232421875,13.932036399841309,0.36847200989723206,0.08535999804735184,0.3303369879722595,6.233527183532715,56.54057693481445,102.7137451171875,127.71073913574219
2022-11-16,16430.111328125,1192.98779296875,13.711963653564453,0.3648560047149658,0.08398599922657013,0.32543399930000305,6.115243911743164,56.982696533203125,103.1513900756836,127.08741760253906
2022-11-17,16460.68359375,1189.1527099609375,13.078254699707031,0.37040600180625916,0.08317799866199493,0.3199630081653595,6.069089889526367,57.27116012573242,101.84808349609375,130.46958923339844
2022-11-18,16564.611328125,1200.8021240234375,13.039168357849121,0.37602299451828003,0.08380500227212906,0.32139700651168823,6.0839080810546875,61.68499755859375,103.74243927001953,131.13995361328125
2022-11-19,16570.41015625,1200.4755859375,12.644580841064453,0.37690600752830505,0.08338700234889984,0.32307401299476624,6.03428316116333,61.63325500488281,104.20748138427734,132.02999877929688
2022-11-20,16248.6923828125,1137.9332275390625,12.20330810546875,0.36104199290275574,0.07704299688339233,0.3110789954662323,5.754195213317871,60.910369873046875,103.56488037109375,129.1202850341797
2022-11-21,15599.046875,1084.8572998046875,11.34163761138916,0.3477970063686371,0.07240399718284607,0.2972880005836487,5.579586982727051,59.8094596862793,101.27698516845703,126.43028259277344
2022-11-22,15656.6064453125,1081.13818359375,11.010651588439941,0.3524470031261444,0.07340700179338455,0.2991040050983429,5.860540866851807,61.302490234375,103.2032241821289,125.82599639892578
2022-11-23,16170.5029296875,1130.0228271484375,12.427633285522461,0.36906999349594116,0.07796599715948105,0.30985400080680847,6.355515003204346,69.78589630126953,108.64448547363281,133.15377807617188
2022-11-24,16501.767578125,1180.3797607421875,13.91685676574707,0.3754419982433319,0.08075899630784988,0.3125399947166443,6.622970104217529,76.00837707519531,113.3403091430664,133.40756225585938
2022-11-25,16388.404296875,1174.8233642578125,13.961506843566895,0.39023301005363464,0.08093699812889099,0.3083139955997467,6.692127227783203,73.60417938232422,113.31498718261719,133.93223571777344
2022-11-26,16416.228515625,1198.097900390625,14.031248092651367,0.39508599042892456,0.08839099854230881,0.31221500039100647,6.83758020401001,74.0214614868164,111.86370086669922,135.71923828125
2022-11-27,16437.025390625,1195.0390625,14.082965850830078,0.39597100019454956,0.08897899836301804,0.31228798627853394,6.896105766296387,74.84988403320312,111.1554183959961,136.2671356201172
2022-11-28,16054.5302734375,1156.0625,12.824840545654297,0.3755199909210205,0.09144899994134903,0.3014039993286133,6.574075222015381,70.88888549804688,106.73121643066406,132.96115112304688
2022-11-29,16139.396484375,1163.4775390625,13.28012752532959,0.38425499200820923,0.09401900321245193,0.30496999621391296,7.162414073944092,73.67680358886719,109.59091186523438,134.31600952148438
2022-11-30,16445.4765625,1215.4979248046875,13.308284759521484,0.39517998695373535,0.1003040000796318,0.3090580105781555,7.316408157348633,75.76333618164062,110.86798858642578,137.44540405273438
2022-12-01,16888.388671875,1267.70849609375,13.441184997558594,0.39547500014305115,0.10107100009918213,0.31362301111221313,7.506113052368164,76.67385864257812,110.07878112792969,141.4600830078125
2022-12-02,16877.880859375,1269.2431640625,13.377079010009766,0.38550499081611633,0.09763900190591812,0.311832994222641,7.53887414932251,75.7491683959961,108.92417907714844,143.2227020263672
2022-12-03,16888.140625,1241.431884765625,13.278402328491211,0.3876110017299652,0.09865099936723709,0.3171299993991852,7.237539768218994,75.7414321899414,109.82218933105469,143.7960662841797
2022-12-04,16903.439453125,1242.9117431640625,13.299367904663086,0.3875409960746765,0.09980600327253342,0.31883400678634644,7.23245096206665,75.92654418945312,109.81670379638672,142.35516357421875
2022-12-05,16922.431640625,1252.472412109375,13.630226135253906,0.383432000875473,0.10006300359964371,0.3173210024833679,7.192525863647461,76.93034362792969,110.12029266357422,141.62045288085938
2022-12-06,16939.921875,1247.6298828125,13.828653335571289,0.3816789984703064,0.09850800037384033,0.31431299448013306,7.009521961212158,77.9024658203125,110.4009017944336,142.14500427246094
2022-12-07,16750.55859375,1224.447998046875,13.497425079345703,0.3765830099582672,0.09501700103282928,0.30806100368499756,6.799818992614746,76.16535949707031,108.2646484375,141.3232879638672
2022-12-08,16788.783203125,1226.3585205078125,13.310490608215332,0.3836050033569336,0.09536699950695038,0.30813801288604736,6.804716110229492,74.81533813476562,108.69202423095703,143.02145385742188
2022-12-09,17100.8359375,1260.8187255859375,13.536895751953125,0.3862200081348419,0.09600099921226501,0.3093680143356323,6.81676721572876,76.09815979003906,109.24539947509766,146.39903259277344
2022-12-10,17120.68359375,1262.119873046875,13.568408012390137,0.3862070143222809,0.0962579995393753,0.31126001477241516,6.752900123596191,75.98724365234375,109.0523910522461,148.4696502685547
2022-12-11,17091.8203125,1260.6636962890625,13.413359642028809,0.3805539906024933,0.09266799688339233,0.30674201250076294,6.707303047180176,76.37084197998047,106.26458740234375,149.32315063476562
2022-12-12,16899.39453125,1243.477783203125,12.951156616210938,0.3726949989795685,0.08728799968957901,0.30263999104499817,6.547488212585449,73.81819915771484,104.06452941894531,148.20750427246094
2022-12-13,17111.763671875,1258.472412109375,12.828971862792969,0.3792699873447418,0.08771800249814987,0.3001750111579895,6.502252101898193,74.82292938232422,104.25849914550781,148.47332763671875
2022-12-14,17739.513671875,1305.8333740234375,13.831062316894531,0.3808630108833313,0.0882439985871315,0.306782990694046,6.719816207885742,75.3160400390625,108.26531219482422,146.98556518554688
2022-12-15,17322.58984375,1262.6893310546875,13.909064292907715,0.37537500262260437,0.08441899716854095,0.29836198687553406,6.426652908325195,72.1849136352539,107.0213394165039,146.86109924316406
2022-12-16,16584.701171875,1162.1756591796875,12.147680282592773,0.34812599420547485,0.07538799941539764,0.26178601384162903,5.829366207122803,65.80487823486328,99.82524871826172,140.96119689941406
2022-12-17,16614.029296875,1165.4078369140625,11.987808227539062,0.34883901476860046,0.07589299976825714,0.26027199625968933,5.8241047859191895,63.48716735839844,99.31485748291016,138.76577758789062
2022-12-18,16697.8203125,1176.185791015625,12.31215763092041,0.34859201312065125,0.07791999727487564,0.26399800181388855,5.950809001922607,63.55735397338867,101.79448699951172,142.959228515625
2022-12-19,16398.13671875,1160.377197265625,11.737709999084473,0.3343069851398468,0.07091300189495087,0.2511399984359741,5.7454729080200195,61.860809326171875,98.55999755859375,143.29762268066406
2022-12-20,16427.8671875,1165.5994873046875,11.875389099121094,0.3372589945793152,0.07142200320959091,0.25220999121665955,5.7779459953308105,63.235496520996094,98.56092834472656,143.95338439941406
2022-12-21,16755.912109375,1206.4400634765625,11.929596900939941,0.3397360146045685,0.07201000303030014,0.24921900033950806,5.900968074798584,64.90047454833984,100.09610748291016,146.60043334960938
2022-12-22,16592.408203125,1187.1278076171875,11.720108985900879,0.3423739969730377,0.07339099794626236,0.2481759935617447,5.8801751136779785,64.51705169677734,99.5865478515625,143.84933471679688
2022-12-23,16794.458984375,1215.994873046875,11.755584716796875,0.3477030098438263,0.07674200087785721,0.25581398606300354,5.935083866119385,65.45034790039062,101.28588104248047,140.0797576904297
2022-12-24,16793.52734375,1216.3387451171875,11.2396240234375,0.3514989912509918,0.07681799679994583,0.2573640048503876,5.901504039764404,65.26317596435547,101.73106384277344,141.93350219726562
2022-12-25,16755.25390625,1203.7196044921875,11.274829864501953,0.3447229862213135,0.07422900199890137,0.25529998540878296,5.9059858322143555,65.54060363769531,99.95372772216797,143.34165954589844
2022-12-26,16812.369140625,1214.3359375,11.138463973999023,0.34596899151802063,0.07477200031280518,0.2579900026321411,5.953303813934326,68.71089172363281,100.99940490722656,144.492431640625
2022-12-27,16642.072265625,1205.8956298828125,10.766209602355957,0.35944101214408875,0.0731310024857521,0.2574859857559204,5.878011226654053,67.97071075439453,101.52075958251953,144.14492797851562
2022-12-28,16497.556640625,1185.7021484375,9.52294921875,0.3561359941959381,0.07005199790000916,0.24796399474143982,5.655508995056152,66.10697174072266,98.95903015136719,143.8689422607422
2022-12-29,16508.68359375,1188.3602294921875,8.141267776489258,0.3389109969139099,0.06977099925279617,0.24109399318695068,5.5325927734375,65.92817687988281,97.71018981933594,145.01980590820312
2022-12-30,16408.474609375,1187.4625244140625,9.062714576721191,0.335332989692688,0.06695300340652466,0.24034999310970306,5.440182209014893,66.3155288696289,95.72980499267578,144.41900634765625
2022-12-31,16517.51953125,1194.2037353515625,9.69262409210205,0.3398680090904236,0.06816200166940689,0.2444310039281845,5.413768768310547,67.7869644165039,96.52781677246094,145.41213989257812
2023-01-01,16521.234375,1192.8853759765625,9.7210111618042,0.3363319933414459,0.06928899884223938,0.2442449927330017,5.517974853515625,69.2348861694336,96.47205352783203,146.43748474121094
2023-01-02,16572.228515625,1195.2149658203125,9.845211029052734,0.32162800431251526,0.06935799866914749,0.2473679929971695,5.567814826965332,70.22737884521484,95.8727798461914,147.9435577392578
2023-01-03,16622.37109375,1207.4915771484375,11.053266525268555,0.3420099914073944,0.06977400183677673,0.25054800510406494,5.585216999053955,74.21105194091797,98.94808959960938,147.6288604736328
2023-01-04,16667.763671875,1213.1688232421875,12.922945976257324,0.34283900260925293,0.07030999660491943,0.2522439956665039,5.615959167480469,74.65835571289062,99.58446502685547,148.34262084960938
2023-01-05,16790.283203125,1245.173095703125,12.990192413330078,0.33751699328422546,0.0714000016450882,0.2640640139579773,5.632116794586182,73.91404724121094,100.99300384521484,150.76904296875
2023-01-06,16716.421875,1240.947509765625,12.771324157714844,0.3328309953212738,0.0703440010547638,0.2681350111961365,5.558207035064697,73.01207733154297,98.44566345214844,152.7953338623047
2023-01-07,16914.19140625,1262.2711181640625,13.055072784423828,0.3420090079307556,0.07187599688768387,0.27276599407196045,5.698310852050781,75.66865539550781,101.41241455078125,153.75502014160156
2023-01-08,16924.05078125,1260.226806640625,12.924285888671875,0.3392300009727478,0.07154600322246552,0.2749840021133423,5.773165225982666,75.52995300292969,101.06768798828125,154.26815795898438
2023-01-09,17093.9921875,1286.6807861328125,14.325532913208008,0.34428998827934265,0.07325799763202667,0.295414000749588,5.933032989501953,77.67666625976562,103.4423828125,155.3035125732422
2023-01-10,17162.990234375,1318.5272216796875,15.711213111877441,0.34530800580978394,0.07468999922275543,0.30914801359176636,6.010840892791748,79.88059997558594,106.02980041503906,157.76683044433594
2023-01-11,17337.994140625,1323.5831298828125,15.368487358093262,0.34871599078178406,0.07517799735069275,0.30870500206947327,6.030919075012207,80.1606216430664,105.69137573242188,160.33853149414062
2023-01-12,17995.203125,1378.422119140625,15.744722366333008,0.3658689856529236,0.07698799669742584,0.31824299693107605,6.15306282043457,82.8438491821289,108.15975952148438,164.39178466796875
2023-01-13,18753.1640625,1404.02392578125,16.381359100341797,0.37064000964164734,0.07918400317430496,0.3247630000114441,6.282705783843994,83.92391204833984,118.21669006347656,164.2393341064453
2023-01-14,19907.828125,1450.9884033203125,18.26682472229004,0.38580700755119324,0.08436200022697449,0.34305500984191895,6.598348140716553,86.17276000976562,122.83958435058594,170.37120056152344
2023-01-15,20606.986328125,1520.893798828125,22.11684799194336,0.3810519874095917,0.08313000202178955,0.3399760127067566,6.622989177703857,85.99716186523438,121.97691345214844,171.82400512695312
2023-01-16,20715.74609375,1529.5736083984375,22.585596084594727,0.3808639943599701,0.08230800181627274,0.3406609892845154,6.476940155029297,85.13117218017578,120.82077026367188,166.27610778808594
2023-01-17,20978.533203125,1553.3359375,22.882892608642578,0.38017600774765015,0.08275599777698517,0.3457440137863159,6.605624198913574,85.00495147705078,122.33356475830078,165.7667236328125
2023-01-18,20541.544921875,1509.4228515625,20.693498611450195,0.3713209927082062,0.08017399907112122,0.3268339931964874,6.343377113342285,82.76156616210938,117.69266510009766,161.68907165527344
2023-01-19,20685.380859375,1514.3800048828125,20.528949737548828,0.3776180148124695,0.08013200014829636,0.32674500346183777,6.336029052734375,82.14119720458984,118.9578628540039,156.98521423339844
2023-01-20,20919.126953125,1544.9178466796875,21.00454330444336,0.38701701164245605,0.08076699823141098,0.3347040116786957,6.431886196136475,83.22157287597656,120.56047058105469,165.0467987060547
2023-01-21,22511.833984375,1626.81298828125,24.614994049072266,0.40330299735069275,0.08476100116968155,0.35916098952293396,6.868216037750244,88.31027221679688,126.76421356201172,171.6666259765625
2023-01-22,22387.900390625,1612.085693359375,23.756322860717773,0.3979029953479767,0.08477099984884262,0.364003986120224,6.825183868408203,86.98963165283203,127.642578125,172.64828491210938
2023-01-23,22654.3046875,1607.903076171875,23.973735809326172,0.4004330039024353,0.0873270034790039,0.37102198600769043,6.95261287689209,87.63065338134766,128.55967712402344,175.39053344726562
2023-01-24,22549.744140625,1551.3897705078125,22.647783279418945,0.4056510031223297,0.08365999907255173,0.3582949936389923,6.641408920288086,86.69969177246094,127.37958526611328,168.6417694091797
2023-01-25,22406.076171875,1530.7978515625,22.39700698852539,0.39954400062561035,0.08244600147008896,0.3484080135822296,6.550489902496338,85.99020385742188,126.00745391845703,166.4945526123047
2023-01-26,22911.373046875,1586.59814453125,23.95353889465332,0.4077349901199341,0.085548996925354,0.37223199009895325,6.858986854553223,87.17108917236328,130.2814178466797,171.11827087402344
2023-01-27,22654.59375,1565.2449951171875,23.49876594543457,0.4008980095386505,0.08452499657869339,0.37053999304771423,6.999093055725098,86.3469009399414,132.42373657226562,167.91525268554688
2023-01-28,22908.845703125,1565.39013671875,23.841827392578125,0.40704700350761414,0.08712399750947952,0.37972700595855713,7.149631977081299,87.50555419921875,131.8209991455078,178.26742553710938
2023-01-29,22985.0703125,1568.98486328125,23.827844619750977,0.40730899572372437,0.08754400163888931,0.3782309889793396,7.1650309562683105,89.60147094726562,132.1691131591797,182.3761749267578
2023-01-30,22657.58203125,1546.6607666015625,23.48917579650879,0.3911589980125427,0.08539900183677673,0.36858901381492615,6.8287482261657715,89.49971771240234,128.4717559814453,174.99192810058594
2023-01-31,22765.568359375,1563.8043212890625,23.592248916625977,0.3896830081939697,0.0883290022611618,0.3694239854812622,6.88529109954834,91.26331329345703,130.83201599121094,171.9639892578125
2023-02-01,22877.75,1566.8572998046875,22.64312171936035,0.3980349898338318,0.08875200152397156,0.3727230131626129,6.706571102142334,94.0133056640625,130.31268310546875,172.88619995117188
2023-02-02,23468.595703125,1641.3226318359375,24.25430679321289,0.40950900316238403,0.09095700085163116,0.3956640064716339,7.101432800292969,98.49517822265625,136.10418701171875,172.61569213867188
2023-02-03,23279.955078125,1634.223388671875,24.118974685668945,0.40740200877189636,0.0906670019030571,0.39678001403808594,7.039196014404297,98.03994750976562,136.64466857910156,170.51193237304688
2023-02-04,23291.794921875,1648.189208984375,24.317745208740234,0.40831899642944336,0.0926629975438118,0.39833399653434753,7.147762775421143,98.52680206298828,136.6641845703125,170.92469787597656
2023-02-05,22841.759765625,1616.391845703125,23.1168270111084,0.3963080048561096,0.09096600115299225,0.38433700799942017,6.907526016235352,95.21514892578125,133.27552795410156,165.38729858398438
2023-02-06,22692.025390625,1611.319091796875,22.603904724121094,0.3922269940376282,0.08906199783086777,0.3816019892692566,6.801389217376709,95.40951538085938,131.00123596191406,163.5989532470703
2023-02-07,22756.2578125,1614.863037109375,22.607053756713867,0.3909359872341156,0.0895180031657219,0.38238298892974854,6.827384948730469,95.97954559326172,131.49749755859375,163.9702911376953
2023-02-08,22731.09765625,1635.2650146484375,22.881855010986328,0.39533400535583496,0.08916900306940079,0.38711801171302795,6.998036861419678,97.43045043945312,130.4174346923828,163.43264770507812
2023-02-09,21773.974609375,1537.1822509765625,20.203577041625977,0.3772220015525818,0.08017200231552124,0.35893601179122925,6.910068035125732,90.92083740234375,124.37360382080078,150.998291015625
2023-02-10,21539.392578125,1504.83447265625,19.84334373474121,0.3786199986934662,0.08041500300168991,0.355787992477417,6.843377113342285,91.3700942993164,124.55350494384766,151.72842407226562
2023-02-11,21618.44921875,1510.14697265625,20.119468688964844,0.3809010088443756,0.08078800141811371,0.35778000950813293,6.872811794281006,93.03905487060547,123.62129211425781,153.9095916748047
2023-02-12,21682.828125,1501.4620361328125,20.646625518798828,0.37445199489593506,0.08174200356006622,0.36106300354003906,6.747715950012207,91.60399627685547,122.4636459350586,158.2589874267578
2023-02-13,21460.087890625,1470.02392578125,19.870744705200195,0.3641220033168793,0.07997799664735794,0.3468959927558899,6.476461887359619,88.84952545166016,120.56654357910156,153.88551330566406
2023-02-14,21632.39453125,1497.1944580078125,20.711223602294922,0.3656350076198578,0.08127299696207047,0.3553909957408905,6.558812141418457,90.53520202636719,123.61554718017578,154.44363403320312
2023-02-15,22082.76953125,1545.689697265625,21.50210189819336,0.37724798917770386,0.08283200114965439,0.38257598876953125,6.739752769470215,95.18052673339844,125.29740142822266,156.92843627929688
2023-02-16,23602.5234375,1638.1455078125,22.26426124572754,0.3850899934768677,0.08496599644422531,0.38768699765205383,7.024787902832031,98.91292572021484,127.94306945800781,155.58978271484375
2023-02-17,23460.755859375,1636.173828125,22.153913497924805,0.3828809857368469,0.08470699936151505,0.3870519995689392,6.9958038330078125,98.67265319824219,127.86672973632812,155.1519775390625
2023-02-18,24468.373046875,1683.670166015625,22.96770477294922,0.391882985830307,0.08697400242090225,0.39847299456596375,7.526206016540527,99.2220230102539,133.44790649414062,158.83612060546875
2023-02-19,24327.642578125,1673.9066162109375,23.268293380737305,0.38618698716163635,0.08628600090742111,0.399073988199234,7.857913017272949,97.30595397949219,135.052490234375,159.95465087890625
2023-02-20,23927.91015625,1659.2950439453125,24.342071533203125,0.3817490041255951,0.08585300296545029,0.39203599095344543,7.80829381942749,94.90387725830078,134.55328369140625,160.8446502685547
2023-02-21,24200.36328125,1642.396728515625,24.673828125,0.38807299733161926,0.08484499901533127,0.3877910077571869,7.54863977432251,92.47864532470703,143.77142333984375,157.04180908203125
2023-02-22,23644.318359375,1604.8033447265625,23.377933502197266,0.38392600417137146,0.08325300365686417,0.3788279891014099,7.334482192993164,92.11103820800781,137.5940399169922,155.96978759765625
2023-02-23,23693.919921875,1632.566162109375,23.68366813659668,0.3867120146751404,0.08393199741840363,0.38079598546028137,7.680718898773193,93.74882507324219,138.13699340820312,150.17835998535156
2023-02-24,23007.072265625,1583.1478271484375,22.63655662536621,0.37413299083709717,0.07988899946212769,0.35980701446533203,7.3291521072387695,90.82508850097656,131.14381408691406,149.10682678222656
2023-02-25,22861.55859375,1567.6317138671875,21.641862869262695,0.3722499907016754,0.07905799895524979,0.35387998819351196,7.2098069190979,91.15186309814453,130.3597412109375,145.71726989746094
2023-02-26,23084.220703125,1590.39306640625,22.32423973083496,0.3754200041294098,0.08057700097560883,0.35847800970077515,7.316312789916992,92.91877746582031,132.5061798095703,148.40476989746094
2023-02-27,23205.87890625,1615.387939453125,22.400766372680664,0.3721579909324646,0.08020400255918503,0.35880500078201294,7.170918941497803,92.99018096923828,133.92288208007812,146.5452117919922
2023-02-28,23077.650390625,1602.4281005859375,21.82581329345703,0.3730269968509674,0.08020000159740448,0.3496910035610199,7.140398025512695,93.38899993896484,131.12203979492188,149.00750732421875
2023-03-01,23088.626953125,1601.548583984375,21.738677978515625,0.373665988445282,0.08054500073194504,0.3505060076713562,7.170287132263184,93.79537200927734,131.84999084472656,150.2830352783203
2023-03-02,23245.021484375,1622.5999755859375,21.73250961303711,0.37448298931121826,0.07985900342464447,0.34598198533058167,7.187427997589111,94.28402709960938,130.39126586914062,148.75265502929688
2023-03-03,22213.23828125,1552.4515380859375,20.541078567504883,0.3598940074443817,0.07423499971628189,0.3276219964027405,6.748424053192139,88.11177062988281,122.92595672607422,141.26596069335938
2023-03-04,22198.98046875,1551.73681640625,20.3741455078125,0.37027400732040405,0.0731000006198883,0.33173099160194397,6.739046096801758,88.05729675292969,122.96395111083984,144.2930145263672
2023-03-05,22307.142578125,1559.9541015625,20.89556312561035,0.36679598689079285,0.07441499829292297,0.33532100915908813,6.824522972106934,89.26779174804688,123.68211364746094,146.39259338378906
2023-03-06,22331.314453125,1557.363525390625,20.522214889526367,0.3609969913959503,0.07355199754238129,0.3304100036621094,6.836516857147217,87.15454864501953,122.55391693115234,148.49118041992188
2023-03-07,22011.26171875,1543.1275634765625,19.82059669494629,0.368149995803833,0.0730300024151802,0.3230539858341217,6.697965145111084,84.95177459716797,120.778076171875,148.6102752685547
2023-03-08,21708.05078125,1534.0882568359375,18.286304473876953,0.37376001477241516,0.07076700031757355,0.31565698981285095,6.548698902130127,82.11461639404297,116.05658721923828,143.6486358642578
2023-03-09,20210.306640625,1423.2647705078125,16.943132400512695,0.3666599988937378,0.0646279975771904,0.3031519949436188,6.063872814178467,75.72064971923828,107.98392486572266,140.81979370117188
2023-03-10,19628.25390625,1378.525390625,16.117345809936523,0.3598819971084595,0.06302300095558167,0.2984839975833893,5.949132919311523,69.158935546875,105.84867095947266,132.24391174316406
2023-03-11,20068.66015625,1428.72314453125,17.171354293823242,0.36208298802375793,0.06444700062274933,0.3045479953289032,6.000500202178955,66.67816162109375,109.07720184326172,133.52810668945312
2023-03-12,20448.806640625,1461.6109619140625,17.942476272583008,0.3524729907512665,0.06606899946928024,0.3044080138206482,6.1287841796875,68.2200698852539,113.07484436035156,140.5095672607422
2023-03-13,21918.19921875,1572.07470703125,18.9644718170166,0.3581419885158539,0.06851399689912796,0.3286899924278259,6.429993152618408,74.9416732788086,120.0975570678711,146.1300506591797
2023-03-14,24081.18359375,1665.90234375,19.914527893066406,0.3673180043697357,0.07177700102329254,0.3392319977283478,6.664549827575684,79.79379272460938,126.32328796386719,147.61814880371094
2023-03-15,23964.91015625,1616.63037109375,18.830358505249023,0.3587599992752075,0.06814099848270416,0.31771600246429443,6.437794208526611,75.65375518798828,122.70620727539062,142.86151123046875
2023-03-16,24225.111328125,1639.26171875,19.03631019592285,0.3585369884967804,0.06925400346517563,0.3200100064277649,6.500079154968262,76.20967864990234,122.98088836669922,145.0321807861328
2023-03-17,24955.169921875,1667.1318359375,19.499818801879883,0.3635930120944977,0.07181400060653687,0.32263800501823425,6.630300045013428,78.52023315429688,125.45475006103516,149.28335571289062
2023-03-18,26636.26171875,1751.2628173828125,21.141870498657227,0.3734489977359772,0.07294599711894989,0.33698800206184387,6.920907020568848,82.8204345703125,131.1678009033203,147.45082092285156
2023-03-19,26907.716796875,1762.9632568359375,21.19828987121582,0.374440997838974,0.07304099947214127,0.3377169966697693,6.934313774108887,82.68276977539062,131.29185485839844,149.2000274658203
2023-03-20,27242.880859375,1728.103759765625,21.585559844970703,0.37403300404548645,0.07102199643850327,0.33213499188423157,6.985550880432129,78.3705062866211,130.37515258789062,150.0192413330078
2023-03-21,27439.646484375,1725.00732421875,21.639102935791016,0.3745090067386627,0.07086200267076492,0.3318080008029938,6.89748477935791,77.72624969482422,126.68700408935547,149.583984375
2023-03-22,26759.99609375,1717.76513671875,21.14965057373047,0.41293400526046753,0.07213400304317474,0.35148099064826965,7.0700459480285645,79.94864654541016,124.2077865600586,146.1460723876953
2023-03-23,27183.36328125,1732.524658203125,21.216276168823242,0.4154770076274872,0.073294997215271,0.35505199432373047,7.119134902954102,86.03134155273438,125.1238784790039,148.82821655273438
2023-03-24,27039.265625,1730.3494873046875,20.35582733154297,0.41803398728370667,0.0733880028128624,0.357028990983963,7.152146816253662,89.8736801147461,122.70757293701172,155.31692504882812
2023-03-25,27196.234375,1716.6519775390625,20.184852600097656,0.42421799898147583,0.07296399772167206,0.34995201230049133,6.994295120239258,90.42384338378906,123.6475830078125,160.0636749267578
2023-03-26,27445.046875,1741.182861328125,20.34568977355957,0.4427720010280609,0.07372099906206131,0.34979599714279175,7.06675910949707,90.98301696777344,123.92925262451172,158.98609924316406
2023-03-27,26606.689453125,1690.5166015625,19.508054733276367,0.44389599561691284,0.07175599783658981,0.33873799443244934,6.804008960723877,88.17765808105469,117.6333999633789,151.63075256347656
2023-03-28,26677.818359375,1702.564697265625,19.66556739807129,0.4702009856700897,0.07193700224161148,0.34380900859832764,6.77236795425415,86.03421020507812,119.35499572753906,149.85133361816406
2023-03-29,27259.662109375,1772.89990234375,20.45812225341797,0.5149620175361633,0.07364200055599213,0.36743101477622986,6.94170618057251,89.09891510009766,120.7744140625,153.8011016845703
2023-03-30,27720.16015625,1766.2489013671875,20.232969284057617,0.5271919965744019,0.07368399947881699,0.3708980083465576,7.1701250076293945,87.33723449707031,119.40419006347656,154.57142639160156
2023-03-31,27583.71484375,1783.1422119140625,20.155242919921875,0.5285580158233643,0.07380799949169159,0.37508100271224976,7.231266021728516,87.93004608154297,120.6257095336914,154.7504425048828
2023-04-01,28297.171875,1811.1185302734375,20.858905792236328,0.5015389919281006,0.07614400237798691,0.38275301456451416,7.459664821624756,89.5528335571289,123.76513671875,154.14515686035156
2023-04-02,27884.087890625,1774.8724365234375,20.31570053100586,0.5035210251808167,0.07784800231456757,0.37731701135635376,7.224246025085449,90.8553237915039,121.71800231933594,156.4597625732422
2023-04-03,27276.720703125,1765.5189208984375,20.02490234375,0.48694899678230286,0.07663200050592422,0.37287500500679016,7.073146820068359,90.58843231201172,120.54287719726562,155.784423828125
2023-04-04,27681.3046875,1802.9554443359375,20.352720260620117,0.488974004983902,0.09287100285291672,0.38570699095726013,7.224438190460205,91.79788970947266,126.11027526855469,156.08033752441406
2023-04-05,27843.763671875,1865.94189453125,20.670976638793945,0.5000640153884888,0.09208399802446365,0.3879239857196808,7.264023780822754,91.71532440185547,125.85992431640625,156.17933654785156
2023-04-06,27738.759765625,1857.0850830078125,20.50641441345215,0.4945249855518341,0.08541200309991837,0.3777239918708801,7.143192768096924,90.22045135498047,125.36700439453125,156.29763793945312
2023-04-07,27794.03125,1845.993896484375,20.267675399780273,0.4991079866886139,0.0818910002708435,0.3772059977054596,7.124457836151123,89.55905151367188,123.52352142333984,155.27049255371094
2023-04-08,27883.38671875,1848.87548828125,19.947696685791016,0.5044410228729248,0.08103500306606293,0.3810870051383972,7.102263927459717,89.63033294677734,123.186767578125,156.75230407714844
2023-04-09,27828.48046875,1828.7000732421875,19.964378356933594,0.5009269714355469,0.08135399967432022,0.38527899980545044,7.077762126922607,89.392578125,123.63601684570312,157.8778076171875
2023-04-10,28189.271484375,1848.1641845703125,20.115707397460938,0.5012590289115906,0.08246999979019165,0.3854900002479553,7.150139808654785,90.03181457519531,124.3585205078125,155.4890594482422
2023-04-11,29609.30078125,1886.5341796875,20.860193252563477,0.513293981552124,0.08389899879693985,0.396263986825943,7.29626989364624,93.38036346435547,127.65845489501953,158.97450256347656
2023-04-12,29725.57421875,1860.036865234375,22.423229217529297,0.5014150142669678,0.08131899684667587,0.3902699947357178,7.132033824920654,91.2491226196289,126.03642272949219,159.33229064941406
2023-04-13,29878.623046875,1901.8603515625,23.704795837402344,0.5025910139083862,0.08302000164985657,0.40187400579452515,7.188986778259277,91.93038940429688,128.26513671875,161.57833862304688
2023-04-14,30044.498046875,2011.5032958984375,23.817447662353516,0.5124769806861877,0.08587899804115295,0.42517799139022827,7.465260028839111,93.99677276611328,129.3147430419922,159.29632568359375
2023-04-15,30245.8828125,2076.5107421875,23.872028350830078,0.5182769894599915,0.08765300363302231,0.4328080117702484,7.638179779052734,95.18162536621094,131.06040954589844,161.4667205810547
2023-04-16,30157.83203125,2076.83203125,23.94781494140625,0.517238974571228,0.08823099732398987,0.44428199529647827,7.927694797515869,95.65457916259766,131.73904418945312,161.00164794921875
2023-04-17,29275.37109375,2063.03857421875,24.406898498535156,0.5082759857177734,0.08857700228691101,0.4331679940223694,7.92443323135376,97.98225402832031,130.90411376953125,159.53753662109375
2023-04-18,29154.849609375,2057.65380859375,24.102088928222656,0.5106170177459717,0.09008599817752838,0.42962101101875305,8.063427925109863,98.15673065185547,130.82798767089844,158.41493225097656
2023-04-19,28669.8984375,1928.5828857421875,22.266664505004883,0.4892579913139343,0.08684899657964706,0.41203901171684265,7.723606109619141,89.46781921386719,123.9428482055664,152.32611083984375
2023-04-20,28037.2578125,1918.1328125,21.664962768554688,0.4686709940433502,0.08299800008535385,0.39739900827407837,7.494381904602051,87.58045196533203,121.83165740966797,151.24378967285156
2023-04-21,27177.365234375,1827.7889404296875,21.133298873901367,0.44273900985717773,0.07751700282096863,0.3804149925708771,7.043487071990967,84.89508056640625,118.7155532836914,149.52389526367188
2023-04-22,27169.5703125,1845.8492431640625,21.108491897583008,0.44676700234413147,0.07831300050020218,0.3817180097103119,7.093589782714844,85.03276824951172,119.31961822509766,150.41024780273438
2023-04-23,27400.314453125,1838.992431640625,21.067718505859375,0.4558640122413635,0.07743699848651886,0.3819740116596222,6.923752784729004,84.92311096191406,118.71318054199219,155.8717041015625
2023-04-24,27070.849609375,1811.7921142578125,21.078792572021484,0.4510360062122345,0.07756900042295456,0.38128501176834106,7.03875207901001,86.3748550415039,118.9468765258789,156.1545867919922
2023-04-25,27207.931640625,1805.3228759765625,20.783756256103516,0.45204800367355347,0.07775600254535675,0.37779098749160767,6.972247123718262,87.41622924804688,116.95551300048828,154.4407501220703
2023-04-26,27324.548828125,1792.4638671875,20.57401466369629,0.44133099913597107,0.07615099847316742,0.3824639916419983,6.806466102600098,85.43302154541016,113.56391143798828,152.4699249267578
2023-04-27,28402.88671875,1863.14794921875,21.226152420043945,0.4573900103569031,0.07852700352668762,0.4014739990234375,6.996944904327393,87.78321838378906,116.81465911865234,153.84681701660156
2023-04-28,28929.609375,1876.2918701171875,22.21075439453125,0.46462199091911316,0.07942300289869308,0.3991599977016449,6.994153022766113,88.3111801147461,116.3344955444336,152.62644958496094
2023-04-29,29088.04296875,1887.990478515625,22.987077713012695,0.47572600841522217,0.08030299842357635,0.40193501114845276,7.012752056121826,89.5018310546875,117.84403991699219,152.61663818359375
2023-04-30,29114.021484375,1876.92431640625,22.832014083862305,0.4709540009498596,0.07962799817323685,0.39634600281715393,7.052085876464844,88.26285552978516,118.13014221191406,153.9256591796875
2023-05-01,27680.79296875,1809.1932373046875,21.640710830688477,0.45718199014663696,0.0776280015707016,0.3816260099411011,6.819187164306641,85.59090423583984,115.56806945800781,151.10205078125
2023-05-02,27924.123046875,1824.3270263671875,21.77289581298828,0.45943599939346313,0.07783199846744537,0.3830159902572632,6.820350170135498,86.2947769165039,116.57661437988281,152.46551513671875
2023-05-03,28178.388671875,1845.871826171875,21.282699584960938,0.45143601298332214,0.07732799649238586,0.37938401103019714,6.839698791503906,85.85283660888672,116.28373718261719,151.35382080078125
2023-05-04,28694.0390625,1868.6297607421875,21.65181541442871,0.45601901412010193,0.0781560018658638,0.38589000701904297,6.970983028411865,87.65029907226562,116.8066177368164,154.81832885742188
2023-05-05,28845.509765625,1876.9466552734375,21.706457138061523,0.4582580029964447,0.07790999859571457,0.3856689929962158,6.977313995361328,87.07610321044922,117.38033294677734,154.84222412109375
2023-05-06,28468.966796875,1870.6055908203125,21.729970932006836,0.4547640085220337,0.07643900066614151,0.37657999992370605,6.914403915405273,82.33717346191406,116.11336517333984,154.4744110107422
2023-05-07,28441.3671875,1873.076416015625,21.808727264404297,0.45024898648262024,0.07669299840927124,0.37661200761795044,6.9005351066589355,83.34185028076172,116.38961791992188,156.16384887695312
2023-05-08,27310.134765625,1818.4505615234375,20.260629653930664,0.4185529947280884,0.07094600051641464,0.35856300592422485,6.471394062042236,76.82546997070312,109.02898406982422,150.26513671875
2023-05-09,27375.6015625,1832.906982421875,20.459636688232422,0.4219050109386444,0.07228799909353256,0.36090001463890076,6.47652006149292,77.59510803222656,110.50508880615234,152.36099243164062
2023-05-10,26883.669921875,1795.6688232421875,20.165687561035156,0.41782501339912415,0.07131999731063843,0.3558509945869446,6.382472991943359,78.1779556274414,113.63188934326172,151.1524200439453
2023-05-11,26781.826171875,1774.132568359375,19.855695724487305,0.4129619896411896,0.0695670023560524,0.35120800137519836,6.267055988311768,78.89405059814453,111.41511535644531,151.28257751464844
2023-05-12,25878.4296875,1742.40380859375,19.86431312561035,0.4177199900150299,0.06972400099039078,0.3558019995689392,6.2548909187316895,77.84980010986328,113.03427124023438,150.3633575439453
2023-05-13,26710.873046875,1788.4755859375,20.82196807861328,0.42471399903297424,0.07147300243377686,0.3633829951286316,6.495942115783691,80.1424560546875,112.79267120361328,152.5897674560547
2023-05-14,26661.35546875,1793.228759765625,20.666637420654297,0.42315199971199036,0.07142200320959091,0.3639349937438965,6.464654922485352,80.0142593383789,113.08320617675781,152.6549835205078
2023-05-15,26766.09765625,1787.536376953125,20.647809982299805,0.42282798886299133,0.0711980015039444,0.36748000979423523,6.476562976837158,82.56475830078125,114.79011535644531,152.16604614257812
2023-05-16,26878.947265625,1797.84375,20.475379943847656,0.4202069938182831,0.0711819976568222,0.36296001076698303,6.56699800491333,86.41757202148438,114.4301986694336,150.68797302246094
2023-05-17,26600.14453125,1786.6719970703125,20.500478744506836,0.4388810098171234,0.07246600091457367,0.36516299843788147,6.5607428550720215,89.83343505859375,115.56668090820312,151.0241241455078
2023-05-18,26415.1015625,1774.195068359375,20.168506622314453,0.44383299350738525,0.07190900295972824,0.36715200543403625,6.459140777587891,89.68464660644531,113.2307357788086,149.30206298828125
2023-05-19,26700.2109375,1797.4344482421875,20.312673568725586,0.4585300087928772,0.07316199690103531,0.36694100499153137,6.47805118560791,90.44110870361328,114.83465576171875,149.95358276367188
2023-05-20,26843.27734375,1808.0467529296875,20.14699935913086,0.46352899074554443,0.0732249990105629,0.36451199650764465,6.482776165008545,90.82449340820312,114.72563934326172,149.83827209472656
2023-05-21,26706.921875,1799.9468994140625,19.508216857910156,0.45659199357032776,0.07208199799060822,0.3583360016345978,6.38234806060791,91.46859741210938,114.11856079101562,149.3876953125
2023-05-22,26549.734375,1793.2239990234375,19.383373260498047,0.45214998722076416,0.07113300263881683,0.3572629988193512,6.365190029144287,90.36430358886719,113.29194641113281,149.3830108642578
2023-05-23,26816.1796875,1816.2879638671875,19.45125961303711,0.45944398641586304,0.0725720003247261,0.3665960133075714,6.488480091094971,90.6908950805664,114.74903869628906,151.1046905517578
2023-05-24,26106.576171875,1780.925537109375,18.914325714111328,0.4474639892578125,0.07006199657917023,0.3609839975833893,6.240495204925537,85.11100006103516,111.44461822509766,148.22862243652344
2023-05-25,25890.59375,1763.3651123046875,18.892263412475586,0.4456219971179962,0.06922399997711182,0.35572099685668945,6.206401824951172,83.53244018554688,110.38585662841797,149.21337890625
2023-05-26,26343.94921875,1798.406005859375,19.120452880859375,0.4530070126056671,0.07044299691915512,0.3544839918613434,6.2493720054626465,86.27979278564453,111.6744384765625,150.50621032714844
2023-05-27,26621.140625,1817.4920654296875,19.350170135498047,0.4667159914970398,0.07091499865055084,0.36208200454711914,6.346855163574219,87.06436920166016,112.58280181884766,150.46475219726562
2023-05-28,26802.751953125,1825.46728515625,20.336889266967773,0.4707840085029602,0.07219900190830231,0.3664889931678772,6.427712917327881,88.33882141113281,113.84386444091797,151.15292358398438
2023-05-29,27563.876953125,1879.0775146484375,20.29768180847168,0.47790399193763733,0.07283099740743637,0.37636798620224,6.5450568199157715,90.4075698852539,114.8222885131836,153.0662078857422
2023-05-30,27588.501953125,1883.9346923828125,20.519500732421875,0.4905470013618469,0.07227499783039093,0.3755120038986206,6.549343109130859,90.72916412353516,114.13395690917969,152.4952392578125
2023-05-31,26866.453125,1852.0947265625,20.468751907348633,0.50245600938797,0.07084199786186218,0.37100300192832947,6.433348178863525,88.3498306274414,112.24971771240234,144.9699249267578
2023-06-01,26671.720703125,1846.2274169921875,20.46446990966797,0.5031989812850952,0.07088200002908707,0.36169201135635376,6.34234094619751,89.66291809082031,111.89897155761719,145.13436889648438
2023-06-02,26574.64453125,1851.9647216796875,20.38359260559082,0.5049690008163452,0.07116799801588058,0.3631559908390045,6.327394962310791,93.17652130126953,113.05077362060547,144.95272827148438
2023-06-03,26958.00390625,1885.4854736328125,21.017078399658203,0.5170459747314453,0.07233399897813797,0.3741309940814972,6.381110191345215,94.36772155761719,114.40544128417969,145.7515106201172
2023-06-04,26968.224609375,1885.65185546875,21.061323165893555,0.5166140198707581,0.07246600091457367,0.37531501054763794,6.40241813659668,94.26844787597656,114.31421661376953,148.10833740234375
2023-06-05,25445.16796875,1780.2115478515625,19.423831939697266,0.4935460090637207,0.06482800096273422,0.34826400876045227,6.024292945861816,85.06339263916016,107.725341796875,137.74293518066406
2023-06-06,25434.8671875,1801.4052734375,19.320531845092773,0.49823400378227234,0.06611199676990509,0.3390690088272095,6.022430896759033,86.10227966308594,107.83457946777344,138.93641662597656
2023-06-07,26146.98828125,1822.3031005859375,18.5499210357666,0.5089340209960938,0.06687799841165543,0.31962600350379944,5.862957954406738,87.90330505371094,110.32062530517578,143.57742309570312
2023-06-08,26246.6640625,1830.1650390625,18.294736862182617,0.5169619917869568,0.06715399771928787,0.3209480047225952,5.900790214538574,87.45428466796875,110.57411193847656,142.4797821044922
2023-06-09,26339.314453125,1828.5445556640625,17.161293029785156,0.5216730237007141,0.0676259994506836,0.2916730046272278,5.937986850738525,87.3760757446289,109.85965728759766,140.9671173095703
2023-06-10,25501.8359375,1721.443115234375,13.379448890686035,0.4823650121688843,0.05853600054979324,0.23041999340057373,4.980165958404541,75.29298400878906,95.77547454833984,127.86848449707031
2023-06-11,25668.986328125,1741.1104736328125,15.198493003845215,0.504347026348114,0.06130300089716911,0.2603119909763336,5.1170878410339355,76.54277038574219,101.95978546142578,135.70440673828125
2023-06-12,25675.197265625,1722.9063720703125,14.817190170288086,0.5110899806022644,0.06040399894118309,0.26669400930404663,5.045679092407227,75.98138427734375,101.33891296386719,135.87452697753906
2023-06-13,25728.365234375,1727.7498779296875,14.816584587097168,0.5087649822235107,0.060763999819755554,0.26989299058914185,5.123007774353027,76.64176177978516,102.32183837890625,136.6100311279297
2023-06-14,24902.15234375,1637.187744140625,14.195953369140625,0.46748000383377075,0.058949001133441925,0.25822100043296814,5.173376083374023,72.02310943603516,100.99095916748047,131.52943420410156
2023-06-15,24797.16796875,1624.1383056640625,14.214147567749023,0.4695580005645752,0.05979600176215172,0.25340598821640015,5.176105976104736,72.25688934326172,101.77647399902344,131.52874755859375
2023-06-16,25245.357421875,1653.1708984375,14.46956729888916,0.4592849910259247,0.06095200031995773,0.25535300374031067,5.175273895263672,74.23796081542969,103.0882797241211,132.55909729003906
2023-06-17,26174.4921875,1714.15087890625,15.185426712036133,0.4705739915370941,0.061834998428821564,0.26116400957107544,5.246589183807373,75.801025390625,106.27552032470703,134.4657440185547
2023-06-18,26325.890625,1718.1114501953125,15.361244201660156,0.4765709936618805,0.061604999005794525,0.2602030038833618,5.16032600402832,76.50340270996094,106.03642272949219,136.24974060058594
2023-06-19,26312.83203125,1705.8134765625,15.414377212524414,0.48371100425720215,0.06169600039720535,0.25791001319885254,5.023810863494873,76.35579681396484,105.04447174072266,136.2633514404297
2023-06-20,26668.791015625,1715.342529296875,15.759370803833008,0.4737829864025116,0.06091099977493286,0.2532309889793396,5.010992050170898,76.0155258178711,105.38333892822266,137.28648376464844
2023-06-21,28283.41015625,1788.4892578125,16.58346939086914,0.49033400416374207,0.06296499818563461,0.2693980038166046,5.252809047698975,80.13422393798828,109.88082122802734,141.28958129882812
2023-06-22,29679.158203125,1867.8765869140625,16.6103458404541,0.49131301045417786,0.06554999947547913,0.2861790060997009,5.54114294052124,84.866455078125,130.27850341796875,145.03416442871094
2023-06-23,29845.21484375,1865.1920166015625,16.23674774169922,0.48614799976348877,0.06553400307893753,0.2880629897117615,5.564657211303711,85.43560028076172,133.7311248779297,149.09246826171875
2023-06-24,30290.146484375,1867.8115234375,16.46331787109375,0.4828279912471771,0.065700002014637,0.28593701124191284,5.980313777923584,87.15614318847656,180.18533325195312,153.47067260742188
2023-06-25,30327.943359375,1870.85009765625,16.60713768005371,0.48420798778533936,0.06654500216245651,0.2891179919242859,6.0991058349609375,87.13050842285156,187.7025146484375,156.12387084960938
2023-06-26,29955.744140625,1840.215087890625,16.02097511291504,0.4745739996433258,0.06387899816036224,0.27825498580932617,6.036485195159912,86.41650390625,189.32142639160156,158.7871551513672
2023-06-27,30236.650390625,1856.83837890625,16.1785888671875,0.4772320091724396,0.06455300003290176,0.2793309986591339,6.056919097900391,87.05574035644531,217.84918212890625,163.55577087402344
2023-06-28,29921.822265625,1822.102783203125,15.74758243560791,0.4565410017967224,0.061583999544382095,0.2649100124835968,5.789371013641357,82.12751007080078,222.49575805664062,163.33804321289062
2023-06-29,30057.203125,1828.059326171875,15.906376838684082,0.4623959958553314,0.06255099922418594,0.2670080065727234,5.803522109985352,83.04206848144531,224.6776123046875,161.04891967773438
2023-06-30,29600.275390625,1831.281005859375,17.314870834350586,0.4565100073814392,0.06264299899339676,0.2726539969444275,5.866758823394775,84.58930206298828,253.13870239257812,161.08554077148438
2023-07-01,30328.865234375,1910.8486328125,17.945798873901367,0.4656040072441101,0.0664680004119873,0.2827500104904175,6.158452033996582,104.6958236694336,283.6842956542969,166.7571258544922
2023-07-02,30264.01953125,1895.906982421875,18.58200454711914,0.471327006816864,0.06672000139951706,0.28776898980140686,6.3755412101745605,105.70906066894531,270.1523742675781,163.36773681640625
2023-07-03,30586.513671875,1934.6888427734375,18.943145751953125,0.47971299290657043,0.06745900213718414,0.29116499423980713,6.487559795379639,105.97306823730469,281.6044006347656,167.48570251464844
2023-07-04,30659.35546875,1932.611328125,19.096738815307617,0.4833369851112366,0.06791999936103821,0.2912899851799011,6.428555011749268,104.71099090576172,272.1070251464844,166.14703369140625
2023-07-05,30225.61328125,1897.124755859375,18.498628616333008,0.47115400433540344,0.0659400001168251,0.2812899947166443,6.240610122680664,99.39552307128906,250.22689819335938,161.89076232910156
2023-07-06,29892.2265625,1847.8507080078125,18.886260986328125,0.46329599618911743,0.06500499695539474,0.27709299325942993,6.091969966888428,95.66722869873047,268.8232727050781,164.0408172607422
2023-07-07,29777.28515625,1832.025390625,19.318931579589844,0.46062999963760376,0.06455300003290176,0.27795401215553284,6.053390026092529,95.09568786621094,274.88885498046875,163.9058380126953
2023-07-08,30080.16015625,1844.6417236328125,21.356882095336914,0.46604499220848083,0.06497099995613098,0.2826719880104065,6.1092610359191895,96.91822814941406,262.94415283203125,165.26275634765625
2023-07-09,30085.591796875,1857.748291015625,21.08757781982422,0.46811699867248535,0.06533200293779373,0.2837670147418976,6.135863780975342,95.06183624267578,263.9962158203125,165.22732543945312
2023-07-10,29985.39453125,1848.7772216796875,20.572586059570312,0.46460598707199097,0.06400900334119797,0.27961400151252747,6.050355911254883,92.89258575439453,261.56915283203125,163.25259399414062
2023-07-11,30358.09765625,1863.2186279296875,21.24249267578125,0.47180798649787903,0.064519003033638,0.2879999876022339,6.140872001647949,95.81536102294922,271.44122314453125,163.10560607910156
2023-07-12,30228.8359375,1865.7100830078125,21.82825469970703,0.4678579866886139,0.06400000303983688,0.2859019935131073,6.2040228843688965,94.7883071899414,273.26611328125,163.16860961914062
2023-07-13,30268.3515625,1864.49609375,21.49482536315918,0.470102995634079,0.06467500329017639,0.2864449918270111,6.225927829742432,95.7929916381836,270.3282775878906,161.8986358642578
2023-07-14,29966.38671875,1901.3612060546875,25.434978485107422,0.6807630062103271,0.0671980008482933,0.3193419873714447,6.735441207885742,92.93989562988281,257.5531005859375,156.5673828125
2023-07-15,30263.462890625,1928.1873779296875,26.688867568969727,0.6969010233879089,0.0679749995470047,0.3255529999732971,6.852272987365723,94.18665313720703,248.2893829345703,158.88510131835938
2023-07-16,30089.669921875,1917.2940673828125,26.8976993560791,0.709725022315979,0.06939899921417236,0.31364700198173523,6.608549118041992,92.75621032714844,249.87522888183594,163.24012756347656
2023-07-17,29685.783203125,1875.120361328125,25.895729064941406,0.7184249758720398,0.0682549998164177,0.3066270053386688,6.527315139770508,90.33413696289062,236.71751403808594,163.5795440673828
2023-07-18,29556.427734375,1878.718505859375,24.824853897094727,0.7360929846763611,0.06774300336837769,0.3024350106716156,6.858763217926025,90.16366577148438,232.76161193847656,164.41116333007812
2023-07-19,29794.26953125,1883.067138671875,25.418062210083008,0.7743350267410278,0.0684870034456253,0.30740898847579956,6.796350955963135,91.51500701904297,241.8146209716797,165.43946838378906
2023-07-20,29638.095703125,1879.734375,25.16942596435547,0.7739449739456177,0.0684870034456253,0.31134501099586487,6.796350955963135,91.68144226074219,241.1842498779297,163.32733154296875
2023-07-21,29733.8515625,1885.2962646484375,25.142337799072266,0.7641419768333435,0.07040700316429138,0.31106799840927124,8.081622123718262,91.9632568359375,242.1670379638672,160.94570922851562
2023-07-22,29664.12109375,1855.0927734375,24.306474685668945,0.730679988861084,0.07008100301027298,0.30735599994659424,7.842010974884033,91.718017578125,238.67251586914062,161.36911010742188
2023-07-23,29741.52734375,1859.56884765625,24.250967025756836,0.7193089723587036,0.07022000104188919,0.3083780109882355,7.848306179046631,91.82036590576172,238.8908233642578,161.57887268066406
2023-07-24,28934.294921875,1836.8524169921875,23.069425582885742,0.687578022480011,0.07055599987506866,0.30143100023269653,7.530029773712158,88.2190170288086,236.57998657226562,160.26019287109375
2023-07-25,29062.43359375,1845.9815673828125,22.864362716674805,0.6791489720344543,0.07389000058174133,0.30233100056648254,7.378264904022217,88.85782623291016,233.00253295898438,160.05511474609375
2023-07-26,29113.912109375,1849.4368896484375,23.207731246948242,0.696075975894928,0.07725899666547775,0.30088499188423157,7.312085151672363,88.94905090332031,234.3982696533203,161.31423950195312
2023-07-27,29099.3515625,1855.321533203125,24.72016143798828,0.7091050148010254,0.07691600173711777,0.3059859871864319,7.711304187774658,89.92593383789062,241.31076049804688,161.4040985107422
2023-07-28,29125.845703125,1857.0489501953125,24.577672958374023,0.704509973526001,0.07620099931955338,0.3067449927330017,7.801050186157227,90.49320220947266,241.7198028564453,161.9344482421875
2023-07-29,29264.166015625,1870.3338623046875,24.78037452697754,0.706866979598999,0.0770770013332367,0.30926498770713806,7.739381790161133,90.96675109863281,239.24667358398438,162.19483947753906
2023-07-30,29059.501953125,1851.72802734375,23.845407485961914,0.6935369968414307,0.07703900337219238,0.30737900733947754,7.450922966003418,92.21128845214844,241.33079528808594,158.6033477783203
2023-07-31,29131.578125,1851.9154052734375,23.6588191986084,0.6921539902687073,0.0771000012755394,0.306894987821579,7.470114231109619,91.64766693115234,247.89816284179688,159.7637176513672
2023-08-01,28657.0234375,1817.9207763671875,23.087238311767578,0.6835319995880127,0.07604300230741501,0.2991270124912262,7.358786106109619,89.78800964355469,239.8754425048828,157.59417724609375
2023-08-02,28946.509765625,1822.3482666015625,22.984315872192383,0.6802319884300232,0.07410000264644623,0.2990129888057709,7.3473219871521,86.91828155517578,226.36978149414062,159.21084594726562
2023-08-03,28959.48828125,1825.3477783203125,22.54010009765625,0.6588510274887085,0.07305300235748291,0.2909190058708191,7.112916946411133,82.69623565673828,224.84500122070312,159.76483154296875
2023-08-04,28885.3359375,1817.413818359375,22.522666931152344,0.6303039789199829,0.07279500365257263,0.29089900851249695,7.03703498840332,81.50664520263672,222.11175537109375,157.3433380126953
2023-08-05,28957.796875,1824.8079833984375,22.3279972076416,0.6126369833946228,0.07299800217151642,0.2904660105705261,7.1020121574401855,81.58123779296875,223.5219268798828,157.8441162109375
2023-08-06,28963.833984375,1824.9866943359375,22.596603393554688,0.6216340065002441,0.07419999688863754,0.29079800844192505,7.084693908691406,82.08924102783203,221.96189880371094,159.22914123535156
2023-08-07,28724.140625,1804.7166748046875,22.48735237121582,0.6049780249595642,0.0723700001835823,0.28440600633621216,6.9973039627075195,80.51209259033203,219.27317810058594,157.29351806640625
2023-08-08,29113.814453125,1824.4300537109375,23.021738052368164,0.6153180003166199,0.07321000099182129,0.2896150052547455,7.295584201812744,81.8248291015625,235.0997314453125,157.78306579589844
2023-08-09,29376.80078125,1845.48974609375,24.1942081451416,0.6346529722213745,0.07446300238370895,0.29648900032043457,7.386916160583496,83.29949951171875,234.91661071777344,156.61822509765625
2023-08-10,29354.447265625,1845.4422607421875,24.150667190551758,0.6252760291099548,0.0751579999923706,0.2960909903049469,7.568157196044922,82.70103454589844,230.94570922851562,154.4073028564453
2023-08-11,29253.517578125,1839.5692138671875,24.359615325927734,0.6273329854011536,0.07516700029373169,0.2925240099430084,7.412113189697266,82.71995544433594,227.55056762695312,155.8658447265625
2023-08-12,29357.587890625,1845.71923828125,24.405805587768555,0.6255419850349426,0.07560200244188309,0.29107600450515747,7.3962531089782715,83.3445053100586,227.7435760498047,156.5753631591797
2023-08-13,29265.806640625,1834.8043212890625,24.236482620239258,0.6249030232429504,0.07447300106287003,0.28777700662612915,7.339324951171875,81.65193176269531,226.15167236328125,157.10189819335938
2023-08-14,29124.10546875,1834.8004150390625,24.09539794921875,0.6247239708900452,0.07395199686288834,0.28781598806381226,7.323840141296387,81.66976165771484,226.29127502441406,158.00344848632812
2023-08-15,29088.853515625,1816.3250732421875,23.761661529541016,0.5935029983520508,0.07051199674606323,0.27804499864578247,6.96796989440918,78.76314544677734,228.49118041992188,154.93846130371094
2023-08-16,28701.779296875,1798.9666748046875,22.48752784729004,0.5790519714355469,0.06680700182914734,0.2676500082015991,6.655511856079102,73.62923431396484,204.43946838378906,152.9180908203125
2023-08-17,25409.111328125,1551.7132568359375,20.304153442382812,0.4681060016155243,0.05834000185132027,0.24579499661922455,5.89454984664917,61.756107330322266,173.42864990234375,137.67552185058594
2023-08-18,25668.921875,1644.930908203125,21.089134216308594,0.48759499192237854,0.06019600108265877,0.255605012178421,6.100881099700928,63.73204040527344,179.556396484375,141.32232666015625
2023-08-19,25802.408203125,1654.0758056640625,21.315994262695312,0.5019760131835938,0.06320899724960327,0.2610200047492981,6.133235931396484,63.734344482421875,185.3497314453125,143.14772033691406
2023-08-20,26004.314453125,1662.9014892578125,21.630094528198242,0.5173289775848389,0.06362300366163254,0.26538199186325073,6.129395008087158,64.0736312866211,186.91212463378906,143.5780792236328
2023-08-21,25846.087890625,1651.9598388671875,20.683576583862305,0.5100489854812622,0.061365000903606415,0.26164698600769043,6.087779998779297,64.97805786132812,183.70645141601562,145.1746368408203
2023-08-22,25520.728515625,1596.384033203125,19.7354679107666,0.5063430070877075,0.06107499822974205,0.25230300426483154,5.958381175994873,63.27900314331055,180.67996215820312,143.5437469482422
2023-08-23,25804.998046875,1629.5810546875,20.451467514038086,0.516435980796814,0.06251399964094162,0.2582490146160126,6.10858678817749,64.16802978515625,184.71363830566406,142.58860778808594
2023-08-24,25914.92578125,1641.6270751953125,20.751087188720703,0.5133050084114075,0.06222600117325783,0.2625589966773987,6.016817092895508,64.1384506225586,189.0657196044922,135.8259735107422
2023-08-25,25786.8125,1635.9674072265625,20.153100967407227,0.5087429881095886,0.06189800053834915,0.2597070038318634,5.932309150695801,63.84314727783203,188.98114013671875,137.15989685058594
2023-08-26,25983.87890625,1643.712646484375,20.217575073242188,0.5193060040473938,0.06272300332784653,0.2584550082683563,5.966024875640869,64.96183013916016,189.12867736816406,139.96762084960938
2023-08-27,25965.09765625,1645.90283203125,20.26211166381836,0.5215160250663757,0.06275700032711029,0.2603130042552948,5.9645562171936035,64.90509796142578,190.07078552246094,142.7776641845703
2023-08-28,25880.599609375,1627.44677734375,20.168689727783203,0.512673020362854,0.06221099942922592,0.258774995803833,5.894219875335693,64.2706298828125,188.47210693359375,142.70281982421875
2023-08-29,25912.62890625,1639.576171875,20.12834358215332,0.5137709975242615,0.06254199892282486,0.26056399941444397,5.859785079956055,64.70936584472656,189.10975646972656,143.01583862304688
2023-08-30,27069.20703125,1697.147216796875,20.641664505004883,0.5231519937515259,0.06467500329017639,0.26139700412750244,5.912936210632324,66.81487274169922,212.38287353515625,140.88209533691406
2023-08-31,25752.9296875,1634.8509521484375,19.549762725830078,0.505079984664917,0.06308499723672867,0.2525239884853363,5.798701763153076,63.61683654785156,204.27932739257812,140.9955291748047
2023-09-01,25362.609375,1603.0341796875,19.092510223388672,0.4886009991168976,0.06259500235319138,0.2526789903640747,5.83946418762207,62.191444396972656,198.59942626953125,139.1280975341797
2023-09-02,25753.09375,1627.97607421875,19.188915252685547,0.4953620135784149,0.06296099722385406,0.25427401065826416,5.9076828956604,63.0091438293457,191.97984313964844,139.2657928466797
2023-09-03,25817.03125,1626.0892333984375,19.28093147277832,0.4978390038013458,0.06292799860239029,0.25359299778938293,5.953656196594238,63.73307800292969,192.00108337402344,139.29747009277344
2023-09-04,25657.025390625,1618.523681640625,19.24225616455078,0.49899300932884216,0.062456998974084854,0.25400999188423157,5.963781833648682,63.25442886352539,190.9085235595703,140.7762908935547
2023-09-05,25589.98828125,1610.1412353515625,19.094310760498047,0.5001230239868164,0.06290800124406815,0.25436899065971375,5.927571773529053,62.66367721557617,189.67771911621094,137.67327880859375
2023-09-06,25404.359375,1611.147705078125,19.215927124023438,0.4938110113143921,0.06282500177621841,0.25339800119400024,6.11600399017334,62.05997085571289,190.7523956298828,137.6355438232422
2023-09-07,25608.201171875,1623.220458984375,19.367788314819336,0.4973379969596863,0.0628570020198822,0.25341200828552246,6.211489200592041,62.594913482666016,190.34921264648438,141.16893005371094
2023-09-08,25677.48046875,1617.7965087890625,19.421865463256836,0.49702900648117065,0.06267999857664108,0.2530269920825958,6.18887996673584,61.98211669921875,191.2184295654297,140.928955078125
2023-09-09,25810.494140625,1629.660888671875,19.40461540222168,0.5020279884338379,0.06332799792289734,0.253371000289917,6.166738986968994,62.54669189453125,191.2529754638672,142.32423400878906
2023-09-10,25640.26171875,1604.04052734375,17.87034034729004,0.4954189956188202,0.06084499880671501,0.24546100199222565,5.984661102294922,60.51252365112305,187.24574279785156,141.8271942138672
2023-09-11,24930.296875,1533.4267578125,17.461477279663086,0.4670790135860443,0.05948600172996521,0.23762600123882294,5.760214805603027,58.038230895996094,181.37893676757812,138.17822265625
2023-09-12,25133.078125,1549.4937744140625,17.606657028198242,0.4707520008087158,0.060447998344898224,0.24110199511051178,5.8164567947387695,58.69303894042969,183.91372680664062,139.28623962402344
2023-09-13,25781.123046875,1582.217529296875,17.739513397216797,0.47493401169776917,0.06064099818468094,0.24392400681972504,5.938476085662842,59.74307632446289,196.74948120117188,140.5533447265625
2023-09-14,26171.451171875,1607.7353515625,18.403322219848633,0.48065099120140076,0.061156000941991806,0.24692800641059875,6.0179948806762695,62.00201416015625,199.26585388183594,142.30824279785156
2023-09-15,26240.701171875,1613.2486572265625,18.590330123901367,0.48897698521614075,0.061514999717473984,0.2457049936056137,6.113072872161865,62.675567626953125,206.8768310546875,146.35813903808594
2023-09-16,26473.890625,1632.577880859375,18.917415618896484,0.49884501099586487,0.06193000078201294,0.248867005109787,6.2027130126953125,64.53209686279297,213.53292846679688,144.27645874023438
2023-09-17,26445.07421875,1616.779296875,18.712940216064453,0.49202200770378113,0.06128599867224693,0.24580000340938568,6.092554092407227,63.25345993041992,206.61595153808594,143.4450225830078
2023-09-18,26415.515625,1609.9573974609375,18.65157127380371,0.4895470142364502,0.06114400178194046,0.24512100219726562,6.122247219085693,63.222713470458984,208.8319854736328,145.05169677734375
2023-09-19,26681.60546875,1628.4132080078125,19.614437103271484,0.5018370151519775,0.06197400018572807,0.251228004693985,6.542952060699463,65.7770004272461,215.48519897460938,145.7222137451172
2023-09-20,26864.08203125,1610.4207763671875,19.85378074645996,0.5103909969329834,0.06196499988436699,0.25099900364875793,6.765099048614502,63.9884033203125,212.28439331054688,145.991943359375
2023-09-21,26389.30078125,1573.3057861328125,19.37391471862793,0.5020229816436768,0.06128200143575668,0.24544000625610352,6.633869171142578,63.124759674072266,206.5900115966797,145.1923065185547
2023-09-22,26495.533203125,1579.101318359375,19.221296310424805,0.5056089758872986,0.06105399876832962,0.2432360053062439,6.634861946105957,64.17753601074219,205.77757263183594,144.66482543945312
2023-09-23,26520.51953125,1588.3289794921875,19.313749313354492,0.5068860054016113,0.06137799844145775,0.24399599432945251,6.9379777908325195,64.33490753173828,207.0419464111328,141.68739318847656
2023-09-24,26221.05078125,1576.7833251953125,19.30803680419922,0.5014330148696899,0.06070199981331825,0.24256500601768494,6.981841087341309,63.540279388427734,204.58905029296875,141.7050323486328
2023-09-25,26011.46875,1565.0255126953125,19.217248916625977,0.4925830066204071,0.060545001178979874,0.24218200147151947,6.953980922698975,63.113136291503906,203.34912109375,143.15957641601562
2023-09-26,26090.712890625,1580.16552734375,18.941389083862305,0.4988040030002594,0.05990700051188469,0.24395400285720825,7.263105869293213,63.39755630493164,209.98638916015625,143.2440948486328
2023-09-27,26111.46484375,1585.368896484375,18.774215698242188,0.4973739981651306,0.06027499958872795,0.24310700595378876,7.286083221435547,63.28005599975586,213.76588439941406,144.24069213867188
2023-09-28,26327.322265625,1597.294677734375,19.110307693481445,0.495606005191803,0.060405999422073364,0.24349699914455414,7.587073802947998,63.21833801269531,228.34141540527344,145.43589782714844
2023-09-29,26721.763671875,1648.656494140625,19.875160217285156,0.5068169832229614,0.06138499826192856,0.2479739934206009,7.693887233734131,64.97479248046875,230.41085815429688,144.93765258789062
2023-09-30,26888.96875,1666.5638427734375,20.124679565429688,0.5152069926261902,0.061799000948667526,0.24932199716567993,7.951024055480957,65.42050170898438,232.4773712158203,145.31309509277344
2023-10-01,26965.09375,1670.0821533203125,21.170072555541992,0.51494300365448,0.06189600005745888,0.25401899218559265,7.80671501159668,65.90534973144531,233.74014282226562,145.85206604003906
2023-10-02,27347.787109375,1646.07763671875,22.976022720336914,0.5109900236129761,0.061625998467206955,0.25825798511505127,7.4148101806640625,65.4486312866211,241.09402465820312,145.4947052001953
2023-10-03,27216.001953125,1644.4964599609375,23.296710968017578,0.5074650049209595,0.06122799962759018,0.25808998942375183,7.391942977905273,65.3681869506836,228.78375244140625,145.16590881347656
2023-10-04,27248.10546875,1629.4266357421875,22.692842483520508,0.5232620239257812,0.060458000749349594,0.2545740008354187,7.27867317199707,63.72556686401367,226.2657012939453,145.94078063964844
2023-10-05,27375.6015625,1609.8499755859375,22.628948211669922,0.5188279747962952,0.06083900108933449,0.2570439875125885,7.474690914154053,64.09691619873047,226.46749877929688,148.56549072265625
2023-10-06,27215.552734375,1611.36572265625,22.692167282104492,0.5184940099716187,0.06082100048661232,0.2601509988307953,7.47031307220459,64.5665283203125,227.13223266601562,148.6416473388672
2023-10-07,27870.423828125,1631.158203125,23.117116928100586,0.5208330154418945,0.061129000037908554,0.2572140097618103,7.494783878326416,65.10038757324219,229.1745147705078,151.10098266601562
2023-10-08,27740.662109375,1618.189208984375,23.14427947998047,0.5172640085220337,0.06087600067257881,0.2559469938278198,7.521255016326904,65.10354614257812,227.44378662109375,153.76333618164062
2023-10-09,27302.5625,1553.0069580078125,21.814489364624023,0.49529099464416504,0.0582600012421608,0.2494249939918518,7.217802047729492,62.147029876708984,213.69276428222656,151.9088134765625
2023-10-10,27301.654296875,1553.03173828125,21.738727569580078,0.4932970106601715,0.05860799923539162,0.24750100076198578,7.198162078857422,62.681705474853516,210.9920196533203,152.09710693359375
2023-10-11,26561.099609375,1548.98046875,21.679807662963867,0.48085999488830566,0.057812999933958054,0.24540500342845917,7.172318935394287,61.26277160644531,209.36643981933594,150.97042846679688
2023-10-12,26558.3203125,1523.237548828125,21.068971633911133,0.4756369888782501,0.05746600031852722,0.24317599833011627,7.1297688484191895,60.75468063354492,210.40618896484375,151.02134704589844
2023-10-13,26686.322265625,1537.921142578125,21.132036209106445,0.4793410003185272,0.05782400071620941,0.24518699944019318,7.133205890655518,61.11253356933594,212.16441345214844,151.05197143554688
2023-10-14,26814.5859375,1545.73876953125,21.82191276550293,0.48397400975227356,0.058400001376867294,0.24524900317192078,7.2261128425598145,61.470035552978516,214.597412109375,151.85096740722656
2023-10-15,26817.89453125,1550.5545654296875,21.711383819580078,0.4856649935245514,0.05912499874830246,0.24578599631786346,7.301857948303223,61.447322845458984,213.1031494140625,152.17312622070312
2023-10-16,27130.47265625,1555.9896240234375,21.92258644104004,0.48615700006484985,0.05935100093483925,0.24734599888324738,7.422501087188721,61.64601516723633,215.16754150390625,151.15541076660156
2023-10-17,28110.185546875,1554.4029541015625,23.644390106201172,0.48860499262809753,0.05880099907517433,0.24661299586296082,7.299335956573486,61.688175201416016,225.17433166503906,149.5714111328125
2023-10-18,28174.251953125,1556.736328125,23.4240779876709,0.48742198944091797,0.058361999690532684,0.24306200444698334,7.299077033996582,60.191654205322266,225.44956970214844,149.80072021484375
2023-10-19,28177.98828125,1543.5850830078125,23.256446838378906,0.4786680042743683,0.05801299959421158,0.24065600335597992,7.263082027435303,60.10832977294922,225.5632781982422,147.0373992919922
2023-10-20,28601.669921875,1562.3028564453125,24.774505615234375,0.510004997253418,0.05869999900460243,0.24598099291324615,7.282461166381836,61.65102005004883,226.7420196533203,152.01751708984375
2023-10-21,29481.751953125,1593.447998046875,26.71261215209961,0.5123289823532104,0.059571001678705215,0.2499839961528778,7.5393757820129395,63.418296813964844,238.50247192382812,154.4032440185547
2023-10-22,29720.3125,1623.9847412109375,28.20864486694336,0.5160009860992432,0.06056300178170204,0.25683099031448364,8.874204635620117,63.82060623168945,237.89869689941406,156.73265075683594
2023-10-23,30097.828125,1663.447998046875,28.9017391204834,0.5218260288238525,0.06176900118589401,0.26248699426651,9.835515975952148,65.24591064453125,241.05210876464844,157.05813598632812
2023-10-24,32880.76171875,1758.6900634765625,29.70209312438965,0.5374550223350525,0.06512399762868881,0.27494800090789795,9.8414945602417,67.78724670410156,248.68112182617188,156.88162231445312
2023-10-25,33709.109375,1762.1470947265625,30.059873580932617,0.5422379970550537,0.06504900008440018,0.2771260142326355,10.363656997680664,67.98658752441406,249.2153778076172,154.74752807617188
2023-10-26,33762.32421875,1764.0130615234375,30.797067642211914,0.5445520281791687,0.06813199818134308,0.28059399127960205,10.44686508178711,67.44944763183594,242.3446807861328,156.94290161132812
2023-10-27,33416.88671875,1751.4400634765625,31.52513885498047,0.5394780039787292,0.06762400269508362,0.28139200806617737,10.663597106933594,66.05765533447266,235.29429626464844,157.06105041503906
2023-10-28,33874.8046875,1773.4366455078125,31.50631332397461,0.5416520237922668,0.06770999729633331,0.28920799493789673,10.879768371582031,67.0185546875,239.2245330810547,159.78115844726562
2023-10-29,33947.56640625,1766.052978515625,31.434202194213867,0.5421860218048096,0.06791000068187714,0.28951001167297363,10.813075065612793,67.2679443359375,243.250244140625,160.2329559326172
2023-10-30,34110.97265625,1779.364501953125,32.39456558227539,0.5505980253219604,0.06827399879693985,0.29275500774383545,10.934321403503418,67.84952545166016,242.50015258789062,164.99859619140625
2023-10-31,34083.30859375,1784.567626953125,34.9084358215332,0.5664929747581482,0.06696999818086624,0.2878290116786957,11.047531127929688,68.31682586669922,238.71536254882812,169.10218811035156
2023-11-01,34170.69140625,1786.4095458984375,37.96105194091797,0.5822619795799255,0.06612899899482727,0.2853190004825592,10.73907470703125,66.79888153076172,237.70703125,169.6456298828125
2023-11-02,34401.57421875,1790.11474609375,38.975345611572266,0.5932300090789795,0.06718599796295166,0.3015879988670349,10.8971586227417,68.05870056152344,233.14871215820312,167.89732360839844
2023-11-03,34133.44140625,1779.635498046875,38.21837615966797,0.5939189791679382,0.06663999706506729,0.3126310110092163,10.637041091918945,67.95130920410156,232.49688720703125,168.92112731933594
2023-11-04,34616.69140625,1825.736572265625,39.168792724609375,0.6101379990577698,0.06805899739265442,0.3219180107116699,11.215262413024902,68.96759796142578,236.42079162597656,165.68211364746094
2023-11-05,34594.2421875,1848.6201171875,40.380126953125,0.6152909994125366,0.06898099929094315,0.32718199491500854,11.401623725891113,70.10407257080078,235.64334106445312,167.8158721923828
2023-11-06,34765.36328125,1871.9730224609375,39.825077056884766,0.660660982131958,0.07062099874019623,0.3399359881877899,12.171920776367188,71.09197235107422,236.3286590576172,164.7274932861328
2023-11-07,34545.81640625,1852.7908935546875,40.319908142089844,0.6576589941978455,0.07189799845218658,0.3351300060749054,12.59795093536377,71.3797607421875,238.6885528564453,162.21759033203125
2023-11-08,35147.80078125,1874.545654296875,42.394229888916016,0.6740289926528931,0.07302699983119965,0.3499220013618469,12.910887718200684,72.61449432373047,242.0862274169922,164.59210205078125
2023-11-09,35592.1015625,1884.204345703125,42.608184814453125,0.6463189721107483,0.07055699825286865,0.3527419865131378,14.068531036376953,70.33726501464844,229.57415771484375,160.13787841796875
2023-11-10,36362.75390625,2068.13427734375,45.21684646606445,0.643110990524292,0.0731550008058548,0.3648169934749603,14.226293563842773,71.39967346191406,236.06268310546875,167.3880615234375
2023-11-11,36773.66796875,2035.0821533203125,54.04486846923828,0.6443160176277161,0.07492200285196304,0.37162700295448303,14.812256813049316,71.41221618652344,234.3375244140625,168.24905395507812
2023-11-12,36779.1171875,2019.028076171875,54.94210433959961,0.6503880023956299,0.07614400237798691,0.37351998686790466,15.599924087524414,72.85487365722656,232.2759552001953,166.91748046875
2023-11-13,36399.60546875,2031.9542236328125,51.90705108642578,0.6451879739761353,0.07417599856853485,0.35590800642967224,14.39018726348877,71.19602966308594,233.67906188964844,163.0098419189453
2023-11-14,34948.5,1939.2803955078125,51.71446228027344,0.6076170206069946,0.0702809989452362,0.3449530005455017,13.557037353515625,68.79059600830078,226.31558227539062,160.0569305419922
2023-11-15,35383.78125,1968.774658203125,56.30898666381836,0.6265640258789062,0.07241900265216827,0.35451000928878784,13.969076156616211,70.62351989746094,230.50985717773438,158.46322631835938
2023-11-16,35545.47265625,1940.57421875,56.81013107299805,0.6074169874191284,0.07604700326919556,0.3620989918708801,13.665895462036133,70.0713882446289,231.9419403076172,157.6798095703125
2023-11-17,35901.234375,1910.4454345703125,54.5516471862793,0.5899869799613953,0.07932300120592117,0.35510700941085815,12.952098846435547,68.40803527832031,222.6617889404297,160.63589477539062
2023-11-18,36233.3125,1921.0623779296875,55.062313079833984,0.5933169722557068,0.07982899993658066,0.35102200508117676,13.040725708007812,67.9962387084961,222.41470336914062,159.5089111328125
2023-11-19,36414.59765625,1944.90087890625,56.88264846801758,0.6030430197715759,0.07798399776220322,0.3702619969844818,13.429086685180664,68.82186126708984,225.14996337890625,159.7030487060547
2023-11-20,36882.53125,1996.0443115234375,56.353431701660156,0.6122310161590576,0.07781600207090378,0.37910598516464233,14.426511764526367,69.20074462890625,226.01124572753906,162.170654296875
2023-11-21,35813.8125,1937.0667724609375,51.55591583251953,0.5792890191078186,0.07149200141429901,0.3573000133037567,13.424551010131836,65.86429595947266,214.95733642578125,158.56297302246094
2023-11-22,35670.97265625,1933.1629638671875,51.73749542236328,0.5794370174407959,0.07188399881124496,0.35742899775505066,13.406854629516602,66.27107238769531,216.43357849121094,158.72032165527344
2023-11-23,36923.86328125,2041.4642333984375,56.28756332397461,0.6073259711265564,0.07516200095415115,0.3780370056629181,14.172412872314453,68.62484741210938,222.4351806640625,163.14271545410156
2023-11-24,37261.60546875,2060.9990234375,56.349090576171875,0.6175259947776794,0.07614900171756744,0.3849950134754181,14.28989315032959,69.50718688964844,224.9115447998047,165.9278564453125
2023-11-25,37617.41796875,2067.917236328125,56.325279235839844,0.6169270277023315,0.07776299864053726,0.3857020139694214,14.44787311553955,70.6522445678711,226.04714965820312,169.8665008544922
2023-11-26,37162.75,2038.6004638671875,56.51145553588867,0.6124240159988403,0.0763460025191307,0.381164014339447,14.563508987426758,69.42903137207031,223.9496612548828,168.22705078125
2023-11-27,36750.12890625,1988.120361328125,53.71446990966797,0.5967379808425903,0.07708899676799774,0.3720340132713318,13.937414169311523,68.28045654296875,220.5201416015625,165.1465606689453
2023-11-28,36891.08984375,1996.814697265625,54.085323333740234,0.5975340008735657,0.07703699916601181,0.3704890012741089,13.832695960998535,68.1114273071289,220.21029663085938,164.2759246826172
2023-11-29,37612.6328125,2020.756591796875,57.8550910949707,0.6051130294799805,0.07978600263595581,0.3785479962825775,14.450840950012207,69.29904174804688,221.6746826171875,165.1117706298828
2023-11-30,37531.140625,2022.4617919921875,58.946922302246094,0.5998160243034363,0.08053699880838394,0.3727020025253296,14.309826850891113,69.18724060058594,220.77362060546875,165.93104553222656
2023-12-01,37629.359375,2046.5570068359375,58.7782096862793,0.6043859720230103,0.08250399678945541,0.37448298931121826,14.309394836425781,69.28773498535156,221.11184692382812,169.28289794921875
2023-12-02,38652.59375,2087.407958984375,59.77376174926758,0.6117460131645203,0.08354800194501877,0.38341501355171204,14.940643310546875,71.4587173461914,225.04412841796875,170.6671905517578
2023-12-03,39298.1640625,2151.720947265625,62.416622161865234,0.6180999875068665,0.08388999849557877,0.38856399059295654,15.74077320098877,71.45440673828125,225.68099975585938,170.71310424804688
2023-12-04,39978.62890625,2193.00732421875,60.280521392822266,0.6079999804496765,0.08543100208044052,0.39486101269721985,15.466705322265625,72.11064910888672,229.3080596923828,167.0401611328125
2023-12-05,41421.1484375,2191.17626953125,59.25082778930664,0.6093699932098389,0.08771999925374985,0.3979789912700653,15.222803115844727,71.49230194091797,238.8988037109375,167.94154357910156
2023-12-06,43478.08203125,2225.0810546875,60.97986602783203,0.6156839728355408,0.09377399832010269,0.4186449944972992,15.29030704498291,72.41529083251953,244.0297393798828,170.46067810058594
2023-12-07,42880.6484375,2225.050537109375,61.873008728027344,0.6261299848556519,0.09330800175666809,0.4344649910926819,14.827383041381836,72.2862777709961,240.57713317871094,170.3445587158203
2023-12-08,43125.296875,2340.92041015625,67.84123229980469,0.6400399804115295,0.09582500159740448,0.45356398820877075,15.595531463623047,73.56470489501953,246.34347534179688,172.34829711914062
2023-12-09,43627.59765625,2331.666015625,72.03968811035156,0.6578440070152283,0.09804099798202515,0.5458629727363586,16.160245895385742,76.23912048339844,251.6645965576172,174.08778381347656
2023-12-10,43593.28515625,2323.40576171875,70.91922760009766,0.649806022644043,0.09715200215578079,0.5721629858016968,15.888251304626465,76.28400421142578,246.04786682128906,174.9061737060547
2023-12-11,40234.578125,2160.358154296875,67.21549224853516,0.6050969958305359,0.09181500226259232,0.5246139764785767,14.312495231628418,71.65664672851562,225.91896057128906,164.73919677734375
2023-12-12,40667.5625,2166.77001953125,65.968994140625,0.6082540154457092,0.09154199808835983,0.5510039925575256,14.226643562316895,71.1378173828125,227.2894744873047,168.35794067382812
2023-12-13,40676.8671875,2150.75439453125,64.3697738647461,0.5987930297851562,0.0906049981713295,0.5486599802970886,13.975855827331543,70.67697143554688,224.91677856445312,167.4455108642578
2023-12-14,41767.08984375,2239.3662109375,69.8573226928711,0.617451012134552,0.09497500211000443,0.6248270273208618,14.668207168579102,71.90701293945312,230.67572021484375,166.61514282226562
2023-12-15,41692.96875,2214.26318359375,72.36663818359375,0.6150820255279541,0.0929730013012886,0.6013709902763367,14.327272415161133,70.93561553955078,226.7332000732422,167.8994598388672
2023-12-16,41723.11328125,2213.55078125,71.56934356689453,0.6120110154151917,0.09228499978780746,0.590632975101471,14.198896408081055,70.84329986572266,225.97218322753906,167.41226196289062
2023-12-17,41274.54296875,2195.76171875,70.82445526123047,0.6096349954605103,0.09277500212192535,0.5782979726791382,13.949809074401855,70.99337768554688,225.38497924804688,167.28553771972656
2023-12-18,40530.2578125,2120.12744140625,67.33440399169922,0.5833830237388611,0.08718699961900711,0.5467020273208618,13.704800605773926,68.37655639648438,218.4354705810547,166.5563507080078
2023-12-19,41826.3359375,2139.723388671875,72.01061248779297,0.5981580018997192,0.08960700035095215,0.5682029724121094,13.983527183532715,69.88497924804688,223.2703094482422,168.09397888183594
2023-12-20,42223.81640625,2161.21875,72.989990234375,0.6023849844932556,0.08974400162696838,0.5708919763565063,14.026620864868164,69.58870697021484,224.29859924316406,170.80172729492188
2023-12-21,43330.05078125,2184.856689453125,81.23770904541016,0.6116210222244263,0.09083200246095657,0.5831930041313171,14.20758056640625,69.08536529541016,228.88961791992188,172.51234436035156
2023-12-22,43441.96875,2233.53271484375,90.79840087890625,0.6168360114097595,0.09233099967241287,0.6092740297317505,15.128263473510742,70.57711029052734,232.18165588378906,171.2808380126953
2023-12-23,43351.35546875,2270.428955078125,93.10676574707031,0.6129999756813049,0.09242700040340424,0.5996930003166199,14.965622901916504,71.65083312988281,230.74705505371094,174.93568420410156
2023-12-24,42786.91796875,2249.984375,107.72513580322266,0.6085600256919861,0.09134799987077713,0.5920959711074829,15.255575180053711,70.57626342773438,227.3707275390625,171.1844024658203
2023-12-25,42765.76953125,2254.574462890625,108.90338134765625,0.6102579832077026,0.09154000133275986,0.5918130278587341,15.181657791137695,70.8271484375,228.53082275390625,170.7621307373047
2023-12-26,41676.48828125,2180.225341796875,104.72821807861328,0.6083869934082031,0.0891219973564148,0.5808929800987244,14.599259376525879,71.27910614013672,223.28289794921875,171.1868438720703
2023-12-27,42167.58203125,2215.140380859375,105.42523193359375,0.6142190098762512,0.0899209976196289,0.5869259834289551,14.708950996398926,72.36943817138672,227.21902465820312,172.83999633789062
2023-12-28,42318.55078125,2338.703857421875,97.66864776611328,0.6275569796562195,0.09137699753046036,0.6119710206985474,16.040952682495117,74.72697448730469,258.1340026855469,173.25453186035156
2023-12-29,41424.0625,2262.975830078125,100.05551147460938,0.6151900291442871,0.08966699987649918,0.5959479808807373,15.256011962890625,73.29108428955078,251.2141876220703,163.14407348632812
2023-12-30,41556.2265625,2270.011962890625,101.06812286376953,0.6171950101852417,0.08959300071001053,0.5951859951019287,15.080486297607422,72.64119720458984,254.39495849609375,162.79727172851562
2023-12-31,41998.25390625,2261.394287109375,99.88642883300781,0.6112080216407776,0.08897099643945694,0.588333010673523,14.901456832885742,72.44013214111328,256.4693908691406,163.95220947265625
2024-01-01,42214.9765625,2267.01806640625,101.51280975341797,0.6096360087394714,0.08883800357580185,0.5927389860153198,14.874287605285645,72.2520980834961,256.3830871582031,163.5645751953125
2024-01-02,44176.94921875,2348.892333984375,106.38898468017578,0.6231819987297058,0.09080400317907333,0.6035680174827576,15.118124008178711,72.70101928710938,255.38931274414062,167.53367614746094
2024-01-03,40813.53515625,2113.92529296875,92.92366790771484,0.5387660264968872,0.08101800084114075,0.5251389741897583,13.309148788452148,63.047882080078125,224.33746337890625,154.39825439453125
2024-01-04,42675.17578125,2204.86572265625,97.10832977294922,0.5729550123214722,0.08155100047588348,0.5528519749641418,14.032012939453125,64.81940460205078,233.66624450683594,151.1721649169922
2024-01-05,42784.71875,2209.537109375,95.9427261352539,0.5584440231323242,0.08123499900102615,0.5266720056533813,13.85768985748291,64.61968994140625,231.33975219726562,154.7163848876953
2024-01-06,43475.15625,2219.781982421875,92.02278900146484,0.5593860149383545,0.07885400205850601,0.509535014629364,13.267943382263184,63.635894775390625,232.0385284423828,150.89236450195312
2024-01-07,43662.23046875,2211.5625,88.22345733642578,0.5484769940376282,0.07763499766588211,0.49030598998069763,13.05752182006836,63.96206283569336,230.74322509765625,145.55857849121094
2024-01-08,43244.08203125,2171.99365234375,85.64669799804688,0.5506749749183655,0.074972003698349,0.46818599104881287,12.648887634277344,61.70838928222656,223.16659545898438,144.0312957763672
2024-01-09,45244.71484375,2243.21923828125,95.89379119873047,0.5571969747543335,0.07723300158977509,0.4989979863166809,13.395683288574219,64.8712158203125,240.5681915283203,142.914794921875
2024-01-10,44483.15234375,2341.943115234375,92.56326293945312,0.5521169900894165,0.07668299973011017,0.4943560063838959,13.595141410827637,65.40641021728516,235.00277709960938,143.78433227539062
2024-01-11,45678.64453125,2567.99365234375,98.4124984741211,0.5878440141677856,0.08238299936056137,0.5625190138816833,14.633432388305664,69.73507690429688,251.28079223632812,148.47927856445312
2024-01-12,41903.76953125,2460.925537109375,88.30984497070312,0.5614129900932312,0.07824700325727463,0.5361049771308899,13.765815734863281,70.68125915527344,253.0500946044922,149.56179809570312
2024-01-13,42464.14453125,2498.594482421875,89.7544937133789,0.5652269721031189,0.07890599966049194,0.5370950102806091,13.853371620178223,71.10447692871094,252.0791015625,148.6433563232422
2024-01-14,41724.61328125,2470.42431640625,93.89056396484375,0.5723379850387573,0.07985100150108337,0.5259810090065002,14.301936149597168,69.6949691772461,245.66285705566406,153.15908813476562
2024-01-15,41705.41796875,2470.82080078125,93.2411117553711,0.5695819854736328,0.07996899634599686,0.5248690247535706,14.77641773223877,69.05143737792969,245.7116241455078,153.29769897460938
2024-01-16,42085.99609375,2500.00390625,94.39668273925781,0.5676479935646057,0.07998999953269958,0.5275110006332397,14.789871215820312,68.60191345214844,249.27171325683594,153.917236328125
2024-01-17,42189.30859375,2508.432861328125,97.05516052246094,0.5632920265197754,0.07955600321292877,0.5238000154495239,15.261645317077637,68.59004974365234,241.49325561523438,155.72222900390625
2024-01-18,40631.171875,2426.135498046875,92.14057922363281,0.5461289882659912,0.07739900052547455,0.4974589943885803,14.2490234375,66.6109619140625,233.84591674804688,151.81443786621094
2024-01-19,40297.45703125,2414.7109375,87.48365783691406,0.5239369869232178,0.07515200227499008,0.47427400946617126,14.486666679382324,67.12335205078125,227.33447265625,150.15118408203125
2024-01-20,41446.82421875,2456.095703125,90.4937515258789,0.5393379926681519,0.07823599874973297,0.4996330142021179,15.686576843261719,70.60953521728516,235.080078125,155.87803649902344
2024-01-21,41497.0078125,2452.377685546875,90.84843444824219,0.546110987663269,0.08484300225973129,0.5031049847602844,15.391012191772461,70.5462646484375,236.9126434326172,155.18374633789062
2024-01-22,39450.1171875,2303.502685546875,82.6597671508789,0.5219169855117798,0.08019500225782394,0.47804999351501465,14.520672798156738,66.91217041015625,231.201904296875,149.73202514648438
2024-01-23,38521.89453125,2167.282470703125,79.06669616699219,0.4975450038909912,0.07609099894762039,0.4496990144252777,13.594902992248535,63.26130294799805,219.3202362060547,146.60333251953125
2024-01-24,39508.796875,2197.65673828125,83.41868591308594,0.5111770033836365,0.07774999737739563,0.4647819995880127,13.927311897277832,64.9065170288086,228.56419372558594,148.89866638183594
2024-01-25,39545.6640625,2173.6865234375,85.273681640625,0.5043699741363525,0.0771929994225502,0.45986300706863403,13.533995628356934,64.6639633178711,234.7041473388672,151.99546813964844
2024-01-26,39825.69140625,2196.14013671875,86.14839172363281,0.5089550018310547,0.07759500294923782,0.46395599842071533,13.648445129394531,65.23934936523438,234.67466735839844,156.0321807861328
2024-01-27,41431.28125,2252.38525390625,90.84476470947266,0.5270799994468689,0.07907100021839142,0.4769209921360016,14.103151321411133,66.42139434814453,239.53289794921875,157.54441833496094
2024-01-28,41696.91015625,2242.683837890625,93.538330078125,0.5218300223350525,0.07829199731349945,0.485152006149292,14.234009742736816,67.40785217285156,235.48629760742188,158.9387969970703
2024-01-29,41818.33203125,2237.711669921875,95.17613220214844,0.5206350088119507,0.07822299748659134,0.48556798696517944,14.299774169921875,66.92247009277344,234.6900634765625,159.91171264648438
2024-01-30,42711.37109375,2298.281982421875,101.10939025878906,0.5086380243301392,0.0795930027961731,0.5141580104827881,14.913154602050781,67.29065704345703,236.86705017089844,159.91856384277344
2024-01-31,42298.9453125,2264.443603515625,96.10359191894531,0.4945420026779175,0.07821399718523026,0.495400995016098,15.107112884521484,66.2651596069336,232.9396209716797,158.4705810546875
2024-02-01,41879.19140625,2243.57177734375,93.37918853759766,0.4903469979763031,0.07768400013446808,0.48714300990104675,15.167569160461426,65.80314636230469,230.66517639160156,163.7601776123047
2024-02-02,42584.3359375,2282.230224609375,97.57415771484375,0.49917298555374146,0.0786219984292984,0.5047330260276794,17.183263778686523,67.41259002685547,234.57894897460938,165.5562744140625
2024-02-03,42890.80859375,2293.5380859375,96.81257629394531,0.5060309767723083,0.07861600071191788,0.5127080082893372,17.535743713378906,67.91503143310547,236.17739868164062,162.48204040527344
2024-02-04,42374.83203125,2272.304931640625,95.26637268066406,0.5021029710769653,0.07808399945497513,0.49425598978996277,17.56816864013672,66.68217468261719,233.81629943847656,164.9827117919922
2024-02-05,42264.81640625,2270.06787109375,94.29252624511719,0.49823299050331116,0.077504001557827,0.48848098516464233,17.853174209594727,66.71401977539062,234.306396484375,163.52748107910156
2024-02-06,42529.01953125,2296.78857421875,93.2807388305664,0.49891000986099243,0.07776299864053726,0.49008500576019287,18.29292869567871,67.555908203125,234.52691650390625,101.13884735107422
2024-02-07,42775.95703125,2353.7060546875,94.72022247314453,0.499442994594574,0.07821100205183029,0.47504499554634094,18.1020565032959,67.75403594970703,234.689453125,104.14202880859375
2024-02-08,44332.125,2414.74951171875,100.55369567871094,0.5102840065956116,0.07962600141763687,0.5017949938774109,18.06330108642578,68.45651245117188,240.4169464111328,118.22772979736328
2024-02-09,45260.82421875,2419.36279296875,102.79017639160156,0.5142019987106323,0.07987000048160553,0.528348982334137,18.08283042907715,70.35433197021484,244.50473022460938,120.03115844726562
2024-02-10,46905.3203125,2475.857666015625,106.93366241455078,0.5194500088691711,0.0804620012640953,0.5301690101623535,18.04984474182129,70.10237121582031,243.70611572265625,115.560546875
2024-02-11,47617.40625,2495.21435546875,107.35765075683594,0.5220909714698792,0.08099199831485748,0.5369129776954651,18.88140869140625,70.68895721435547,246.9868927001953,117.27912139892578
2024-02-12,47745.76171875,2473.81201171875,103.60929107666016,0.5148929953575134,0.07956799864768982,0.5319479703903198,19.815120697021484,70.45436096191406,267.4097595214844,118.19176483154297
2024-02-13,48406.49609375,2599.16943359375,108.49378204345703,0.5163130164146423,0.08006200194358826,0.5355449914932251,19.606748580932617,68.28054809570312,268.0388488769531,122.37191009521484
2024-02-14,49296.83203125,2621.025390625,110.87847137451172,0.5209739804267883,0.08056899905204773,0.5409680008888245,19.745403289794922,68.56498718261719,265.7129821777344,126.61127471923828
2024-02-15,51371.62890625,2764.010498046875,111.77587890625,0.5383960008621216,0.08416599780321121,0.5734739899635315,19.707740783691406,69.24420928955078,267.2340393066406,124.77429962158203
2024-02-16,51641.3671875,2760.3310546875,108.34872436523438,0.5552350282669067,0.08439300209283829,0.5859950184822083,19.276447296142578,69.24288940429688,265.8943786621094,120.44108581542969
2024-02-17,50669.66796875,2724.386962890625,106.1252212524414,0.5411139726638794,0.08220499753952026,0.5710020065307617,19.303455352783203,68.4150619506836,260.258056640625,118.63876342773438
2024-02-18,51233.70703125,2767.9130859375,107.60671997070312,0.5479859709739685,0.08301699906587601,0.6086390018463135,19.806690216064453,69.88116455078125,265.5129699707031,118.88804626464844
2024-02-19,51711.8203125,2860.263671875,111.08141326904297,0.5550829768180847,0.08512099832296371,0.617451012134552,19.698467254638672,70.58426666259766,267.5062255859375,109.6147689819336
2024-02-20,50792.3125,2879.9033203125,104.89022827148438,0.5465720295906067,0.08356799930334091,0.6004310250282288,18.706750869750977,68.31145477294922,258.3062744140625,112.26817321777344
2024-02-21,50671.7578125,2875.41845703125,100.41201782226562,0.5344229936599731,0.08217299729585648,0.5773760080337524,18.048803329467773,67.50300598144531,255.97207641601562,116.75477600097656
2024-02-22,50926.29296875,2907.109375,101.64240264892578,0.5378000140190125,0.0831649973988533,0.5822240114212036,18.090539932250977,67.98335266113281,259.5995178222656,121.2607421875
2024-02-23,50561.77734375,2906.583740234375,98.9583511352539,0.5267099738121033,0.08303599804639816,0.570497989654541,17.66600227355957,67.72360229492188,259.6177978515625,120.89990234375
2024-02-24,50585.4453125,2907.70068359375,98.585205078125,0.5319110155105591,0.08395499736070633,0.5711889863014221,17.7943115234375,68.71939086914062,263.3573303222656,122.09519958496094
2024-02-25,51306.171875,2984.39306640625,102.17102813720703,0.5423460006713867,0.08546099811792374,0.5814059972763062,18.390518188476562,69.80223846435547,265.8407287597656,123.05601501464844
2024-02-26,50931.03125,3037.95458984375,100.4552001953125,0.5292329788208008,0.08429200202226639,0.5752559900283813,18.174182891845703,69.228515625,262.6242980957031,128.42227172851562
2024-02-27,54484.19921875,3167.83056640625,105.89693450927734,0.5481699705123901,0.08863700181245804,0.6112080216407776,18.77648162841797,71.94554138183594,274.80078125,129.59671020507812
2024-02-28,56738.42578125,3201.575927734375,107.46087646484375,0.5436879992485046,0.09460700303316116,0.603052020072937,18.48804473876953,71.7627182006836,284.6575012207031,130.00927734375
2024-02-29,60498.73046875,3303.9052734375,117.66751861572266,0.5691540241241455,0.11181599646806717,0.6257200241088867,18.855533599853516,74.12446594238281,292.13299560546875,133.2176513671875
2024-03-01,60802.52734375,3341.85107421875,125.63670349121094,0.5840060114860535,0.11716700345277786,0.6545929908752441,19.284038543701172,79.91729736328125,297.406494140625,136.4213104248047
2024-03-02,61657.2890625,3398.89892578125,127.6808853149414,0.6007769703865051,0.13692699372768402,0.7188779711723328,20.02598762512207,84.58365631103516,316.1112365722656,140.14483642578125
2024-03-03,61435.0234375,3372.214111328125,125.76932525634766,0.6024699807167053,0.12984000146389008,0.7019559741020203,20.0821590423584,87.49765014648438,459.2616271972656,143.78895568847656
2024-03-04,62386.51953125,3446.017578125,127.79814147949219,0.6216049790382385,0.14878100156784058,0.7259200215339661,19.916492462158203,87.78443908691406,438.16302490234375,143.59201049804688
2024-03-05,59323.91015625,3224.119384765625,109.53875732421875,0.5502349734306335,0.1301030069589615,0.5958080291748047,17.208717346191406,74.43440246582031,371.2442321777344,134.51046752929688
2024-03-06,62848.671875,3502.802490234375,120.31733703613281,0.5764439702033997,0.14696699380874634,0.6679329872131348,18.427453994750977,79.98624420166016,385.10540771484375,138.6387481689453
2024-03-07,65655.53125,3738.685302734375,130.70175170898438,0.6083700060844421,0.14708200097084045,0.7213649749755859,19.64303970336914,83.59175109863281,398.8231201171875,138.27490234375
2024-03-08,66230.453125,3828.36328125,142.53614807128906,0.6048439741134644,0.15549400448799133,0.7041710019111633,19.321224212646484,84.9583969116211,420.2042541503906,143.21566772460938
2024-03-09,68053.125,3880.658935546875,144.29037475585938,0.6187340021133423,0.1643189936876297,0.7233999967575073,19.71990394592285,87.22425079345703,427.3447570800781,143.748291015625
2024-03-10,68239.9765625,3800.564453125,140.83999633789062,0.5985360145568848,0.16595199704170227,0.7053009867668152,19.520349502563477,85.6823501586914,414.0293884277344,142.3996124267578
2024-03-11,67194.8828125,3745.125244140625,137.6329803466797,0.5932829976081848,0.16256700456142426,0.6959819793701172,20.967533111572266,84.83401489257812,408.08563232421875,142.6209716796875
2024-03-12,68728.8515625,3831.889892578125,142.87014770507812,0.6659489870071411,0.16010400652885437,0.7166979908943176,19.74997901916504,93.2957992553711,413.2445983886719,142.8503875732422
2024-03-13,71334.09375,3936.627197265625,148.94561767578125,0.6727020144462585,0.16579200327396393,0.7387189865112305,20.26191520690918,94.63167572021484,424.7401428222656,144.4173583984375
2024-03-14,68563.0234375,3721.78857421875,160.23355102539062,0.6438180208206177,0.1656239926815033,0.7193260192871094,20.01376724243164,90.35404205322266,420.2702331542969,140.719482421875
2024-03-15,65630.6953125,3571.774658203125,165.4127197265625,0.6025879979133606,0.15408200025558472,0.6788529753684998,18.68145179748535,84.35176849365234,388.78466796875,138.77484130859375
2024-03-16,64801.39453125,3468.079345703125,177.46127319335938,0.5947350263595581,0.1384190022945404,0.6547409892082214,17.858531951904297,82.46944427490234,382.5898742675781,135.0897216796875
2024-03-17,64545.31640625,3414.17236328125,179.22560119628906,0.5895980000495911,0.13773199915885925,0.6337869763374329,17.463088989257812,81.1246566772461,370.97723388671875,136.6092529296875
2024-03-18,66594.2265625,3456.09130859375,194.8494110107422,0.5957580208778381,0.1401969939470291,0.6453189849853516,18.07137107849121,80.94900512695312,384.40447998046875,136.63185119628906
2024-03-19,61536.1796875,3149.286865234375,166.17674255371094,0.57294100522995,0.12563000619411469,0.5807110071182251,16.539562225341797,77.2979507446289,351.5081481933594,128.61297607421875
2024-03-20,60807.78515625,3059.65478515625,163.2962646484375,0.5708739757537842,0.12345299869775772,0.5724959969520569,16.33765983581543,77.28515625,348.9519348144531,129.3133544921875
2024-03-21,64580.91796875,3412.22265625,176.2833251953125,0.599407970905304,0.14718900620937347,0.620028018951416,17.947351455688477,83.85657501220703,404.5779724121094,137.72125244140625
2024-03-22,62355.37109375,3254.96923828125,167.8778533935547,0.6004049777984619,0.14559100568294525,0.6009119749069214,17.362171173095703,80.80746459960938,393.63714599609375,131.27476501464844
2024-03-23,63038.4921875,3273.115478515625,171.0169677734375,0.6057800054550171,0.151855006814003,0.6130160093307495,17.945194244384766,83.15123748779297,421.51361083984375,133.60421752929688
2024-03-24,63825.8515625,3301.27734375,171.67372131347656,0.6149119734764099,0.16171599924564362,0.6255459785461426,17.998680114746094,85.37574768066406,446.2447204589844,138.8507537841797
2024-03-25,66414.8359375,3421.79052734375,181.25234985351562,0.6273390054702759,0.1701660007238388,0.6399009823799133,18.396909713745117,88.71807861328125,474.100830078125,139.9115447998047
2024-03-26,69335.609375,3545.4287109375,186.75282287597656,0.6270260214805603,0.17492400109767914,0.6540799736976624,19.35177230834961,87.78437042236328,469.08404541015625,133.45204162597656
2024-03-27,68381.9296875,3460.3935546875,180.42044067382812,0.608322024345398,0.1798429936170578,0.6327040195465088,19.018234252929688,92.85340118408203,479.4212341308594,134.2122802734375
2024-03-28,68895.5078125,3465.332275390625,180.99761962890625,0.6048370003700256,0.1895730048418045,0.6363760232925415,19.058643341064453,93.5243148803711,528.4859008789062,134.9119415283203
2024-03-29,69076.65625,3475.7255859375,183.6461639404297,0.6104699969291687,0.2088100016117096,0.6380280256271362,18.761672973632812,93.1104965209961,556.4142456054688,129.65646362304688
2024-03-30,69601.0625,3489.902099609375,191.21678161621094,0.6189050078392029,0.19784699380397797,0.6430690288543701,18.8089542388916,101.3065414428711,591.5826416015625,126.79547882080078
2024-03-31,69624.8671875,3507.24267578125,194.0353240966797,0.621213972568512,0.19933399558067322,0.6432440280914307,18.905736923217773,101.55445861816406,590.6242065429688,127.4748764038086
2024-04-01,68110.6953125,3418.6953125,187.4888916015625,0.5972999930381775,0.1981080025434494,0.6077139973640442,17.885051727294922,97.5183334350586,620.2125854492188,120.0383071899414
2024-04-02,64586.59375,3215.985107421875,176.132080078125,0.5804849863052368,0.18046799302101135,0.5756779909133911,17.54703140258789,94.32090759277344,589.8909912109375,117.0282974243164
2024-04-03,64559.8984375,3205.649169921875,177.3955078125,0.5680950284004211,0.17050600051879883,0.5667549967765808,17.419818878173828,96.7464599609375,563.0863037109375,120.2584228515625
2024-04-04,65113.796875,3253.3193359375,180.51229858398438,0.5635700225830078,0.17226199805736542,0.5620200037956238,17.430511474609375,96.45170593261719,592.2933959960938,127.55998229980469
2024-04-05,66011.4765625,3214.244140625,168.23606872558594,0.5703160166740417,0.16803699731826782,0.5620239973068237,16.901479721069336,95.33878326416016,648.8736572265625,125.22046661376953
2024-04-06,67491.71875,3308.9833984375,173.8743133544922,0.5862939953804016,0.1767899990081787,0.5732830166816711,17.293745040893555,97.30354309082031,657.74267578125,126.70378875732422
2024-04-07,68851.6328125,3346.11474609375,177.0657958984375,0.5904719829559326,0.18580299615859985,0.5826889872550964,17.51726722717285,100.43559265136719,675.7245483398438,128.56170654296875
2024-04-08,69064.2421875,3409.51171875,175.58998107910156,0.5891029834747314,0.19588500261306763,0.5803520083427429,17.570819854736328,99.91136932373047,680.1904296875,130.27572631835938
2024-04-09,68212.921875,3455.107666015625,169.36776733398438,0.6024519801139832,0.18636099994182587,0.5913619995117188,17.280458450317383,96.7442626953125,659.240234375,130.1488494873047
2024-04-10,67503.5625,3415.180419921875,163.81312561035156,0.598688006401062,0.1817619949579239,0.5648109912872314,16.989839553833008,94.45733642578125,603.3048706054688,130.3491973876953
2024-04-11,69571.8125,3477.171142578125,170.3934326171875,0.6036580204963684,0.19044199585914612,0.5773509740829468,17.03974723815918,95.04449462890625,601.0624389648438,132.00755310058594
2024-04-12,65254.8359375,3103.43017578125,145.51638793945312,0.5183159708976746,0.16251300275325775,0.4611929953098297,14.031359672546387,80.81292724609375,505.7550964355469,117.22879791259766
2024-04-13,60919.10546875,2862.3935546875,119.83334350585938,0.4336340129375458,0.13219499588012695,0.40907299518585205,11.99967098236084,71.311767578125,446.9825744628906,105.426025390625
2024-04-14,62205.8515625,2914.4228515625,131.28717041015625,0.4668180048465729,0.14448200166225433,0.4382700026035309,12.781405448913574,74.1386489868164,457.45916748046875,113.11260986328125
2024-04-15,62332.0703125,3026.538818359375,134.5725555419922,0.48348599672317505,0.1508840024471283,0.4421370029449463,13.28430461883545,75.9499740600586,493.0061950683594,117.54846954345703
2024-04-16,61716.40234375,2997.754638671875,126.86528015136719,0.4792650043964386,0.1469080001115799,0.44047901034355164,12.858682632446289,75.87028503417969,465.90057373046875,114.28436279296875
2024-04-17,59768.5859375,2918.5537109375,127.5289535522461,0.4747979938983917,0.14483599364757538,0.43091100454330444,12.787416458129883,76.52603149414062,449.13934326171875,116.18614959716797
2024-04-18,60833.48046875,2956.12744140625,128.07675170898438,0.48695099353790283,0.14130699634552002,0.4364219903945923,12.852895736694336,78.88060760498047,454.8056945800781,112.90753936767578
2024-04-19,59651.390625,2868.7958984375,128.86282348632812,0.4690069854259491,0.13964399695396423,0.4257020056247711,12.80741024017334,76.2033920288086,446.0408630371094,110.77342224121094
2024-04-20,63172.40234375,3021.784912109375,140.00570678710938,0.4994780123233795,0.15094199776649475,0.46677500009536743,13.791419982910156,80.44182586669922,471.7188415527344,116.59986877441406
2024-04-21,64277.72265625,3119.552001953125,147.16952514648438,0.5204430222511292,0.1556060016155243,0.49157100915908813,14.594050407409668,82.98918914794922,495.4931335449219,115.95381164550781
2024-04-22,64548.1796875,3131.367431640625,146.99169921875,0.5232830047607422,0.15684300661087036,0.496845006942749,15.046110153198242,84.08796691894531,497.28912353515625,118.62479400634766
2024-04-23,65864.8671875,3154.58984375,153.3231201171875,0.5430060029029846,0.15716899931430817,0.49859899282455444,15.133588790893555,84.1795883178711,502.9811096191406,120.14826965332031
2024-04-24,63589.87109375,3105.982177734375,145.77056884765625,0.522068977355957,0.14952899515628815,0.4706850051879883,14.376786231994629,82.43112182617188,474.4481506347656,118.20956420898438
2024-04-25,62783.6328125,3074.8046875,142.2645721435547,0.5141689777374268,0.14775300025939941,0.4635689854621887,14.379462242126465,82.1574478149414,467.7991943359375,116.9643325805664
2024-04-26,63322.3984375,3103.10400390625,138.90838623046875,0.5161510109901428,0.14706100523471832,0.4622350037097931,14.383587837219238,83.21366882324219,467.8858337402344,119.13799285888672
2024-04-27,62424.71875,3071.340087890625,134.02891540527344,0.5104230046272278,0.14329899847507477,0.4508860111236572,13.892359733581543,83.35037994384766,466.7556457519531,118.05120849609375
2024-04-28,62793.59765625,3249.149169921875,137.23301696777344,0.5094550251960754,0.1463010013103485,0.4599190056324005,13.759086608886719,83.70288848876953,468.8340759277344,121.47737121582031
2024-04-29,61795.45703125,3116.199951171875,133.70916748046875,0.49964699149131775,0.13990500569343567,0.4481160044670105,13.75177001953125,81.94097137451172,448.30169677734375,122.1185302734375
2024-04-30,59120.06640625,2918.228759765625,121.63745880126953,0.4904929995536804,0.12976199388504028,0.4277440011501312,12.831116676330566,77.6153335571289,421.2178039550781,117.59500885009766
2024-05-01,56555.29296875,2815.92333984375,119.38481140136719,0.48020800948143005,0.1203479990363121,0.41950398683547974,12.4508638381958,74.9177474975586,399.7004089355469,116.16317749023438
2024-05-02,56937.203125,2894.329833984375,128.26028442382812,0.5066930055618286,0.12422700226306915,0.4408609867095947,12.950907707214355,78.66080474853516,411.8739013671875,120.0439682006836
2024-05-03,58848.3125,2960.18212890625,136.12342834472656,0.5151939988136292,0.1314219981431961,0.44736701250076294,13.488728523254395,79.45542907714844,426.60162353515625,121.90556335449219
2024-05-04,62599.3515625,3096.267578125,142.56625366210938,0.5280889868736267,0.14610600471496582,0.4633669853210449,14.01676082611084,81.64507293701172,453.066650390625,122.44673156738281
2024-05-05,62955.3046875,3075.586181640625,143.47845458984375,0.5247910022735596,0.15497800707817078,0.45355600118637085,14.133519172668457,80.54306030273438,456.5005798339844,123.1142578125
2024-05-06,62746.23828125,3048.238525390625,145.58432006835938,0.5266100168228149,0.15444500744342804,0.45309901237487793,14.299753189086914,80.23799896240234,463.8734130859375,129.1082000732422
2024-05-07,62285.98046875,3003.013671875,148.0836181640625,0.5229610204696655,0.14973799884319305,0.44181200861930847,14.01162338256836,80.02095031738281,467.4046630859375,126.21971130371094
2024-05-08,60877.12890625,2938.47265625,140.16909790039062,0.5157150030136108,0.14221100509166718,0.4380050003528595,13.718222618103027,79.40979766845703,445.2866516113281,127.06008911132812
2024-05-09,60648.07421875,2951.223876953125,140.78964233398438,0.5099250078201294,0.14315800368785858,0.4484330117702484,13.873662948608398,80.76737976074219,443.47662353515625,128.5758819580078
2024-05-10,60208.78125,2881.000732421875,144.9387969970703,0.4987959861755371,0.14252500236034393,0.4444650113582611,13.511829376220703,79.67955780029297,422.8780517578125,130.81874084472656
2024-05-11,60492.625,2888.083251953125,143.33140563964844,0.5011299848556519,0.1427070051431656,0.4385429918766022,13.296911239624023,80.22377014160156,426.05078125,129.18814086914062
2024-05-12,60632.6015625,2902.201904296875,142.8818359375,0.49744701385498047,0.14001600444316864,0.43525099754333496,13.300753593444824,80.95101165771484,428.526123046875,131.76951599121094
2024-05-13,60769.83984375,2865.134521484375,138.03285217285156,0.48791900277137756,0.1360429972410202,0.42615899443626404,13.093815803527832,79.07095336914062,421.9918212890625,130.86358642578125
2024-05-14,61123.765625,2863.5458984375,141.9068603515625,0.49782800674438477,0.1443610042333603,0.42699798941612244,12.958799362182617,78.6698989868164,426.6369323730469,131.8633270263672
2024-05-15,61330.41015625,2864.7353515625,141.35032653808594,0.49744999408721924,0.1454000025987625,0.4267500042915344,12.852518081665039,78.31710052490234,424.3751220703125,130.69174194335938
2024-05-16,64613.0546875,2925.08740234375,156.7726287841797,0.5131040215492249,0.14906999468803406,0.4495519995689392,13.565376281738281,81.49226379394531,442.7225341796875,130.18487548828125
2024-05-17,65119.31640625,2934.112548828125,159.116455078125,0.5139979720115662,0.1495169997215271,0.4559740126132965,15.50969409942627,82.00047302246094,442.5953369140625,132.6468048095703
2024-05-18,66663.5,3087.704345703125,168.9330596923828,0.5195199847221375,0.15165700018405914,0.47655001282691956,16.074989318847656,83.62666320800781,465.220947265625,134.56329345703125
2024-05-19,65937.1796875,3056.75439453125,166.7326202392578,0.5074570178985596,0.1479569971561432,0.46560001373291016,16.31101417541504,81.86172485351562,473.8381652832031,134.29916381835938
2024-05-20,66086.171875,3050.2978515625,168.0304412841797,0.5074959993362427,0.14809900522232056,0.46221399307250977,16.41546630859375,82.22056579589844,477.38433837890625,134.10719299316406
2024-05-21,69191.125,3628.096435546875,174.71170043945312,0.532230019569397,0.16090500354766846,0.4911060035228729,16.543306350708008,87.07108306884766,510.0365295410156,134.38880920410156
2024-05-22,68977.6953125,3655.0751953125,175.4474639892578,0.5236920118331909,0.1622440069913864,0.4760960042476654,16.216976165771484,85.04737091064453,496.4347229003906,135.4797821044922
2024-05-23,66356.953125,3552.642578125,167.4036865234375,0.5093910098075867,0.15340299904346466,0.4485819935798645,15.579686164855957,81.87350463867188,474.5372009277344,137.12359619140625
2024-05-24,66622.671875,3631.990234375,162.8658905029297,0.5178719758987427,0.15616099536418915,0.4555329978466034,16.572744369506836,84.14339447021484,480.94189453125,138.2765655517578
2024-05-25,68515.8203125,3710.5283203125,166.11300659179688,0.5335080027580261,0.1629589945077896,0.4581339955329895,16.94019317626953,84.51619720458984,491.3402404785156,140.46087646484375
2024-05-26,68183.890625,3732.02294921875,161.2638702392578,0.526602029800415,0.1657080054283142,0.45642998814582825,17.02984619140625,83.62319946289062,481.5008544921875,140.51161193847656
2024-05-27,68232.5,3821.930419921875,163.33544921875,0.5237690210342407,0.1643649935722351,0.45719799399375916,16.909748077392578,83.8549575805664,481.78955078125,140.95388793945312
2024-05-28,67227.15625,3771.2138671875,164.97340393066406,0.5215920209884644,0.16179600358009338,0.45311498641967773,17.893945693969727,82.17367553710938,461.76568603515625,140.91506958007812
2024-05-29,67101.4921875,3742.041259765625,167.3238525390625,0.5200960040092468,0.16222000122070312,0.4509139955043793,18.056615829467773,82.72734832763672,463.33648681640625,137.41883850097656
2024-05-30,67118.078125,3702.263671875,163.6839599609375,0.5136370062828064,0.15659500658512115,0.4438070058822632,17.819229125976562,81.96820831298828,459.900634765625,139.88998413085938
2024-05-31,66633.421875,3723.835205078125,163.93309020996094,0.5126820206642151,0.1549070030450821,0.44446098804473877,17.486282348632812,82.15149688720703,448.344970703125,143.74343872070312
2024-06-01,67386.1953125,3749.840087890625,165.5856170654297,0.517507016658783,0.15839099884033203,0.44525399804115295,18.273914337158203,82.90918731689453,454.3775939941406,147.21343994140625
2024-06-02,67315.5234375,3752.41455078125,161.6532440185547,0.5092869997024536,0.1549600064754486,0.4424220025539398,18.07832145690918,82.21977233886719,453.8782958984375,148.7724609375
2024-06-03,67589.8359375,3758.919921875,161.8537139892578,0.5130339860916138,0.15602700412273407,0.44444501399993896,17.555862426757812,82.7299575805664,455.0487365722656,151.57630920410156
2024-06-04,68564.640625,3738.13427734375,164.51553344726562,0.5185189843177795,0.15716299414634705,0.4531109929084778,17.51177215576172,81.22252655029297,460.1847839355469,154.7001190185547
2024-06-05,70390.7109375,3778.65576171875,171.38299560546875,0.5246509909629822,0.16129200160503387,0.45775699615478516,17.634641647338867,83.58734130859375,476.9119873046875,159.15293884277344
2024-06-06,70119.125,3761.775390625,167.8642120361328,0.5175470113754272,0.1586569994688034,0.4523389935493469,17.136850357055664,84.18112182617188,487.73028564453125,162.5375518798828
2024-06-07,68507.2578125,3615.2802734375,155.79876708984375,0.4636009931564331,0.1431179940700531,0.4344229996204376,15.567102432250977,76.52325439453125,469.07098388671875,153.69654846191406
2024-06-08,69210.7421875,3669.637939453125,157.54295349121094,0.49134400486946106,0.1440100073814392,0.4334540069103241,15.734892845153809,79.04573059082031,465.9952392578125,154.14334106445312
2024-06-09,69160.84375,3668.12353515625,156.76876831054688,0.4918000102043152,0.1451999992132187,0.43325701355934143,15.91950511932373,79.57272338867188,465.6462097167969,166.69094848632812
2024-06-10,69232.421875,3648.16455078125,157.77020263671875,0.4940919876098633,0.1434669941663742,0.43602699041366577,15.785758972167969,79.13886260986328,462.06732177734375,173.99375915527344
2024-06-11,66123.6015625,3434.7490234375,145.8651885986328,0.4726479947566986,0.13410300016403198,0.41453099250793457,14.6956787109375,76.1424331665039,434.80584716796875,167.90982055664062
2024-06-12,66902.453125,3463.784912109375,145.82144165039062,0.47513899207115173,0.13503000140190125,0.41599300503730774,14.769211769104004,76.53652954101562,439.8754577636719,174.21759033203125
2024-06-13,66304.5625,3431.33349609375,146.1722412109375,0.47632598876953125,0.14038099348545074,0.41975298523902893,15.085171699523926,77.43527221679688,430.72406005859375,171.6548614501953
2024-06-14,65056.89453125,3366.223876953125,140.11538696289062,0.46468499302864075,0.13216400146484375,0.4034099876880646,14.48660945892334,76.52998352050781,411.8221740722656,164.21377563476562
2024-06-15,65871.7734375,3473.45263671875,143.02365112304688,0.47422701120376587,0.1343580037355423,0.4089049994945526,14.715335845947266,77.49092102050781,422.5713195800781,169.29739379882812
2024-06-16,66018.25,3541.534423828125,143.17953491210938,0.4880619943141937,0.13481900095939636,0.41010499000549316,14.594244956970215,78.6093978881836,426.6978454589844,172.53762817382812
2024-06-17,65094.96484375,3468.14892578125,140.13880920410156,0.48466798663139343,0.12649500370025635,0.393655002117157,14.062858581542969,75.33788299560547,405.64166259765625,171.16542053222656
2024-06-18,64066.95703125,3371.59033203125,130.28907775878906,0.4772830009460449,0.11539199948310852,0.36657699942588806,13.119523048400879,70.87077331542969,373.4500732421875,166.71511840820312
2024-06-19,64693.30078125,3466.48095703125,134.73263549804688,0.48799100518226624,0.12157899886369705,0.3809620141983032,13.924068450927734,72.54847717285156,385.5561218261719,166.89239501953125
2024-06-20,64547.84765625,3485.4599609375,132.087646484375,0.4887160062789917,0.12145400047302246,0.3790139853954315,14.209382057189941,73.29188537597656,385.93975830078125,167.35418701171875
2024-06-21,63378.89453125,3447.935546875,128.9219207763672,0.4800280034542084,0.12161699682474136,0.37460801005363464,13.862212181091309,72.36263275146484,377.3739013671875,158.22979736328125
2024-06-22,63929.7578125,3477.169921875,133.14248657226562,0.4842419922351837,0.12295900285243988,0.37193700671195984,13.48008918762207,73.60083770751953,380.3350524902344,160.1764678955078
2024-06-23,63180.796875,3408.5830078125,128.2696990966797,0.47810399532318115,0.12182699888944626,0.3803029954433441,13.15416431427002,73.37391662597656,381.1669616699219,161.5054168701172
2024-06-24,58601.69921875,3244.241455078125,123.6693344116211,0.46359699964523315,0.11473099887371063,0.36666300892829895,12.849995613098145,67.9246597290039,345.6747741699219,155.9952392578125
2024-06-25,60239.75,3335.556884765625,131.29635620117188,0.473037987947464,0.11889500170946121,0.3773669898509979,13.582100868225098,69.44251251220703,363.7201843261719,158.6796417236328
2024-06-26,60695.1875,3328.390625,134.92576599121094,0.4662100076675415,0.12191999703645706,0.38373300433158875,13.872239112854004,70.53258514404297,373.4199523925781,161.77487182617188
2024-06-27,60585.33203125,3362.2646484375,135.2449951171875,0.46569201350212097,0.12063000351190567,0.3780690133571625,13.597926139831543,70.54117584228516,370.2091064453125,164.0009765625
2024-06-28,59985.40234375,3363.4375,139.30589294433594,0.47026699781417847,0.12236099690198898,0.38519200682640076,13.748739242553711,72.60485076904297,384.0180969238281,165.69711303710938
2024-06-29,60300.96484375,3369.552734375,139.6678009033203,0.4709149897098541,0.1213890016078949,0.38379499316215515,13.483731269836426,72.76770782470703,379.16656494140625,164.9466094970703
2024-06-30,60632.94921875,3352.284423828125,137.14137268066406,0.46999698877334595,0.12045200169086456,0.3791939914226532,13.452871322631836,74.08903503417969,379.1102294921875,165.09478759765625
2024-07-01,62495.51171875,3425.3232421875,145.8227996826172,0.47507399320602417,0.12324800342321396,0.3914720118045807,14.232126235961914,74.18956756591797,382.9884948730469,167.2994384765625
2024-07-02,61752.74609375,3399.026123046875,146.12054443359375,0.47591298818588257,0.12246199697256088,0.4028500020503998,14.251063346862793,74.2362289428711,378.3669738769531,167.35450744628906
2024-07-03,59419.38671875,3254.521240234375,139.5172576904297,0.4625900089740753,0.11704500019550323,0.40129798650741577,13.575737953186035,71.81166076660156,369.6036682128906,165.00765991210938
2024-07-04,56777.8046875,3054.52197265625,127.55081939697266,0.4329249858856201,0.10443100333213806,0.36285901069641113,12.553675651550293,65.21134948730469,330.89288330078125,155.16397094726562
2024-07-05,53717.375,2826.014404296875,122.44230651855469,0.3911390006542206,0.09379500150680542,0.3209550082683563,11.161290168762207,57.513309478759766,289.6138000488281,134.03652954101562
2024-07-06,56038.9609375,2957.395751953125,132.61329650878906,0.42418599128723145,0.10493499785661697,0.3485420048236847,12.220009803771973,61.59531784057617,320.2796325683594,153.5465545654297
2024-07-07,55793.32421875,2923.959228515625,131.7740936279297,0.4188230037689209,0.10373300313949585,0.345892995595932,12.309900283813477,61.724735260009766,311.12139892578125,149.10812377929688
2024-07-08,54321.01953125,2826.481689453125,128.56292724609375,0.40467000007629395,0.0991630032658577,0.3333429992198944,11.82588005065918,59.44060516357422,299.7061462402344,144.55477905273438
2024-07-09,56316.875,3005.522216796875,136.74093627929688,0.427949994802475,0.10613799840211868,0.3637779951095581,12.752654075622559,64.36003112792969,328.82135009765625,152.46482849121094
2024-07-10,57178.4140625,3026.6083984375,138.85604858398438,0.43174999952316284,0.1059039980173111,0.3725129961967468,12.707423210144043,64.58430480957031,327.52935791015625,152.7565155029297
2024-07-11,57120.37890625,3057.21923828125,135.84751892089844,0.43711501359939575,0.10631100088357925,0.3856379985809326,12.314945220947266,66.58293151855469,336.6863708496094,155.34349060058594
2024-07-12,56590.17578125,3048.508056640625,134.15914916992188,0.4452190101146698,0.10503199696540833,0.3942590057849884,12.251700401306152,66.87570190429688,341.5185852050781,157.33901977539062
2024-07-13,57796.44140625,3115.080322265625,138.17953491210938,0.47440099716186523,0.10744699835777283,0.412321001291275,12.71727466583252,69.25384521484375,368.7138366699219,156.74559020996094
2024-07-14,59225.25,3166.43115234375,141.92665100097656,0.5148059725761414,0.11134999990463257,0.42616501450538635,12.918180465698242,69.3447494506836,365.2854919433594,155.23870849609375
2024-07-15,60704.9296875,3235.776123046875,147.202880859375,0.5211589932441711,0.11478900164365768,0.4321660101413727,13.423406600952148,69.81793212890625,376.0260314941406,157.48521423339844
2024-07-16,62487.96875,3351.77978515625,153.05372619628906,0.5342839956283569,0.11937099695205688,0.42738598585128784,13.846369743347168,70.59867858886719,371.1886291503906,157.43019104003906
2024-07-17,63896.0859375,3379.099609375,155.06703186035156,0.5793730020523071,0.1206429973244667,0.4367240071296692,13.745590209960938,71.3419418334961,372.6299743652344,159.3111572265625
2024-07-18,63246.1640625,3374.990478515625,155.5660400390625,0.5604320168495178,0.11757300049066544,0.42081400752067566,13.434306144714355,70.71131896972656,371.17535400390625,160.08685302734375
2024-07-19,63329.34375,3377.877685546875,156.60653686523438,0.5426380038261414,0.11790800094604492,0.41593098640441895,13.382308006286621,69.7765121459961,370.3345031738281,158.32443237304688
2024-07-20,66299.6171875,3482.489013671875,167.55731201171875,0.571832001209259,0.12448500096797943,0.42881301045417786,13.886573791503906,72.48987579345703,386.3375549316406,161.26390075683594
2024-07-21,65842.296875,3415.44384765625,171.1182098388672,0.5756160020828247,0.1264050006866455,0.41895800828933716,13.98023796081543,71.61493682861328,380.2879638671875,162.11138916015625
2024-07-22,66611.296875,3425.795654296875,177.04412841796875,0.586667001247406,0.1362140029668808,0.42534399032592773,13.829578399658203,70.89278411865234,383.7500305175781,160.20384216308594
2024-07-23,65484.4609375,3395.4208984375,170.98854064941406,0.584276020526886,0.12848900258541107,0.4046249985694885,13.541321754455566,70.6475830078125,361.2513732910156,157.7222442626953
2024-07-24,65146.99609375,3304.039306640625,171.21041870117188,0.5925769805908203,0.1272439956665039,0.40468600392341614,13.277823448181152,70.88910675048828,360.3771057128906,159.55880737304688
2024-07-25,63473.47265625,3088.764404296875,165.9325408935547,0.5869389772415161,0.12032300233840942,0.38282498717308044,12.503412246704102,67.39405059814453,347.36578369140625,152.15887451171875
2024-07-26,65743.765625,3172.777099609375,171.87789916992188,0.5874590277671814,0.12520000338554382,0.3945859968662262,12.927762985229492,68.8106918334961,361.4549255371094,161.20765686035156
2024-07-27,66705.21875,3195.356689453125,178.59835815429688,0.5867040157318115,0.13134099543094635,0.4141010046005249,13.318658828735352,70.56980895996094,377.09332275390625,161.01795959472656
2024-07-28,67085.828125,3201.76318359375,181.3953399658203,0.5921570062637329,0.1283240020275116,0.40560001134872437,13.212786674499512,70.44271087646484,389.7191162109375,160.00794982910156
2024-07-29,66532.59375,3257.715576171875,181.88536071777344,0.593300998210907,0.12795500457286835,0.40378299355506897,13.293144226074219,71.0945816040039,414.91650390625,161.08380126953125
2024-07-30,65323.19140625,3235.760009765625,176.02243041992188,0.5961570143699646,0.12366200238466263,0.3960820138454437,13.02108383178711,71.38629150390625,428.87371826171875,156.47991943359375
2024-07-31,64532.046875,3216.07177734375,171.81919860839844,0.6237620115280151,0.12154299765825272,0.3879599869251251,12.789825439453125,70.11434936523438,412.3179626464844,155.80860900878906
2024-08-01,62248.94140625,3078.5439453125,157.98838806152344,0.5718839764595032,0.11282800137996674,0.36999601125717163,12.200796127319336,66.36893463134766,390.1377258300781,150.0177764892578
2024-08-02,61184.89453125,2965.73388671875,150.08499145507812,0.5496360063552856,0.11056700348854065,0.3602890074253082,11.787346839904785,64.32030487060547,379.5459899902344,155.479248046875
2024-08-03,59836.52734375,2861.177490234375,140.22140502929688,0.5424720048904419,0.10541799664497375,0.3503499925136566,11.374035835266113,62.74808883666992,355.9820556640625,141.51248168945312
2024-08-04,57210.8046875,2639.566650390625,132.13967895507812,0.5164279937744141,0.0996059998869896,0.33556899428367615,10.534318923950195,60.6561279296875,331.5862731933594,145.1758575439453
2024-08-05,49121.23828125,2122.546142578125,110.60955810546875,0.4334920048713684,0.08083099871873856,0.27988600730895996,8.137648582458496,50.429405212402344,277.6203308105469,136.7563018798828
2024-08-06,53973.2734375,2416.527099609375,129.78857421875,0.48929598927497864,0.09436699748039246,0.312514990568161,9.495055198669434,56.149593353271484,308.6315002441406,145.6997833251953
2024-08-07,54620.5078125,2312.168701171875,142.7469024658203,0.4942300021648407,0.09459400177001953,0.31707099080085754,9.456437110900879,55.549072265625,309.99176025390625,143.87442016601562
2024-08-08,54766.7265625,2322.529541015625,142.01992797851562,0.5809080004692078,0.09397699683904648,0.32031700015068054,9.389754295349121,55.36936569213867,309.6346435546875,145.6277313232422
2024-08-09,59587.859375,2555.2294921875,151.22613525390625,0.5690230131149292,0.10177399963140488,0.3375079929828644,10.180597305297852,59.50537109375,337.29193115234375,152.41900634765625
2024-08-10,60287.56640625,2580.661865234375,152.873046875,0.5795980095863342,0.1031159982085228,0.3452729880809784,10.490249633789062,60.22174835205078,346.61224365234375,147.8485565185547
2024-08-11,58348.82421875,2544.1748046875,141.34829711914062,0.5475410223007202,0.10029900074005127,0.32803699374198914,9.977005958557129,59.047203063964844,328.5062561035156,148.4666290283203
2024-08-12,57688.8984375,2513.39404296875,141.4407958984375,0.5521630048751831,0.10047099739313126,0.32805201411247253,9.962285041809082,59.41765213012695,330.29632568359375,147.79627990722656
2024-08-13,58506.25390625,2613.80126953125,143.1520233154297,0.5638719797134399,0.10357200354337692,0.3318899869918823,10.121599197387695,61.264305114746094,344.3289489746094,147.35540771484375
2024-08-14,58472.875,2636.705322265625,142.71792602539062,0.5662260055541992,0.10180500149726868,0.33243700861930847,10.250441551208496,62.84146499633789,336.0010070800781,147.51670837402344
2024-08-15,56161.59375,2518.670654296875,138.16192626953125,0.5524529814720154,0.09819500148296356,0.3214839994907379,10.01650333404541,63.682273864746094,328.8085021972656,148.09022521972656
2024-08-16,57110.01953125,2553.071533203125,136.3846435546875,0.5548279881477356,0.09774199873209,0.3210189938545227,9.951396942138672,64.50328063964844,329.41119384765625,148.15895080566406
2024-08-17,58814.83203125,2588.78515625,137.86630249023438,0.5621269941329956,0.10015600174665451,0.3285149931907654,10.048598289489746,65.97252655029297,336.28240966796875,148.49220275878906
2024-08-18,58445.40234375,2596.735107421875,140.95962524414062,0.5638560056686401,0.10016900300979614,0.3337959945201874,10.073819160461426,66.22050476074219,333.3903503417969,149.71417236328125
2024-08-19,57864.7109375,2566.401123046875,140.74871826171875,0.5623199939727783,0.0987119972705841,0.32884201407432556,9.967269897460938,66.06853485107422,331.09820556640625,150.01332092285156
2024-08-20,58610.8828125,2556.74755859375,141.36070251464844,0.5888490080833435,0.1012289971113205,0.3362320065498352,10.067704200744629,63.346378326416016,332.12322998046875,154.13223266601562
2024-08-21,58823.4453125,2538.65771484375,139.26654052734375,0.586758017539978,0.10246200114488602,0.3434779942035675,10.185591697692871,62.14985275268555,334.45806884765625,156.96310424804688
2024-08-22,59815.25390625,2587.110595703125,140.9344024658203,0.5938519835472107,0.10427399724721909,0.36473900079727173,11.186467170715332,62.66316604614258,343.1354064941406,159.9828338623047
2024-08-23,60372.05078125,2622.5810546875,143.16477966308594,0.5943220257759094,0.10530500113964081,0.3742170035839081,11.467907905578613,63.64752197265625,346.55670166015625,163.1073455810547
2024-08-24,63619.91796875,2737.776611328125,152.15208435058594,0.6056349873542786,0.1112470030784607,0.38848400115966797,11.922675132751465,65.53153228759766,358.33612060546875,167.73257446289062
2024-08-25,63833.51953125,2736.0888671875,155.50714111328125,0.596684992313385,0.1081169992685318,0.378711998462677,11.97705078125,64.59161376953125,351.1066589355469,165.93289184570312
2024-08-26,62849.55859375,2668.88671875,155.88449096679688,0.5804070234298706,0.10463900119066238,0.3669550120830536,11.854799270629883,63.1539421081543,340.3446044921875,162.7097930908203
2024-08-27,58116.75,2401.175048828125,145.65640258789062,0.5579550266265869,0.0973920002579689,0.34626901149749756,10.968033790588379,59.49946594238281,318.0483703613281,155.44393920898438
2024-08-28,57890.67578125,2422.293701171875,140.97080993652344,0.5582219958305359,0.09729199856519699,0.34202998876571655,10.98044490814209,59.628807067871094,315.30206298828125,153.56044006347656
2024-08-29,58786.2265625,2507.50244140625,138.2660675048828,0.5592859983444214,0.09853500127792358,0.34987199306488037,10.847126960754395,61.224090576171875,318.2591552734375,155.91546630859375
2024-08-30,57768.53125,2432.83447265625,132.4513397216797,0.5481979846954346,0.09727499634027481,0.33882299065589905,10.535093307495117,61.74536895751953,316.1108703613281,160.7663116455078
2024-08-31,58768.78515625,2493.70556640625,134.6364288330078,0.5633119940757751,0.10047399997711182,0.3450370132923126,10.961421966552734,64.90754699707031,320.5391540527344,161.24838256835938
2024-09-01,57217.82421875,2401.88916015625,128.24325561523438,0.5447999835014343,0.09434299916028976,0.3288620114326477,10.269527435302734,63.088340759277344,311.6368408203125,163.9935760498047
2024-09-02,57136.02734375,2426.095947265625,127.26619720458984,0.5454620122909546,0.09416700154542923,0.32570499181747437,10.34278678894043,62.696014404296875,311.17877197265625,167.12550354003906
2024-09-03,57425.16796875,2419.875244140625,127.57423400878906,0.5573909878730774,0.0967010036110878,0.3185510039329529,10.224671363830566,64.42266845703125,309.1968078613281,169.60646057128906
2024-09-04,55673.1640625,2313.26513671875,123.61295318603516,0.5398920178413391,0.09297899901866913,0.30829301476478577,9.946290969848633,62.744937896728516,299.4540100097656,170.64779663085938
2024-09-05,55712.453125,2348.86328125,128.14137268066406,0.5413479804992676,0.09622500091791153,0.3201729953289032,9.927684783935547,64.48772430419922,304.0265808105469,169.90328979492188
2024-09-06,52598.69921875,2150.86328125,121.05538177490234,0.5058959722518921,0.08937299996614456,0.30510398745536804,9.337709426879883,61.5012092590332,287.6148986816406,164.44277954101562
2024-09-07,53740.0703125,2222.100830078125,124.26908111572266,0.5200350284576416,0.09181199967861176,0.3147130012512207,9.567692756652832,61.75529479980469,293.6490783691406,162.40977478027344
2024-09-08,53653.7578125,2243.911376953125,126.81302642822266,0.5217859745025635,0.09404700249433517,0.3241640031337738,9.98128604888916,60.141632080078125,298.9897766113281,167.49986267089844
2024-09-09,54598.43359375,2274.115478515625,127.21979522705078,0.527525007724762,0.09583199769258499,0.3385140001773834,10.296896934509277,59.786651611328125,305.2160949707031,170.1133575439453
2024-09-10,56419.4140625,2323.07177734375,132.63108825683594,0.5339620113372803,0.10166099667549133,0.33787301182746887,10.352102279663086,60.393341064453125,318.5246887207031,166.11131286621094
2024-09-11,55567.33984375,2279.0537109375,128.4340057373047,0.5239289999008179,0.0980909988284111,0.33050599694252014,10.196114540100098,60.23931884765625,320.1967468261719,166.83656311035156
2024-09-12,57330.1015625,2316.15771484375,132.44332885742188,0.5340740084648132,0.10063599795103073,0.3527800142765045,10.400274276733398,61.551612854003906,330.4661560058594,169.56878662109375
2024-09-13,57650.11328125,2338.14404296875,131.86395263671875,0.5564290285110474,0.1018650010228157,0.35078200697898865,10.655502319335938,62.45269012451172,327.52435302734375,169.71824645996094
2024-09-14,59517.8828125,2386.979736328125,135.9435577392578,0.5711680054664612,0.10464300215244293,0.35256800055503845,11.259657859802246,64.96334838867188,326.79144287109375,167.942138671875
2024-09-15,58696.30859375,2286.628173828125,130.9698028564453,0.5705530047416687,0.10257700085639954,0.3357219994068146,10.820045471191406,63.14146423339844,315.2851257324219,169.4388427734375
2024-09-16,57501.33984375,2253.715087890625,129.13807678222656,0.5607219934463501,0.09845799952745438,0.3269670009613037,10.42856502532959,62.14505386352539,309.3701477050781,168.05255126953125
2024-09-17,57628.0703125,2263.79296875,130.47569274902344,0.5793399810791016,0.0988439992070198,0.32889699935913086,10.45042610168457,62.01725387573242,309.6545104980469,169.04820251464844
2024-09-18,59218.25390625,2278.66455078125,127.25076293945312,0.5630810260772705,0.09957800060510635,0.3280850052833557,10.308819770812988,62.495819091796875,307.0740966796875,170.19998168945312
2024-09-19,61609.8671875,2369.374755859375,133.99185180664062,0.5818989872932434,0.10358499735593796,0.34293898940086365,10.853318214416504,64.76039123535156,325.80963134765625,170.5480194091797
2024-09-20,62364.60546875,2439.3779296875,141.316162109375,0.5769529938697815,0.10374800115823746,0.3495199978351593,11.136523246765137,64.43228149414062,332.846435546875,175.18055725097656
2024-09-21,62783.10546875,2530.837890625,144.79803466796875,0.5805680155754089,0.10415200144052505,0.35107800364494324,11.227472305297852,64.8871078491211,331.636962890625,174.49658203125
2024-09-22,62440.7265625,2528.522216796875,141.38461303710938,0.5795789957046509,0.10401999950408936,0.343733012676239,10.874297142028809,66.59937286376953,334.8514099121094,174.50604248046875
2024-09-23,62628.078125,2541.910400390625,142.6438446044922,0.5815010070800781,0.10471999645233154,0.347137987613678,10.969532012939453,66.75553131103516,337.64312744140625,171.72540283203125
2024-09-24,62737.41796875,2593.152099609375,143.30413818359375,0.5819360017776489,0.1069829985499382,0.3589720129966736,11.217415809631348,65.83683776855469,337.4798583984375,165.63223266601562
2024-09-25,62945.375,2557.724365234375,147.45013427734375,0.5829899907112122,0.10817000269889832,0.379393994808197,12.088472366333008,66.00260925292969,342.1428527832031,164.83644104003906
2024-09-26,62669.26953125,2559.954345703125,146.87075805664062,0.5768849849700928,0.10714499652385712,0.37877199053764343,11.896232604980469,65.75457000732422,339.57171630859375,163.19471740722656
2024-09-27,64852.9921875,2616.950927734375,154.13027954101562,0.5832899808883667,0.11717300117015839,0.4004409909248352,12.468423843383789,68.39532470703125,351.8868408203125,161.34890747070312
2024-09-28,65458.03515625,2652.25048828125,155.29931640625,0.5865489840507507,0.12061599642038345,0.39357998967170715,12.408324241638184,69.08447265625,346.85125732421875,157.5198211669922
2024-09-29,65450.015625,2635.5849609375,155.2430877685547,0.608814001083374,0.12464199960231781,0.39362600445747375,12.452469825744629,68.62840270996094,346.6228942871094,152.16806030273438
2024-09-30,62873.6171875,2576.97607421875,152.01983642578125,0.6109510064125061,0.1137389987707138,0.37182900309562683,11.782835006713867,66.45427703857422,335.61236572265625,149.92941284179688
2024-10-01,60189.27734375,2415.07861328125,142.8423309326172,0.5842750072479248,0.10395500063896179,0.3473309874534607,10.939773559570312,62.44269561767578,314.1782531738281,140.2725830078125
2024-10-02,59996.94921875,2354.539306640625,138.9187469482422,0.5307019948959351,0.10250899940729141,0.3366270065307617,10.494516372680664,62.40068054199219,310.50616455078125,135.39776611328125
2024-10-03,59878.8046875,2311.02783203125,133.55316162109375,0.5100859999656677,0.10152900218963623,0.33325499296188354,10.376425743103027,62.120784759521484,309.12249755859375,135.39588928222656
2024-10-04,60459.94140625,2339.870849609375,136.0756378173828,0.5157279968261719,0.10495900362730026,0.34338098764419556,10.612095832824707,63.387962341308594,318.6153259277344,143.17523193359375
2024-10-05,61689.58203125,2390.844482421875,141.16966247558594,0.5268970131874084,0.10772699862718582,0.34598198533058167,11.014540672302246,64.83678436279297,318.5011901855469,148.72605895996094
2024-10-06,61833.1484375,2407.099365234375,142.11424255371094,0.5284919738769531,0.10851199924945831,0.34835299849510193,11.169724464416504,66.17018127441406,321.07904052734375,146.6787567138672
2024-10-07,62152.55078125,2405.13427734375,143.60458374023438,0.5297880172729492,0.10865499824285507,0.35105401277542114,11.149279594421387,64.60003662109375,321.1130676269531,144.04812622070312
2024-10-08,61843.5625,2400.5107421875,141.2363739013672,0.5216370224952698,0.1053519994020462,0.3416210114955902,10.802026748657227,64.64989471435547,322.40753173828125,144.0194549560547
2024-10-09,60314.61328125,2350.946533203125,138.7974395751953,0.5218610167503357,0.1063769981265068,0.3345009982585907,10.424873352050781,64.14969635009766,318.58935546875,146.1597137451172
2024-10-10,58895.20703125,2329.78466796875,135.58270263671875,0.5227530002593994,0.10330799967050552,0.33207398653030396,10.271653175354004,63.421295166015625,317.5360412597656,146.79393005371094
2024-10-11,60046.125,2380.504638671875,138.755859375,0.5295869708061218,0.1057019978761673,0.3385719954967499,10.507064819335938,64.24234771728516,322.01800537109375,150.53948974609375
2024-10-12,62443.26953125,2434.202880859375,144.7617645263672,0.5357319712638855,0.10945700109004974,0.35118401050567627,10.847723960876465,65.13704681396484,325.17425537109375,150.1627655029297
2024-10-13,62035.63671875,2436.9697265625,144.62364196777344,0.525704026222229,0.10879900306463242,0.34465301036834717,10.636665344238281,64.49746704101562,318.1198425292969,148.39291381835938
2024-10-14,62442.15234375,2443.552978515625,147.00582885742188,0.5284069776535034,0.1094290018081665,0.3428879976272583,10.615804672241211,64.20092010498047,319.4667053222656,148.35337829589844
2024-10-15,64809.1953125,2537.94091796875,150.90951538085938,0.5326679944992065,0.11051200330257416,0.34905698895454407,10.961629867553711,65.55900573730469,346.7770690917969,151.73974609375
2024-10-16,66758.7265625,2589.60693359375,153.08169555664062,0.5379649996757507,0.11593099683523178,0.3514159917831421,11.093914985656738,69.42472076416016,351.9092712402344,153.06640625
2024-10-17,66647.390625,2577.305908203125,147.94349670410156,0.5428529977798462,0.12076199799776077,0.3403419852256775,10.871143341064453,70.01713562011719,360.9576416015625,154.0708465576172
2024-10-18,67177.8203125,2595.958984375,149.70101928710938,0.5404959917068481,0.12964700162410736,0.3429099917411804,10.987104415893555,71.91370391845703,363.8491516113281,156.91566467285156
2024-10-19,68024.640625,2631.656982421875,153.91282653808594,0.5410929918289185,0.13718999922275543,0.34964901208877563,11.309085845947266,73.11477661132812,361.7007751464844,159.0341796875
2024-10-20,68105.71875,2635.94580078125,157.76573181152344,0.537676990032196,0.13757699728012085,0.34862300753593445,11.29038143157959,73.70843505859375,357.7776184082031,159.06298828125
2024-10-21,66829.8515625,2655.29443359375,161.8105010986328,0.541566014289856,0.13843299448490143,0.35349899530410767,11.563398361206055,70.49466705322266,359.0672302246094,153.2927703857422
2024-10-22,66581.3671875,2605.61865234375,163.28536987304688,0.5302609801292419,0.13684800267219543,0.3558659851551056,11.624059677124023,69.41297912597656,354.5358581542969,154.49795532226562
2024-10-23,65188.03515625,2457.169921875,164.19381713867188,0.5128089785575867,0.1332789957523346,0.34332698583602905,11.032395362854004,67.91389465332031,339.5334167480469,154.6968231201172
2024-10-24,66454.1015625,2506.722900390625,170.5173797607422,0.5244929790496826,0.13644999265670776,0.34019601345062256,11.230501174926758,69.29057312011719,346.90789794921875,154.4286346435547
2024-10-25,65521.79296875,2381.45068359375,160.0352783203125,0.4935849905014038,0.12854799628257751,0.3204750120639801,10.868555068969727,67.39370727539062,344.4532165527344,155.18565368652344
2024-10-26,66360.59375,2427.46142578125,162.443359375,0.49968498945236206,0.130839005112648,0.32156801223754883,10.834426879882812,68.14131164550781,346.5236511230469,156.6066436767578
2024-10-27,66847.2265625,2462.27197265625,170.19244384765625,0.5106250047683716,0.13605700433254242,0.3313559889793396,10.859156608581543,68.01184844970703,347.0345153808594,159.947998046875
2024-10-28,67535.1328125,2470.268310546875,172.87225341796875,0.511381983757019,0.1411760002374649,0.3312300145626068,10.723155975341797,69.69734954833984,344.49658203125,159.95567321777344
2024-10-29,69729.9140625,2560.15380859375,176.85548400878906,0.5184659957885742,0.16082599759101868,0.3432460129261017,11.15477180480957,70.71708679199219,363.9862365722656,162.0452117919922
2024-10-30,71411.734375,2600.609619140625,173.39939880371094,0.5195879936218262,0.1652500033378601,0.35130399465560913,11.682046890258789,71.52914428710938,367.3707275390625,161.34315490722656
2024-10-31,69590.5,2501.572265625,167.5767822265625,0.5038999915122986,0.1565459966659546,0.3410939872264862,11.332402229309082,68.52349090576172,349.8980712890625,154.8766326904297
2024-11-01,68779.703125,2467.8193359375,164.0325469970703,0.5046079754829407,0.15442000329494476,0.3354179859161377,11.182896614074707,67.7909164428711,344.4457092285156,151.51876831054688
2024-11-02,69033.71875,2471.95556640625,162.38702392578125,0.5079740285873413,0.15603500604629517,0.3463039994239807,11.101263999938965,69.01476287841797,342.2245178222656,152.92955017089844
2024-11-03,67482.5234375,2411.3984375,158.1367645263672,0.49365198612213135,0.1428229957818985,0.3292360007762909,10.537811279296875,65.52873229980469,335.0462951660156,153.74244689941406
2024-11-04,66803.6484375,2359.578125,155.16552734375,0.49678799510002136,0.14858099818229675,0.3213990032672882,10.108696937561035,64.64195251464844,322.61163330078125,156.29901123046875
2024-11-05,67458.8671875,2380.601318359375,156.98818969726562,0.5020220279693604,0.15817900002002716,0.3260129988193512,10.2019681930542,65.19530487060547,327.0946044921875,157.21380615234375
2024-11-06,69322.03125,2421.81298828125,166.6982421875,0.5140290260314941,0.16969400644302368,0.33392098546028137,10.82515811920166,65.43687438964844,343.22784423828125,157.7803955078125
2024-11-07,74480.421875,2701.5908203125,186.13604736328125,0.5384250283241272,0.18625499308109283,0.36203300952911377,12.090215682983398,70.0455093383789,371.4493713378906,160.72923278808594
2024-11-08,75648.7421875,2889.484375,196.02374267578125,0.5430240035057068,0.1912889927625656,0.4047589898109436,12.551811218261719,70.84286499023438,365.60272216796875,163.1487274169922
2024-11-09,75773.7890625,2957.182373046875,195.47410583496094,0.5451040267944336,0.19782499969005585,0.42896899580955505,13.310078620910645,71.79473876953125,370.43145751953125,161.6586456298828
2024-11-10,76565.4296875,3073.248779296875,198.9831085205078,0.5562000274658203,0.21730199456214905,0.4899370074272156,13.707151412963867,73.82848358154297,396.3116760253906,161.65333557128906
2024-11-11,80283.25,3109.76953125,204.5623016357422,0.5720239877700806,0.2761420011520386,0.5678070187568665,13.672368049621582,74.822509765625,423.9671936035156,156.18821716308594
2024-11-12,85155.109375,3211.198486328125,205.44786071777344,0.599107027053833,0.33343198895454407,0.5582119822502136,13.716687202453613,74.36824035644531,420.8152770996094,150.79898071289062
2024-11-13,86256.9296875,3121.666015625,201.4705810546875,0.6425909996032715,0.3566089868545532,0.5213019847869873,13.103652954101562,72.05952453613281,404.33734130859375,145.32643127441406
2024-11-14,86682.8125,3032.971923828125,207.49681091308594,0.6844170093536377,0.35580798983573914,0.5458620190620422,12.856063842773438,74.46111297607422,411.172119140625,143.8362274169922
2024-11-15,87124.8984375,3016.14404296875,204.82801818847656,0.7725790143013,0.3544690012931824,0.5785419940948486,12.746133804321289,79.08575439453125,410.93853759765625,140.72457885742188
2024-11-16,90094.2265625,3073.286376953125,213.80477905273438,0.8799239993095398,0.3613030016422272,0.7033159732818604,13.76286506652832,83.03311920166016,429.30291748046875,141.64996337890625
2024-11-17,88741.6640625,3039.246826171875,212.72816467285156,1.0054630041122437,0.3416990041732788,0.6970270276069641,13.598990440368652,85.1912841796875,425.9366455078125,147.14984130859375
2024-11-18,89393.59375,3052.4912109375,234.4010467529297,1.0543140172958374,0.3592349886894226,0.7022619843482971,13.777181625366211,86.67803955078125,432.03076171875,153.1310577392578
2024-11-19,90426.984375,3070.36279296875,234.15306091308594,1.0738270282745361,0.3680199980735779,0.7238579988479614,14.480917930603027,85.39171600341797,440.7442321777344,154.98056030273438
2024-11-20,91619.5,3032.603271484375,230.91055297851562,1.0637480020523071,0.36656901240348816,0.739471971988678,14.07448673248291,82.61724090576172,430.1485290527344,158.71693420410156
2024-11-21,94132.6015625,3035.8466796875,230.34156799316406,1.0820939540863037,0.37001198530197144,0.7703859806060791,13.879337310791016,81.87860107421875,429.9026184082031,159.3315887451172
2024-11-22,97222.6640625,3262.808837890625,252.1354217529297,1.247560977935791,0.38152000308036804,0.8152329921722412,14.75843620300293,88.16837310791016,474.6234436035156,157.19125366210938
2024-11-23,97232.890625,3317.65478515625,253.18743896484375,1.4275000095367432,0.40556600689888,1.0104169845581055,16.34809684753418,92.07091522216797,487.828369140625,159.43405151367188
2024-11-24,95788.078125,3288.430908203125,243.12216186523438,1.3082000017166138,0.400967001914978,0.9483410120010376,16.251710891723633,92.36915588378906,482.78033447265625,157.8979034423828
2024-11-25,92642.9140625,3304.093994140625,231.55198669433594,1.3643269538879395,0.3815149962902069,0.9335500001907349,17.18935203552246,91.40315246582031,484.72735595703125,155.7774200439453
2024-11-26,90770.8125,3255.54296875,222.9571990966797,1.2948050498962402,0.3673189878463745,0.8797209858894348,16.255496978759766,88.28429412841797,473.80352783203125,151.50389099121094
2024-11-27,91778.6640625,3303.56787109375,228.1300506591797,1.3573460578918457,0.38169100880622864,0.9354379773139954,17.021699905395508,91.77574157714844,486.71759033203125,150.09576416015625
2024-11-28,94677.3515625,3531.87060546875,233.20286560058594,1.4341830015182495,0.39225900173187256,0.9770380258560181,17.528181076049805,93.84981536865234,498.7605895996094,155.47447204589844
2024-11-29,95407.8828125,3538.44677734375,236.8212432861328,1.5279079675674438,0.3999919891357422,1.0304570198059082,17.555191040039062,94.86820220947266,500.7226867675781,155.61318969726562
2024-11-30,96144.21875,3572.254150390625,237.7225341796875,1.7705539464950562,0.4153609871864319,1.0538409948349,17.980148315429688,100.57648468017578,507.3683776855469,158.12489318847656
2024-12-01,95770.1875,3663.234130859375,234.5303955078125,1.8536369800567627,0.41769400238990784,1.0409859418869019,18.47825813293457,99.6501693725586,511.37762451171875,161.3411865234375
2024-12-02,94482.8671875,3557.252197265625,220.5511932373047,2.2438929080963135,0.40511199831962585,1.0615969896316528,18.658784866333008,115.52821350097656,496.18682861328125,160.44212341308594
2024-12-03,93629.5625,3504.226318359375,216.4730224609375,2.3610100746154785,0.3914720118045807,1.16982901096344,22.991727828979492,123.52460479736328,519.8336791992188,166.55874633789062
2024-12-04,94660.5234375,3617.74462890625,225.25491333007812,2.2956318855285645,0.40195900201797485,1.149204969406128,23.68952751159668,122.29573822021484,545.916748046875,188.08340454101562
2024-12-05,91998.78125,3683.4208984375,223.46054077148438,2.1888630390167236,0.40901100635528564,1.1262869834899902,23.051584243774414,125.57721710205078,554.1620483398438,185.0896759033203
2024-12-06,96514.875,3782.681396484375,231.42596435546875,2.2395100593566895,0.4212599992752075,1.1430219411849976,22.894182205200195,130.90408325195312,581.8483276367188,193.40940856933594
2024-12-07,99030.8828125,3974.17626953125,234.6590576171875,2.396322011947632,0.43212801218032837,1.1930210590362549,24.497116088867188,132.2019500732422,605.4369506835938,193.9694366455078
2024-12-08,98771.515625,3927.85400390625,233.71337890625,2.4924449920654297,0.4482400119304657,1.176677942276001,24.727243423461914,130.44039916992188,604.1690063476562,196.50401306152344
2024-12-09,94355.9140625,3525.23291015625,209.7061309814453,2.103071928024292,0.3847210109233856,0.9522050023078918,20.42302131652832,104.13651275634766,528.13818359375,155.6639862060547
2024-12-10,94321.2578125,3520.365234375,203.7238311767578,1.912253975868225,0.3668400049209595,0.9149690270423889,20.381397247314453,101.69247436523438,486.8644104003906,165.8016357421875
2024-12-11,95747.2265625,3567.56640625,211.99317932128906,2.2391629219055176,0.3766329884529114,0.9769459962844849,21.222572326660156,106.50914001464844,504.41717529296875,175.65020751953125
2024-12-12,99339.953125,3800.0908203125,225.95188903808594,2.3169939517974854,0.40174400806427,1.0772650241851807,23.959087371826172,116.76866912841797,538.213134765625,194.5435333251953
2024-12-13,99233.28125,3855.023681640625,220.82472229003906,2.2943921089172363,0.39986199140548706,1.0813519954681396,27.62576675415039,117.44319152832031,527.14404296875,198.778564453125
2024-12-14,100634.0546875,3826.761962890625,215.34423828125,2.357938051223755,0.388139009475708,1.0459280014038086,28.79515266418457,115.59950256347656,520.7566528320312,203.04458618164062
2024-12-15,101227.03125,3832.0966796875,215.91073608398438,2.36962890625,0.3929089903831482,1.042631983757019,28.064306259155273,114.92382049560547,525.3402099609375,206.53208923339844
2024-12-16,103322.984375,3882.705322265625,213.48239135742188,2.3448920249938965,0.3927359879016876,1.052016019821167,28.45172119140625,115.6185073852539,523.1478271484375,208.0135498046875
2024-12-17,105291.734375,3849.28662109375,211.90963745117188,2.4457170963287354,0.3915959894657135,1.0452890396118164,27.458477020263672,114.8248291015625,524.9396362304688,208.84661865234375
2024-12-18,100041.5390625,3617.840576171875,205.00486755371094,2.2874019145965576,0.3564940094947815,0.9683780074119568,24.796968460083008,108.51541137695312,479.8158874511719,209.85728454589844
2024-12-19,95587.6796875,3330.87255859375,188.02752685546875,2.169593095779419,0.3027690052986145,0.853875994682312,21.836851119995117,95.2081527709961,424.05206298828125,190.0237274169922
2024-12-20,92175.1796875,3098.20361328125,175.90516662597656,1.9695470333099365,0.26444000005722046,0.7658889889717102,20.062328338623047,86.88713836669922,391.4194030761719,166.94851684570312
2024-12-21,96426.5234375,3293.505615234375,178.74005126953125,2.2037529945373535,0.3152489960193634,0.8898760080337524,21.84805679321289,98.25013732910156,444.8200988769531,181.1761016845703
2024-12-22,94202.1875,3219.294921875,177.13406372070312,2.167088031768799,0.30571800470352173,0.863090991973877,21.375946044921875,97.07148742675781,435.7720031738281,181.4611053466797
2024-12-23,92403.1328125,3217.36865234375,176.71888732910156,2.1352620124816895,0.30327799916267395,0.8652269840240479,21.54749870300293,98.17106628417969,432.5489196777344,185.3431854248047
2024-12-24,93448.015625,3355.609130859375,186.11529541015625,2.2144899368286133,0.3163929879665375,0.8928340077400208,23.591999053955078,104.0026626586914,451.2635803222656,184.50665283203125
2024-12-25,97593.46875,3440.09716796875,195.35304260253906,2.263763904571533,0.326898992061615,0.9040979743003845,24.21030616760254,107.16000366210938,456.00067138671875,189.30319213867188
2024-12-26,95137.8828125,3302.306396484375,186.8555908203125,2.134114980697632,0.3089979887008667,0.8530790209770203,22.4621639251709,101.15777587890625,433.5889892578125,187.39173889160156
2024-12-27,93310.7421875,3302.57568359375,182.94712829589844,2.1235098838806152,0.30976399779319763,0.857433021068573,21.397489547729492,99.74529266357422,435.3415222167969,187.20652770996094
2024-12-28,94014.2890625,3318.033935546875,183.8333282470703,2.1350059509277344,0.311055988073349,0.8678249716758728,21.05872344970703,98.67845153808594,438.3994140625,192.68519592285156
2024-12-29,92881.7890625,3321.664794921875,188.34100341796875,2.071950912475586,0.31166699528694153,0.8522899746894836,20.775402069091797,96.83744812011719,435.2436218261719,189.27130126953125
2024-12-30,91317.1328125,3298.804443359375,185.93760681152344,2.0002310276031494,0.30654698610305786,0.8309829831123352,20.104463577270508,97.57477569580078,428.7264099121094,183.41395568847656
2024-12-31,91914.03125,3311.41259765625,187.97987365722656,2.014132022857666,0.3094030022621155,0.8417440056800842,19.856895446777344,97.81471252441406,433.0258483886719,186.07875061035156
2025-01-01,92788.125,3310.255859375,187.87945556640625,2.079150915145874,0.311722993850708,0.8389260172843933,19.707378387451172,102.0866928100586,430.111328125,191.88108825683594
2025-01-02,94201.5703125,3348.35205078125,193.25852966308594,2.322395086288452,0.32429200410842896,0.9175969958305359,21.672687530517578,104.62227630615234,449.3548889160156,191.79934692382812
2025-01-03,96034.6171875,3421.83154296875,205.65240478515625,2.3971331119537354,0.33588600158691406,0.9600440263748169,21.691131591796875,104.1868896484375,455.9979248046875,196.04652404785156
2025-01-04,97562.9765625,3574.326904296875,213.83145141601562,2.4067139625549316,0.378042995929718,1.0588500499725342,22.910024642944336,110.31645965576172,469.29986572265625,193.4279022216797
2025-01-05,97291.765625,3594.616943359375,211.76522827148438,2.3343610763549805,0.37631601095199585,1.055279016494751,22.903310775756836,110.69940185546875,463.4584045410156,188.16615295410156
2025-01-06,97926.1484375,3611.21435546875,211.65313720703125,2.376384973526001,0.3765510022640228,1.0680979490280151,23.06023597717285,111.7595443725586,465.1578063964844,196.55242919921875
2025-01-07,96132.875,3358.08984375,202.12490844726562,2.2659060955047607,0.34842199087142944,0.9919620156288147,21.260679244995117,102.33089447021484,436.3887023925781,193.06399536132812
2025-01-08,92525.84375,3209.214599609375,188.9578857421875,2.2129290103912354,0.32681000232696533,0.9135900139808655,19.706830978393555,97.75127410888672,420.6199645996094,183.69387817382812
2025-01-09,91220.84375,3159.384033203125,182.32232666015625,2.2393898963928223,0.3151029944419861,0.8837609887123108,19.206344604492188,100.38446807861328,412.5258483886719,189.0957794189453
2025-01-10,92250.09375,3196.1103515625,183.86676025390625,2.2559070587158203,0.32089099287986755,0.9056479930877686,19.591350555419922,102.20291137695312,421.1983337402344,189.46005249023438
2025-01-11,93840.046875,3219.69873046875,184.27743530273438,2.328618049621582,0.3300749957561493,0.9164530038833618,19.85101318359375,102.19261169433594,436.53265380859375,193.7388153076172
2025-01-12,93712.5078125,3224.510498046875,185.2522735595703,2.4730029106140137,0.3322780132293701,0.9636729955673218,19.613027572631836,101.48237609863281,436.9677429199219,195.15191650390625
2025-01-13,89260.1015625,2920.5927734375,170.6289825439453,2.3397669792175293,0.31139901280403137,0.889339029788971,17.954565048217773,93.14704132080078,405.0858459472656,190.5663299560547
2025-01-14,94322.15625,3126.805908203125,181.9566650390625,2.516187906265259,0.33605799078941345,0.940123975276947,19.277204513549805,97.68531799316406,426.48321533203125,202.1026153564453
2025-01-15,96501.640625,3186.139892578125,186.00299072265625,2.655668020248413,0.3487440049648285,0.9909840226173401,20.12194061279297,100.89743041992188,431.2518310546875,203.60244750976562
2025-01-16,97364.4453125,3265.67578125,198.6625213623047,2.938015937805176,0.368461012840271,1.0301799774169922,21.343748092651367,114.62858581542969,448.31103515625,206.3527374267578
2025-01-17,99948.90625,3307.31103515625,209.96925354003906,3.1815829277038574,0.3759729862213135,1.0882200002670288,23.004961013793945,124.2965316772461,461.72479248046875,217.99061584472656
2025-01-18,102226.6171875,3228.333740234375,217.57504272460938,3.0726840496063232,0.387239009141922,1.0526319742202759,23.414684295654297,123.34905242919922,459.28167724609375,212.3559112548828
2025-01-19,99570.53125,3127.623046875,239.61058044433594,2.904541015625,0.3521200120449066,0.9781140089035034,22.2674560546875,112.290771484375,422.7901611328125,199.53683471679688
2025-01-20,99471.359375,3147.52294921875,231.63455200195312,2.9291279315948486,0.34724700450897217,0.9688519835472107,23.4840145111084,113.3494644165039,417.6389465332031,195.859130859375
2025-01-21,100103.953125,3202.49267578125,231.67591857910156,3.022145986557007,0.3358989953994751,0.9550960063934326,23.723478317260742,113.7801513671875,420.64117431640625,202.5831298828125
2025-01-22,103360.265625,3223.385986328125,248.75160217285156,3.145698070526123,0.355989009141922,0.9794300198554993,25.231618881225586,114.49641418457031,434.51605224609375,212.26834106445312
2025-01-23,101257.8046875,3184.06689453125,242.49618530273438,3.040842056274414,0.34299299120903015,0.9537469744682312,24.02610206604004,111.438232421875,425.8639221191406,213.2526092529297
2025-01-24,102772.125,3277.3232421875,247.6314697265625,3.057248115539551,0.34328800439834595,0.9661970138549805,24.96661376953125,113.20506286621094,426.92919921875,213.1573486328125
2025-01-25,104120.375,3270.273193359375,246.65911865234375,3.0827178955078125,0.34595999121665955,0.9661849737167358,24.753358840942383,118.55207061767578,431.2792053222656,217.2524871826172
2025-01-26,102507.7109375,3233.922119140625,240.85243225097656,3.023400068283081,0.3363009989261627,0.9548559784889221,24.898754119873047,117.20661163330078,425.56182861328125,218.47747802734375
2025-01-27,97795.9375,3024.091552734375,221.97532653808594,2.7084829807281494,0.3078100085258484,0.8687660098075867,22.235393524169922,106.55506134033203,398.0462646484375,209.24951171875
2025-01-28,100238.1875,3040.09228515625,225.25985717773438,3.0113940238952637,0.31583499908447266,0.9050549864768982,22.415651321411133,109.39888763427734,407.4515075683594,212.2919464111328
2025-01-29,101283.8203125,3055.181640625,222.9235076904297,2.9767580032348633,0.31794100999832153,0.9052199721336365,22.37776756286621,110.00133514404297,405.208740234375,216.37127685546875
2025-01-30,103321.6484375,3093.123779296875,227.1376190185547,3.0533149242401123,0.32287099957466125,0.9386979937553406,23.471900939941406,114.473388671875,413.33880615234375,221.83168029785156
2025-01-31,101543.8828125,3214.935546875,228.4788360595703,3.0064849853515625,0.3243130147457123,0.9368590116500854,24.18324851989746,125.59959411621094,420.57598876953125,231.49562072753906
2025-02-01,100297.7109375,3103.9189453125,213.4364013671875,2.8381409645080566,0.30426400899887085,0.8909400105476379,22.836584091186523,118.04769897460938,401.1238098144531,232.2991485595703
2025-02-02,96216.078125,2755.474609375,195.44923400878906,2.4869349002838135,0.25455498695373535,0.7710750102996826,19.59543228149414,105.12374877929688,347.9127197265625,216.76858520507812
2025-02-03,91242.890625,2159.280517578125,180.4093017578125,1.9486210346221924,0.21172000467777252,0.5648369789123535,16.348777770996094,85.30736541748047,289.74371337890625,194.74276733398438
2025-02-04,96208.109375,2636.165771484375,202.84884643554688,2.435539960861206,0.2562919855117798,0.7190250158309937,19.371164321899414,98.80427551269531,322.07147216796875,216.4037628173828
2025-02-05,96174.828125,2701.10498046875,195.3905792236328,2.3566479682922363,0.2543720006942749,0.7289459705352783,19.028745651245117,100.72579956054688,323.8624572753906,217.63070678710938
2025-02-06,95707.3515625,2662.44580078125,188.16552734375,2.2923290729522705,0.2439420074224472,0.7021329998970032,18.489131927490234,99.82597351074219,314.7781066894531,220.81085205078125
2025-02-07,95653.8828125,2564.96826171875,188.48074340820312,2.283989906311035,0.23954400420188904,0.6924769878387451,17.839513778686523,100.79510498046875,309.4197082519531,195.41993713378906
2025-02-08,95702.4921875,2591.778564453125,190.12876892089844,2.3557419776916504,0.24499200284481049,0.6847509741783142,17.926759719848633,102.03208923339844,315.6938781738281,204.8210906982422
2025-02-09,94745.2578125,2530.435791015625,194.24131774902344,2.3182339668273926,0.24030600488185883,0.6540560126304626,17.4949893951416,102.5184097290039,313.35894775390625,213.6649169921875
2025-02-10,95320.84375,2564.0185546875,196.38076782226562,2.330207109451294,0.24206100404262543,0.66560298204422,17.722257614135742,107.29493713378906,316.8863525390625,219.15725708007812
2025-02-11,94875.0390625,2565.397216796875,195.32150268554688,2.3763608932495117,0.24903100728988647,0.7107419967651367,18.31439208984375,118.28965759277344,326.2595520019531,219.0071258544922
2025-02-12,94101.203125,2551.174560546875,189.60842895507812,2.349436044692993,0.24889099597930908,0.7528030276298523,17.807748794555664,112.32292938232422,323.61187744140625,219.5398406982422
2025-02-13,95269.7109375,2615.667724609375,189.42771911621094,2.424654006958008,0.25404998660087585,0.7720170021057129,18.243806838989258,119.33539581298828,328.35015869140625,222.1199188232422
2025-02-14,96342.8046875,2666.26806640625,194.3540496826172,2.535259962081909,0.26120999455451965,0.7931399941444397,18.484304428100586,124.80476379394531,334.8716125488281,224.54429626464844
2025-02-15,97240.1953125,2668.53173828125,192.81378173828125,2.7218549251556396,0.2689409852027893,0.7771999835968018,18.77332878112793,124.56685638427734,331.4545593261719,228.8066864013672
2025-02-16,96060.9765625,2655.297607421875,186.97987365722656,2.700206995010376,0.26423799991607666,0.7647410035133362,18.623245239257812,125.26654815673828,326.3597106933594,227.7315216064453
2025-02-17,95243.546875,2640.18212890625,175.2635498046875,2.613455057144165,0.25448399782180786,0.7718629837036133,18.504398345947266,120.52629852294922,317.9869384765625,229.26876831054688
2025-02-18,93388.8359375,2606.900390625,161.30545043945312,2.4733290672302246,0.24260300397872925,0.7381849884986877,17.315549850463867,120.32439422607422,308.24761962890625,229.3976593017578
2025-02-19,95011.96875,2656.375732421875,163.9593963623047,2.517393112182617,0.2492779940366745,0.7372490167617798,17.482805252075195,129.49472045898438,312.1624450683594,233.3634490966797
2025-02-20,96442.671875,2708.216064453125,167.8734588623047,2.673609972000122,0.2505120038986206,0.7717170119285583,17.85224723815918,126.31468200683594,320.78662109375,227.7475128173828
2025-02-21,94852.9609375,2616.91943359375,167.30506896972656,2.5124850273132324,0.2349189966917038,0.7521179914474487,17.143821716308594,123.93376922607422,310.45538330078125,227.30296325683594
2025-02-22,95765.34375,2653.867431640625,168.367431640625,2.5561840534210205,0.23834000527858734,0.7585909962654114,17.35405158996582,125.83778381347656,312.9087219238281,230.6304473876953
2025-02-23,95270.453125,2746.773681640625,166.62765502929688,2.523690938949585,0.24065500497817993,0.7614660263061523,17.454648971557617,125.400634765625,320.8865966796875,231.94493103027344
2025-02-24,91371.7421875,2478.8994140625,140.56651306152344,2.2705368995666504,0.20832200348377228,0.680666983127594,15.196682929992676,113.86595916748047,291.3382873535156,226.72381591796875
2025-02-25,86008.234375,2326.632080078125,132.48583984375,2.075191020965576,0.1967640072107315,0.6338109970092773,14.164986610412598,107.50931549072266,277.3119812011719,212.7526092529297
2025-02-26,82131.8984375,2255.054931640625,130.69107055664062,2.1540091037750244,0.19636400043964386,0.6349819898605347,14.721742630004883,114.15335083007812,284.60968017578125,210.54135131835938
2025-02-27,83144.9609375,2230.4482421875,134.729736328125,2.149014949798584,0.20125499367713928,0.6284220218658447,14.809857368469238,121.86190032958984,290.605224609375,206.76795959472656
2025-02-28,78248.9140625,2076.169921875,125.74221801757812,1.9574079513549805,0.18187600374221802,0.5821880102157593,13.476812362670898,114.346923828125,270.59173583984375,205.6380157470703
2025-03-01,83794.234375,2144.090087890625,138.68467712402344,2.1229240894317627,0.19946299493312836,0.6267330050468445,14.244669914245605,123.18787384033203,307.99029541015625,216.4943389892578
2025-03-02,85040.2109375,2175.321533203125,140.29757690429688,2.177359104156494,0.2019049972295761,0.6461189985275269,14.444910049438477,118.43244934082031,310.0177001953125,222.26763916015625
2025-03-03,85081.3046875,2097.076171875,139.79010009765625,2.3117311000823975,0.19428199529647827,0.8381940126419067,14.418973922729492,107.10387420654297,311.9561462402344,214.35838317871094
2025-03-04,81529.2421875,1996.767578125,131.57347106933594,2.2298710346221924,0.1837339997291565,0.7684890031814575,13.172624588012695,94.65043640136719,292.4519958496094,211.53302001953125
2025-03-05,86379.7734375,2156.099365234375,140.59686279296875,2.418123960494995,0.19658300280570984,0.919651985168457,14.658366203308105,100.8563461303711,320.14996337890625,222.8349609375
2025-03-06,87852.140625,2177.677001953125,142.7803955078125,2.4742391109466553,0.19956600666046143,0.8882910013198853,16.413612365722656,102.27266693115234,385.3105163574219,224.582275390625
2025-03-07,84717.6796875,2103.47265625,135.7171630859375,2.357011079788208,0.19154700636863708,0.8115950226783752,15.782978057861328,98.03718566894531,384.3415222167969,216.77737426757812
2025-03-08,85247.484375,2107.72802734375,135.48297119140625,2.309607982635498,0.19150599837303162,0.7968320250511169,15.156147003173828,102.07647705078125,377.5358581542969,214.70816040039062
2025-03-09,80052.484375,1991.1934814453125,125.93571472167969,2.0909829139709473,0.16628700494766235,0.7128279805183411,13.65831184387207,93.9979248046875,356.64630126953125,210.8318634033203
2025-03-10,77420.59375,1812.766845703125,115.91789245605469,2.0005240440368652,0.15136399865150452,0.6611070036888123,12.474601745605469,86.63914489746094,331.64532470703125,197.072265625
2025-03-11,76624.25,1760.9417724609375,113.189208984375,1.9165899753570557,0.14534999430179596,0.6536449790000916,11.94257926940918,83.87242889404297,318.9726867675781,196.7954864501953
2025-03-12,80635.25,1832.01904296875,121.36756134033203,2.1420629024505615,0.1597909927368164,0.7125800251960754,12.667600631713867,87.6803207397461,331.29119873046875,204.38528442382812
2025-03-13,79931.8515625,1823.525390625,120.90947723388672,2.218756914138794,0.16209499537944794,0.6925600171089172,12.741003036499023,86.41110229492188,324.73046875,205.03778076171875
2025-03-14,80797.5625,1861.10595703125,123.11714935302734,2.2400801181793213,0.16492700576782227,0.6998530030250549,13.01618480682373,87.9225845336914,325.6778259277344,205.89010620117188
2025-03-15,83639.59375,1904.9656982421875,132.55995178222656,2.356360912322998,0.17156100273132324,0.7331420183181763,13.668221473693848,91.08111572265625,328.5343322753906,208.22772216796875
2025-03-16,82017.90625,1863.489013671875,125.38740539550781,2.2745769023895264,0.16622699797153473,0.6990389823913574,13.240715026855469,88.65928649902344,325.58892822265625,208.46678161621094
2025-03-17,82492.15625,1880.484375,125.86190032958984,2.2955119609832764,0.1681929975748062,0.705269992351532,13.365700721740723,90.30828094482422,331.5973815917969,208.50421142578125
2025-03-18,81179.9921875,1872.5089111328125,121.94453430175781,2.226325035095215,0.16323700547218323,0.6839810013771057,13.499043464660645,87.34113311767578,330.010986328125,205.12249755859375
2025-03-19,82569.7265625,1928.24951171875,124.29732513427734,2.2691650390625,0.16700400412082672,0.7012720108032227,13.794672966003418,89.45930480957031,332.6737060546875,204.7989501953125
2025-03-20,83647.1953125,1952.2432861328125,126.85357666015625,2.394331932067871,0.16704200208187103,0.7135390043258667,14.104474067687988,90.2431869506836,330.4903259277344,206.9990997314453
2025-03-21,83171.0703125,1937.2115478515625,124.97737121582031,2.3595709800720215,0.16495899856090546,0.7017549872398376,13.847296714782715,90.93335723876953,321.7940673828125,206.67050170898438
2025-03-22,83674.78125,1964.27099609375,127.93255615234375,2.362138032913208,0.1668040007352829,0.6991220116615295,13.949766159057617,90.50015258789062,321.3017578125,212.7925262451172
2025-03-23,83794.9140625,1977.7093505859375,128.34225463867188,2.3670101165771484,0.16718000173568726,0.6932539939880371,14.226696968078613,90.77978515625,320.88958740234375,214.3868408203125
2025-03-24,85541.1953125,1978.7637939453125,132.16180419921875,2.415477991104126,0.17087900638580322,0.7067490220069885,14.180116653442383,90.95836639404297,321.7784118652344,216.52886962890625
2025-03-25,86346.078125,2038.64453125,138.3466796875,2.4102089405059814,0.18128299713134766,0.72223299741745,14.894515991210938,92.07332611083984,327.0877685546875,218.63670349121094
2025-03-26,85861.453125,1982.412353515625,136.1363525390625,2.331583023071289,0.18985199928283691,0.721930980682373,14.98615837097168,91.23176574707031,328.9994812011719,219.74169921875
2025-03-27,85837.9375,1987.7177734375,135.92221069335938,2.3071699142456055,0.18831199407577515,0.7227590084075928,15.19495677947998,92.31645202636719,321.6712341308594,220.71360778808594
2025-03-28,83557.640625,1863.0106201171875,127.98094177246094,2.159485101699829,0.17748400568962097,0.6906650066375732,14.030012130737305,85.85205078125,305.025634765625,215.45497131347656
2025-03-29,81634.140625,1799.2008056640625,123.07389068603516,2.0647339820861816,0.16658300161361694,0.6611850261688232,13.403438568115234,84.46468353271484,299.4413146972656,212.9986114501953
2025-03-30,81573.25,1769.4127197265625,123.3007583618164,2.111093044281006,0.16497400403022766,0.6520990133285522,13.225685119628906,84.82988739013672,294.5411376953125,215.36260986328125
2025-03-31,81293.890625,1778.6922607421875,123.07923889160156,2.0272419452667236,0.16049200296401978,0.6312100291252136,12.989530563354492,81.0151596069336,290.2252197265625,213.97744750976562
2025-04-01,82429.359375,1820.350341796875,123.94904327392578,2.068234920501709,0.16621500253677368,0.6591150164604187,13.5032377243042,82.95877075195312,302.69598388671875,214.8798370361328
2025-04-02,82343.5390625,1782.76025390625,117.74427795410156,1.9911190271377563,0.1624089926481247,0.6371780037879944,12.833842277526855,81.16949462890625,291.0789794921875,213.25860595703125
2025-04-03,81282.1015625,1751.380859375,112.47826385498047,1.9658050537109375,0.15573500096797943,0.6152229905128479,12.329806327819824,80.36215209960938,292.34014892578125,207.66543579101562
2025-04-04,81670.75,1760.588623046875,113.60323333740234,2.022510051727295,0.16042999923229218,0.6296859979629517,12.390082359313965,81.79515075683594,295.23699951171875,212.92091369628906
2025-04-05,82377.734375,1767.5135498046875,117.18880462646484,2.1146841049194336,0.16637800633907318,0.6457549929618835,12.58227825164795,81.7977294921875,297.1915588378906,211.03555297851562
2025-04-06,77097.7421875,1539.43798828125,104.0041275024414,1.8691350221633911,0.14645199477672577,0.5617870092391968,11.027206420898438,68.6411361694336,266.0008239746094,196.27664184570312
2025-04-07,74436.6796875,1415.37353515625,96.58806610107422,1.6400879621505737,0.1315069943666458,0.5162259936332703,10.19619369506836,63.751861572265625,250.79257202148438,185.3751220703125
2025-04-08,76198.0234375,1447.610107421875,103.14452362060547,1.7820090055465698,0.14151400327682495,0.5544250011444092,10.809950828552246,68.42230224609375,267.3828125,194.596435546875
2025-04-09,74589.671875,1386.79931640625,101.43473815917969,1.7256139516830444,0.13672000169754028,0.5380139946937561,10.47804069519043,66.73370361328125,259.43267822265625,192.62486267089844
2025-04-10,78456.1328125,1474.9141845703125,108.60169219970703,1.9282950162887573,0.14941899478435516,0.588096022605896,11.726917266845703,71.30794525146484,283.2398376464844,198.35240173339844
2025-04-11,78936.3203125,1505.001953125,112.1864242553711,1.9500349760055542,0.15336300432682037,0.60663902759552,12.038867950439453,73.72712707519531,289.6643981933594,200.05470275878906
2025-04-12,82769.375,1546.819580078125,119.65934753417969,2.004678964614868,0.15787699818611145,0.617717981338501,12.481487274169922,74.93739318847656,311.5403747558594,204.67579650878906
2025-04-13,83027.0078125,1564.8388671875,125.52386474609375,2.0881030559539795,0.16132000088691711,0.6318590044975281,12.480043411254883,76.96993255615234,336.3592224121094,200.9727020263672
2025-04-14,83690.640625,1596.0865478515625,128.23287963867188,2.110461950302124,0.15768900513648987,0.630066990852356,12.59218978881836,75.94672393798828,323.5250549316406,203.18978881835938
2025-04-15,83598.8203125,1585.2291259765625,126.1368637084961,2.0852599143981934,0.15325799584388733,0.6077629923820496,12.230387687683105,74.84861755371094,317.63555908203125,210.70033264160156
2025-04-16,83100.6171875,1540.0338134765625,123.72075653076172,2.0397379398345947,0.15094399452209473,0.5973309874534607,11.96965503692627,73.61559295654297,315.5398254394531,215.21144104003906
2025-04-17,83749.75,1564.1956787109375,129.73309326171875,2.055849075317383,0.15318100154399872,0.6097490191459656,12.218425750732422,73.76600646972656,321.49267578125,215.18161010742188
2025-04-18,84298.8828125,1573.9039306640625,132.58799743652344,2.046036958694458,0.15377399325370789,0.6111559867858887,12.416664123535156,74.66255950927734,327.79046630859375,214.81956481933594
2025-04-19,84353.4609375,1585.4730224609375,133.69476318359375,2.0593600273132324,0.15652300417423248,0.6197729706764221,12.546541213989258,75.0457763671875,332.9826965332031,210.101806640625
2025-04-20,83976.84375,1566.6915283203125,135.77146911621094,2.040719985961914,0.15274499356746674,0.6105179786682129,12.888043403625488,75.48567199707031,331.9967956542969,212.6958770751953
2025-04-21,85143.8359375,1566.1474609375,134.1223602294922,2.063260078430176,0.1551399976015091,0.6176490187644958,12.997052192687988,77.48104095458984,335.9322204589844,213.04600524902344
2025-04-22,87084.53125,1542.0003662109375,135.3777618408203,2.0689029693603516,0.15795400738716125,0.6183760166168213,12.95560073852539,77.72876739501953,337.42340087890625,214.8917999267578
2025-04-23,91962.9609375,1746.924072265625,147.45079040527344,2.1973249912261963,0.17565800249576569,0.6784219741821289,14.043895721435547,82.44451141357422,354.2479248046875,225.0916748046875
2025-04-24,91696.7109375,1724.74072265625,145.66134643554688,2.123378038406372,0.17026099562644958,0.6714910268783569,14.183257102966309,80.93468475341797,344.7096252441406,221.51837158203125
2025-04-25,92898.59375,1740.3319091796875,150.12779235839844,2.1668879985809326,0.17812000215053558,0.7033529877662659,14.737112998962402,83.05924224853516,349.1286926269531,227.07008361816406
2025-04-26,93927.25,1781.473876953125,148.03741455078125,2.182373046875,0.18041099607944489,0.7023699879646301,14.727187156677246,85.4305191040039,355.7266540527344,227.1820526123047
2025-04-27,93665.3984375,1785.902099609375,145.7666015625,2.163794994354248,0.17700299620628357,0.6924610137939453,14.42035961151123,84.7317886352539,345.6003112792969,227.5372772216797
2025-04-28,92860.8046875,1747.726806640625,144.89144897460938,2.2270898818969727,0.17437300086021423,0.6843479871749878,14.286677360534668,83.93118286132812,342.68426513671875,233.90005493164062
2025-04-29,93796.6328125,1782.28125,145.16932678222656,2.2238850593566895,0.17279499769210815,0.6903160214424133,14.501120567321777,84.69388580322266,361.1186828613281,258.6304626464844
2025-04-30,92979.640625,1736.1429443359375,140.71209716796875,2.129767894744873,0.1672690063714981,0.6668940186500549,13.885998725891113,81.77094268798828,356.13641357421875,266.5312194824219
2025-05-01,94153.6328125,1793.151123046875,147.61297607421875,2.1911280155181885,0.1722940057516098,0.6818259954452515,14.29261302947998,83.47244262695312,360.4165344238281,270.3450927734375
2025-05-02,96375.9453125,1814.73046875,147.45223999023438,2.1949219703674316,0.17944000661373138,0.6900730133056641,14.53016185760498,87.3414077758789,359.6660461425781,270.171630859375
2025-05-03,95821.2890625,1812.815673828125,146.1094970703125,2.180974006652832,0.17550800740718842,0.6927149891853333,14.207695007324219,85.81533813476562,363.1120300292969,269.77880859375
2025-05-04,94173.4296875,1804.4951171875,143.82241821289062,2.154179096221924,0.17017099261283875,0.6733899712562561,13.8451509475708,84.94183349609375,353.4664306640625,264.8735046386719
2025-05-05,93566.265625,1783.3148193359375,142.89988708496094,2.1095800399780273,0.16866600513458252,0.6559979915618896,13.50048828125,82.35894012451172,349.96343994140625,270.2019348144531
2025-05-06,93399.859375,1753.3154296875,141.6705322265625,2.0805420875549316,0.16439799964427948,0.6446290016174316,13.222562789916992,81.18242645263672,350.6373291015625,273.61932373046875
2025-05-07,95829.3359375,1788.6873779296875,144.88270568847656,2.108920097351074,0.16948099434375763,0.6565380096435547,13.488747596740723,87.30937957763672,355.7275390625,278.7156982421875
2025-05-08,96913.875,1809.4569091796875,147.2141876220703,2.1193130016326904,0.17189300060272217,0.6707760095596313,13.81813907623291,89.44945526123047,382.3884582519531,281.2727966308594
2025-05-09,102343.09375,2186.054443359375,161.24777221679688,2.2902519702911377,0.193339005112648,0.7558590173721313,15.60124683380127,93.95565795898438,404.46673583984375,295.8725280761719
2025-05-10,102830.484375,2320.235107421875,168.92941284179688,2.340177059173584,0.20361000299453735,0.7730349898338318,15.897950172424316,100.4412612915039,410.7369689941406,309.9524841308594
2025-05-11,103364.7421875,2441.730712890625,169.7177276611328,2.3339169025421143,0.223580002784729,0.7842689752578735,16.336931228637695,98.50720977783203,403.46588134765625,318.6452331542969
2025-05-12,100814.40625,2411.594482421875,169.07826232910156,2.3588039875030518,0.22218500077724457,0.7872480154037476,16.158239364624023,98.951904296875,399.6185607910156,330.7635803222656
2025-05-13,101515.09375,2418.32568359375,166.80731201171875,2.427625894546509,0.21802300214767456,0.7742679715156555,16.076160430908203,99.7132797241211,392.215576171875,332.33465576171875
2025-05-14,102618.296875,2549.68505859375,173.7317352294922,2.524127960205078,0.22874200344085693,0.7907559871673584,16.71763801574707,98.7301254272461,399.60626220703125,336.934814453125
2025-05-15,101440.8125,2482.212890625,167.28016662597656,2.3590009212493896,0.21492299437522888,0.7468500137329102,15.732940673828125,95.88257598876953,383.8249816894531,332.00421142578125
2025-05-16,103137.4765625,2532.027099609375,166.75723266601562,2.3506529331207275,0.2183160036802292,0.752905011177063,15.648833274841309,98.40641784667969,393.8097839355469,332.1894836425781
2025-05-17,102659.1796875,2449.0693359375,164.22494506835938,2.3032031059265137,0.21148799359798431,0.7294650077819824,15.115089416503906,95.76721954345703,386.72149658203125,332.460693359375
2025-05-18,103142.6015625,2344.668212890625,165.51353454589844,2.3522820472717285,0.2143779993057251,0.7246180176734924,15.041558265686035,96.13927459716797,391.5286560058594,335.7917175292969
2025-05-19,102112.6875,2353.427001953125,159.64749145507812,2.2868640422821045,0.21454499661922455,0.7120149731636047,14.870426177978516,94.53633117675781,376.310791015625,335.8852233886719
2025-05-20,104206.515625,2446.44677734375,164.77964782714844,2.3174281120300293,0.21804599463939667,0.7238219976425171,15.267698287963867,92.53456115722656,384.66180419921875,342.8246154785156
2025-05-21,106127.234375,2454.537841796875,166.30487060546875,2.3348751068115234,0.2232930064201355,0.7394649982452393,15.57288932800293,93.71061706542969,391.17425537109375,350.253173828125
2025-05-22,109285.0703125,2546.434814453125,172.7552490234375,2.392353057861328,0.2340639978647232,0.769894003868103,16.074617385864258,97.13811492919922,407.4554748535156,384.1321716308594
2025-05-23,106841.3046875,2504.87353515625,173.5706329345703,2.2903330326080322,0.22377799451351166,0.745015025138855,15.459900856018066,94.84696197509766,425.318115234375,377.1741027832031
2025-05-24,106895.2890625,2516.01806640625,172.79171752929688,2.292414903640747,0.2240539938211441,0.7427840232849121,15.26587963104248,95.02900695800781,420.0252990722656,384.867431640625
2025-05-25,106683.375,2467.880126953125,169.3577880859375,2.2705280780792236,0.21623100340366364,0.7299140095710754,14.90377426147461,93.31779479980469,408.3558044433594,395.5326232910156
2025-05-26,108735.640625,2530.321533203125,173.7002410888672,2.298753023147583,0.22301000356674194,0.7529550194740295,15.439311027526855,94.50860595703125,413.61328125,394.9448547363281
2025-05-27,107609.5546875,2512.588623046875,171.57545471191406,2.2724521160125732,0.2201099991798401,0.7456949949264526,15.195240020751953,93.24906921386719,409.4835510253906,370.28363037109375
2025-05-28,106812.9296875,2611.160888671875,169.10569763183594,2.2305309772491455,0.21721599996089935,0.7334709763526917,15.327399253845215,93.59364318847656,404.9913635253906,322.1752624511719
2025-05-29,105374.3984375,2620.982666015625,166.25851440429688,2.244018077850342,0.21458299458026886,0.7220939993858337,15.038724899291992,93.06096649169922,405.7762451171875,333.4545593261719
2025-05-30,103685.7890625,2510.163818359375,156.03465270996094,2.1384530067443848,0.1921350061893463,0.6871060132980347,13.87475299835205,85.53031158447266,397.031982421875,325.24835205078125
2025-05-31,103136.1171875,2484.215576171875,152.441650390625,2.0855250358581543,0.1860630065202713,0.6580939888954163,13.446073532104492,83.3930892944336,391.6991882324219,313.9880676269531
2025-06-01,103826.953125,2472.540771484375,150.84341430664062,2.128967046737671,0.18726800382137299,0.6567090153694153,13.632993698120117,86.11663818359375,397.5145568847656,320.7803649902344
2025-06-02,103727.546875,2477.292724609375,151.99745178222656,2.1388540267944336,0.18887199461460114,0.6652690172195435,13.618180274963379,87.06846618652344,397.6424560546875,341.41656494140625
2025-06-03,104920.84375,2582.25048828125,154.70765686035156,2.1861350536346436,0.1921900063753128,0.6772040128707886,14.017438888549805,88.85591125488281,400.3507385253906,341.7594909667969
2025-06-04,104232.703125,2585.73779296875,153.17564392089844,2.1981959342956543,0.18742699921131134,0.663910984992981,13.751371383666992,87.59291076660156,398.31085205078125,303.01947021484375
2025-06-05,100436.8828125,2395.753662109375,141.90293884277344,2.064732074737549,0.16923299431800842,0.6210359930992126,12.68183708190918,82.18511962890625,379.1656494140625,310.6288146972656
2025-06-06,101169.5703125,2387.608642578125,144.44039916992188,2.0886659622192383,0.17018400132656097,0.6237900257110596,12.878641128540039,83.58772277832031,381.13848876953125,315.9189453125
2025-06-07,103987.3125,2459.13720703125,147.18727111816406,2.1518170833587646,0.1780339926481247,0.6517279744148254,13.510598182678223,86.7828369140625,394.48333740234375,320.5008544921875
2025-06-08,105075.328125,2493.920166015625,148.22442626953125,2.1692090034484863,0.18122300505638123,0.6539859771728516,13.578298568725586,86.7765884399414,406.78302001953125,324.1224670410156
2025-06-09,105400.234375,2479.867919921875,149.8399200439453,2.2255001068115234,0.18045400083065033,0.6576089859008789,13.56507682800293,86.82691192626953,411.21612548828125,324.9434814453125
2025-06-10,108367.7109375,2658.67724609375,156.84259033203125,2.26800799369812,0.18988700211048126,0.6871809959411621,14.34074878692627,89.61417388916016,418.6221923828125,328.9444885253906
2025-06-11,108086.328125,2746.4599609375,159.42578125,2.2572200298309326,0.19159400463104248,0.692110002040863,14.798277854919434,90.5169448852539,423.0916442871094,325.4068298339844
2025-06-12,105785.6875,2619.966552734375,152.23741149902344,2.1762380599975586,0.18053199350833893,0.6587839722633362,13.870741844177246,86.16217803955078,424.1990661621094,314.9233093261719
2025-06-13,102822.0234375,2443.962646484375,141.43714904785156,2.0890591144561768,0.17079199850559235,0.6203640103340149,12.813789367675781,81.53981018066406,398.740234375,300.5472717285156
2025-06-14,104379.3671875,2491.49072265625,142.22569274902344,2.113940954208374,0.17497800290584564,0.6148920059204102,12.871607780456543,84.38018035888672,421.7742004394531,307.2698974609375
2025-06-15,104519.8828125,2493.20458984375,144.36363220214844,2.140233039855957,0.1717579960823059,0.6216949820518494,13.014958381652832,85.1011734008789,430.8075866699219,311.310302734375
2025-06-16,104997.625,2517.145263671875,150.8699951171875,2.1541459560394287,0.1726980060338974,0.6259850263595581,13.194231986999512,85.50926208496094,452.0440673828125,314.24163818359375
2025-06-17,103396.53125,2456.64892578125,145.87115478515625,2.146059989929199,0.1643030047416687,0.6009719967842102,12.837238311767578,82.65823364257812,458.46453857421875,317.2497863769531
2025-06-18,103602.265625,2469.05029296875,143.96722412109375,2.120965003967285,0.16437900066375732,0.5897449851036072,12.657727241516113,83.46928405761719,457.56634521484375,314.2098083496094
2025-06-19,103940.7734375,2486.101806640625,143.11187744140625,2.146401882171631,0.16793599724769592,0.5910850167274475,12.933841705322266,84.40480041503906,454.105224609375,303.15692138671875
2025-06-20,102372.2109375,2371.474365234375,136.5124053955078,2.089282989501953,0.1588670015335083,0.5629760026931763,12.327030181884766,81.1500015258789,473.147216796875,304.11175537109375
2025-06-21,100973.0625,2222.8125,132.41424560546875,2.026771068572998,0.15177999436855316,0.546658992767334,11.776225090026855,79.15865325927734,459.4090270996094,306.0388488769531
2025-06-22,98286.203125,2116.681396484375,126.82627868652344,1.913148045539856,0.14377400279045105,0.513185977935791,11.0082368850708,76.42152404785156,437.9855651855469,289.5018310546875
2025-06-23,99705.75,2191.418212890625,131.16085815429688,1.9673360586166382,0.14915800094604492,0.5308489799499512,11.455294609069824,79.72673034667969,438.8252258300781,293.500244140625
2025-06-24,104740.2421875,2379.5693359375,142.56668090820312,2.1343369483947754,0.1620270013809204,0.5775930285453796,12.812163352966309,83.97821807861328,449.6499328613281,306.20782470703125
2025-06-25,105881.390625,2394.607421875,142.55795288085938,2.1726629734039307,0.16299200057983398,0.5645189881324768,13.015178680419922,84.10187530517578,453.8260192871094,310.41717529296875
2025-06-26,106666.3515625,2399.533935546875,138.8082275390625,2.1003410816192627,0.1583700031042099,0.5515450239181519,12.906155586242676,83.99732971191406,482.2186279296875,309.062744140625
2025-06-27,106449.9921875,2386.324951171875,137.79420471191406,2.072066068649292,0.15746499598026276,0.5460289716720581,12.75594711303711,83.30979919433594,485.6226806640625,302.9806823730469
2025-06-28,106883.9765625,2407.76171875,141.3493194580078,2.1364738941192627,0.160631000995636,0.5561749935150146,13.01707935333252,84.66112518310547,487.5185241699219,303.87591552734375
2025-06-29,107230.109375,2417.625244140625,149.532470703125,2.1789140701293945,0.1627119928598404,0.5557510256767273,13.257943153381348,85.92716979980469,488.8601379394531,306.57049560546875
2025-06-30,106759.6484375,2438.054931640625,149.61244201660156,2.1717329025268555,0.16262699663639069,0.558247983455658,13.1399507522583,84.93173217773438,488.92864990234375,311.6099548339844
2025-07-01,105270.2265625,2389.81591796875,145.212890625,2.1514201164245605,0.15706300735473633,0.5384230017662048,12.81210708618164,82.4891357421875,499.466552734375,310.2794189453125
2025-07-02,105157.3984375,2378.3935546875,146.232177734375,2.1626439094543457,0.15703600645065308,0.5405160188674927,12.7755765914917,83.17454528808594,499.4970703125,310.0928955078125
2025-07-03,108605.796875,2558.58251953125,150.15145874023438,2.22918701171875,0.1677580028772354,0.5833280086517334,13.450904846191406,87.04298400878906,492.5596008300781,315.9985046386719
2025-07-04,107296.3828125,2475.7548828125,145.45196533203125,2.200514078140259,0.16158199310302734,0.5643470287322998,12.968308448791504,85.83561706542969,472.5374450683594,312.36627197265625
2025-07-05,107842.2734375,2489.00244140625,146.07684326171875,2.2036290168762207,0.1623850017786026,0.5707169771194458,13.017115592956543,85.9324722290039,481.3070373535156,311.43865966796875
2025-07-06,107847.015625,2505.370849609375,146.8997344970703,2.2115418910980225,0.1632709950208664,0.5714989900588989,13.115331649780273,86.54900360107422,483.2451477050781,312.706787109375
2025-07-07,107527.0546875,2517.903564453125,147.78939819335938,2.257966995239258,0.1659040004014969,0.574753999710083,13.265763282775879,85.22537994384766,489.8722229003906,313.908447265625
2025-07-08,107499.5546875,2525.437744140625,147.9498748779297,2.250070095062256,0.16613100469112396,0.5734999775886536,13.208902359008789,85.58676147460938,494.4668884277344,309.9258117675781
2025-07-09,108357.6796875,2591.947021484375,150.69989013671875,2.2990660667419434,0.17010299861431122,0.5844860076904297,13.824827194213867,87.21420288085938,500.2592468261719,314.08233642578125
2025-07-10,110660.75,2757.2666015625,156.0460662841797,2.3972949981689453,0.17892099916934967,0.6181489825248718,14.162206649780273,90.21781921386719,503.13116455078125,321.03643798828125
2025-07-11,115245.6875,2916.95654296875,160.06564331054688,2.5175468921661377,0.19177600741386414,0.6695579886436462,15.06379222869873,92.991943359375,514.771240234375,322.9796447753906
2025-07-12,116977.0234375,2907.193603515625,157.99803161621094,2.669909954071045,0.19224399328231812,0.6901879906654358,14.732000350952148,90.90095520019531,502.8403625488281,325.6888732910156
2025-07-13,117265.4375,2938.736572265625,159.9158477783203,2.7268970012664795,0.19626200199127197,0.7060819864273071,15.06334114074707,92.60377502441406,501.8155212402344,329.9195556640625
2025-07-14,118959.1953125,2965.32373046875,160.7777862548828,2.8271820545196533,0.1955299973487854,0.7237309813499451,15.633966445922852,94.32838439941406,499.0111999511719,336.1071472167969
2025-07-15,115765.6875,2934.371337890625,157.60275268554688,2.808501958847046,0.1887509971857071,0.7117230296134949,15.177321434020996,91.43003845214844,483.23162841796875,331.8759460449219
2025-07-16,117064.8203125,3102.477783203125,161.69142150878906,2.8827059268951416,0.19572100043296814,0.7340729832649231,15.83807373046875,95.2217788696289,492.8641662597656,325.85821533203125
2025-07-17,117508.21875,3315.9990234375,169.03152465820312,3.005836009979248,0.2073819935321808,0.742796003818512,16.355257034301758,95.61459350585938,488.8630676269531,330.4153747558594
2025-07-18,116925.984375,3463.38623046875,173.91468811035156,3.3606159687042236,0.2167550027370453,0.8007749915122986,17.382516860961914,100.21292877197266,500.0242919921875,317.8608093261719
2025-07-19,117388.4140625,3512.97314453125,174.31314086914062,3.361759901046753,0.23608200252056122,0.8056920170783997,17.597972869873047,99.8890151977539,502.6670837402344,317.9070129394531
2025-07-20,116550.1328125,3582.349609375,176.52830505371094,3.390993118286133,0.24024200439453125,0.8245289921760559,18.345531463623047,110.85592651367188,511.06951904296875,322.1165466308594
2025-07-21,116584.3984375,3705.353759765625,178.56219482421875,3.4161550998687744,0.26493000984191895,0.8441449999809265,19.043912887573242,114.82139587402344,518.0252685546875,312.5614929199219
2025-07-22,116233.2265625,3624.140380859375,194.2823028564453,3.4308359622955322,0.25819501280784607,0.8549190163612366,18.673250198364258,112.97354888916016,512.6481323242188,315.5713195800781
2025-07-23,117391.390625,3532.8564453125,184.32736206054688,3.0699470043182373,0.23208700120449066,0.7933470010757446,17.600730895996094,109.18413543701172,501.859130859375,308.1630859375
2025-07-24,117247.96875,3514.999267578125,179.94815063476562,2.9854791164398193,0.22327899932861328,0.7656610012054443,17.221303939819336,106.9859848022461,491.54473876953125,310.1770324707031
2025-07-25,114759.8203125,3579.962890625,176.41354370117188,3.009105920791626,0.22198200225830078,0.7776939868927002,17.331472396850586,108.65922546386719,510.7155456542969,319.0020446777344
2025-07-26,117181.2265625,3702.774169921875,184.5326690673828,3.113023042678833,0.23318499326705933,0.813040018081665,18.19313621520996,112.1849136352539,552.1812744140625,319.9057922363281
2025-07-27,117859.6875,3733.681640625,184.74012756347656,3.16269588470459,0.2347390055656433,0.8154550194740295,18.378137588500977,112.6373291015625,556.2771606445312,321.2074279785156
2025-07-28,117441.4375,3756.515869140625,182.36875915527344,3.1140570640563965,0.224932000041008,0.7890660166740417,18.025259017944336,108.50888061523438,569.6373291015625,315.1110534667969
2025-07-29,116987.3671875,3716.88330078125,178.57058715820312,3.061113119125366,0.21831299364566803,0.7715070247650146,17.509807586669922,107.0328598022461,560.4815063476562,313.0646667480469
2025-07-30,115800.828125,3683.14453125,172.34226989746094,3.0166521072387695,0.2110079973936081,0.7426159977912903,16.885568618774414,106.57289123535156,556.5669555664062,303.7355651855469
2025-07-31,115505.21875,3685.004150390625,171.85279846191406,3.0180630683898926,0.20921799540519714,0.7382389903068542,16.890682220458984,105.9680404663086,561.45263671875,303.21331787109375
2025-08-01,112724.4453125,3432.3798828125,159.78857421875,2.9082601070404053,0.19677700102329254,0.7008630037307739,15.758098602294922,103.7477035522461,530.8395385742188,295.8073425292969
2025-08-02,112005.765625,3370.943115234375,156.0843505859375,2.747067928314209,0.189627006649971,0.6865170001983643,15.46423053741455,104.56810760498047,518.4656982421875,289.8374328613281
2025-08-03,111943.8046875,3357.93896484375,156.87167358398438,2.7463839054107666,0.1895419955253601,0.6910359859466553,15.521000862121582,104.65965270996094,516.455810546875,293.90142822265625
2025-08-04,114130.40625,3491.554931640625,161.43699645996094,2.9358890056610107,0.19865299761295319,0.7259089946746826,16.286441802978516,110.28350067138672,544.4057006835938,303.4421691894531
2025-08-05,112701.109375,3547.62109375,161.64089965820312,2.923888921737671,0.1964469999074936,0.7152330279350281,16.108394622802734,119.74081420898438,542.3895874023438,288.61871337890625
2025-08-06,113372.25,3567.095947265625,161.40118408203125,2.9063880443573,0.19574099779129028,0.7114310264587402,16.060617446899414,115.29591369628906,549.0108642578125,278.91510009765625
2025-08-07,114279.7109375,3650.365966796875,166.89454650878906,2.9683361053466797,0.20354300737380981,0.7349249720573425,16.599483489990234,117.5774917602539,568.5697631835938,248.25119018554688
2025-08-08,115917.4609375,3882.443115234375,173.70159912109375,3.213244915008545,0.2200150042772293,0.7779819965362549,18.137020111083984,119.70303344726562,573.669677734375,256.7668151855469
2025-08-09,116363.8359375,4007.709228515625,176.7598419189453,3.215956926345825,0.22995799779891968,0.7907249927520752,19.804473876953125,120.35804748535156,567.5014038085938,269.4179992675781
2025-08-10,116485.1640625,4163.9404296875,177.99513244628906,3.160249948501587,0.22997799515724182,0.7881919741630554,21.22233009338379,118.60415649414062,561.1895141601562,262.71197509765625
2025-08-11,118159.03125,4168.875,173.68667602539062,3.1220450401306152,0.221561998128891,0.7683820128440857,20.874250411987305,119.73428344726562,569.9832763671875,264.7117614746094
2025-08-12,118228.71875,4222.3623046875,173.8356170654297,3.112154960632324,0.21919700503349304,0.7677559852600098,21.059091567993164,118.53736877441406,579.281494140625,244.4244842529297
2025-08-13,118939.6328125,4566.23876953125,191.49545288085938,3.2074968814849854,0.2316019982099533,0.8340409994125366,23.28087043762207,128.74183654785156,602.3524169921875,245.76011657714844
2025-08-14,117254.8828125,4461.28173828125,187.7833709716797,3.0372560024261475,0.21813300251960754,0.8811659812927246,21.91804313659668,119.89668273925781,583.9264526367188,240.4154815673828
2025-08-15,116864.5703125,4375.54541015625,183.76400756835938,3.008507013320923,0.22067099809646606,0.9141719937324524,21.4353084564209,116.83715057373047,581.0377197265625,233.09095764160156
2025-08-16,117271.953125,4379.16455078125,185.45777893066406,3.0780301094055176,0.22639699280261993,0.9038339853286743,21.44015884399414,117.35562896728516,577.9286499023438,233.5173797607422
2025-08-17,117279.5234375,4400.71337890625,187.7236785888672,3.088334083557129,0.22872599959373474,0.9068949818611145,22.405393600463867,119.99160766601562,582.4708862304688,252.07525634765625
2025-08-18,114723.6796875,4229.3798828125,180.4141082763672,2.947266101837158,0.2204589992761612,0.8944900035858154,24.413923263549805,115.56209564208984,561.6901245117188,264.8504333496094
2025-08-19,112730.3984375,4070.535400390625,175.99241638183594,2.8519508838653564,0.20896600186824799,0.8449310064315796,23.49547576904297,112.38813781738281,547.9998779296875,259.267822265625
2025-08-20,112387.9609375,4064.965087890625,176.10101318359375,2.8267319202423096,0.208529993891716,0.8397660255432129,23.406177520751953,112.48587036132812,544.8709106445312,249.4266815185547
2025-08-21,111986.234375,4205.77685546875,179.7133331298828,2.84397292137146,0.2140990048646927,0.8485270142555237,24.662166595458984,113.56800079345703,551.024169921875,255.4295196533203
2025-08-22,111678.9453125,4209.47216796875,177.47476196289062,2.7843430042266846,0.20875099301338196,0.8234189748764038,24.165956497192383,112.6678466796875,551.385986328125,256.2179870605469
2025-08-23,114536.109375,4669.72509765625,195.37184143066406,2.970676898956299,0.22927099466323853,0.8922950029373169,25.55670928955078,119.83235168457031,584.5089111328125,259.5149841308594
2025-08-24,111060.546875,4714.47265625,201.7071990966797,2.9989240169525146,0.22837400436401367,0.8891630172729492,25.315187454223633,117.30414581298828,583.8507690429688,265.7421569824219
2025-08-25,109324.28125,4343.947265625,186.02505493164062,2.833379030227661,0.2072010040283203,0.8330489993095398,23.172521591186523,107.12153625488281,538.02001953125,264.8110046386719
2025-08-26,108762.0390625,4316.30078125,186.17344665527344,2.8577210903167725,0.20824599266052246,0.8321030139923096,22.90843963623047,109.10990142822266,532.8626708984375,261.0001220703125
2025-08-27,110398.265625,4489.2978515625,194.0631103515625,2.964276075363159,0.21631599962711334,0.8500970005989075,23.644817352294922,112.04985046386719,544.64892578125,266.8271789550781
2025-08-28,110900.921875,4435.109375,202.00714111328125,2.946099042892456,0.21723699569702148,0.8438339829444885,23.600099563598633,111.56938171386719,548.7591552734375,264.59027099609375
2025-08-29,107559.625,4272.45947265625,200.43594360351562,2.780958890914917,0.21003800630569458,0.8121979832649231,23.15446662902832,108.86856079101562,529.0952758789062,256.1716613769531
2025-08-30,107444.4453125,4264.1953125,197.89419555664062,2.771291971206665,0.2120019942522049,0.809112012386322,22.896635055541992,108.60655212402344,525.436767578125,255.74288940429688
2025-08-31,108104.65625,4373.5966796875,200.6566925048828,2.774384021759033,0.2135629951953888,0.8110020160675049,23.22342872619629,108.89058685302734,542.7286987304688,258.7520446777344
2025-09-01,107271.1796875,4221.24755859375,194.37802124023438,2.70644211769104,0.20545299351215363,0.7857739925384521,22.17880630493164,106.79910278320312,530.5772705078125,257.9031982421875
2025-09-02,108454.03125,4260.45947265625,197.09365844726562,2.7507479190826416,0.2069990038871765,0.7993289828300476,22.372440338134766,108.54483795166016,544.0823364257812,259.4850769042969
2025-09-03,110582.9609375,4286.2060546875,207.58407592773438,2.814042091369629,0.21265900135040283,0.8273550271987915,23.22915267944336,110.84223937988281,579.2242431640625,265.2744445800781
2025-09-04,109347.2265625,4268.5888671875,202.12701416015625,2.788585901260376,0.21078899502754211,0.8041669726371765,22.224376678466797,109.66930389404297,584.561279296875,264.9795837402344
2025-09-05,110233.3984375,4258.0498046875,201.1800079345703,2.7810940742492676,0.21210500597953796,0.8057799935340881,22.06454086303711,111.08059692382812,585.3610229492188,264.6446228027344
2025-09-06,110024.0859375,4244.7548828125,199.64039611816406,2.794511079788208,0.2125519961118698,0.8154330253601074,21.8975887298584,111.29491424560547,585.2756958007812,265.13360595703125
2025-09-07,110211.625,4271.5341796875,200.22850036621094,2.8106279373168945,0.21586699783802032,0.8184409737586975,22.139944076538086,112.16124725341797,593.8171997070312,267.1932067871094
2025-09-08,110630.609375,4279.97216796875,205.7173614501953,2.867198944091797,0.226950004696846,0.83119797706604,22.267208099365234,112.03854370117188,585.869873046875,266.5271911621094
2025-09-09,110776.703125,4277.85302734375,211.1582489013672,2.9352149963378906,0.23408900201320648,0.8537070155143738,22.863370895385742,110.95941162109375,575.9751586914062,265.7881164550781
2025-09-10,110940.078125,4286.0625,215.27252197265625,2.936911106109619,0.23697000741958618,0.8606269955635071,22.908233642578125,111.60301208496094,577.7383422851562,266.01611328125
2025-09-11,113453.8359375,4339.716796875,222.025146484375,2.9791719913482666,0.24430200457572937,0.8736039996147156,23.468822479248047,113.49243927001953,576.7447509765625,268.2523498535156
2025-09-12,114794.484375,4453.28466796875,228.2635498046875,3.021178960800171,0.2551650106906891,0.8848429918289185,24.2228946685791,114.94580078125,587.84375,270.2840576171875
2025-09-13,115248.2734375,4609.12548828125,236.47329711914062,3.0945680141448975,0.27314698696136475,0.9170510172843933,24.502531051635742,117.63170623779297,594.5784912109375,283.8349304199219
2025-09-14,115222.3984375,4581.84716796875,240.21392822265625,3.0131750106811523,0.2731879949569702,0.8813629746437073,23.894683837890625,114.10334014892578,589.073974609375,284.8752136230469
2025-09-15,114461.0625,4469.861328125,230.4840087890625,2.960891008377075,0.25982901453971863,0.8547809720039368,23.021196365356445,112.38194274902344,588.7097778320312,296.7870788574219
2025-09-16,114813.09375,4428.330078125,231.8729705810547,2.9702460765838623,0.2589690089225769,0.8560259938240051,23.160524368286133,112.24949645996094,590.48486328125,304.3973693847656
2025-09-17,114794.9765625,4429.64453125,232.7739715576172,2.989348888397217,0.2622460126876831,0.8642929792404175,22.832679748535156,113.4832534790039,591.2916870117188,290.0601501464844
2025-09-18,116188.796875,4556.27001953125,242.90658569335938,3.0591208934783936,0.27646100521087646,0.9010149836540222,23.712194442749023,115.08155822753906,612.9776000976562,292.732177734375
2025-09-19,115141.8203125,4443.2646484375,235.87193298339844,2.9828128814697266,0.26371100544929504,0.8874319791793823,23.337343215942383,113.5367202758789,598.6806640625,292.0655517578125
2025-09-20,115473.5234375,4459.1591796875,237.17776489257812,2.9726929664611816,0.2635659873485565,0.8886979818344116,23.13029670715332,113.57084655761719,594.456298828125,293.5576477050781
2025-09-21,115252.578125,4447.119140625,235.71669006347656,2.958009958267212,0.26082998514175415,0.8779039978981018,22.940223693847656,113.89693450927734,594.1094970703125,292.2021789550781
2025-09-22,112037.6484375,4092.396728515625,216.9177703857422,2.775836944580078,0.2358579933643341,0.8060299754142761,20.84096336364746,104.7634048461914,561.9478759765625,284.2865295410156
2025-09-23,111535.5703125,4120.8154296875,212.8028564453125,2.8051230907440186,0.234702005982399,0.8053309917449951,21.219573974609375,104.60342407226562,554.4091186523438,284.96142578125
2025-09-24,111229.640625,4081.34765625,206.0406036376953,2.803144931793213,0.23208600282669067,0.7948960065841675,21.11666488647461,105.1136474609375,551.8634033203125,290.2588806152344
2025-09-25,108713.3984375,3829.0107421875,192.08314514160156,2.738723039627075,0.2215700000524521,0.7583510279655457,19.913251876831055,100.81879425048828,535.1172485351562,288.35638427734375
2025-09-26,108728.9765625,3868.43359375,191.12664794921875,2.703968048095703,0.22203600406646729,0.7592530250549316,19.974557876586914,101.16643524169922,535.1489868164062,285.6663513183594
2025-09-27,109144.296875,3975.758056640625,200.2690887451172,2.766432046890259,0.2282470017671585,0.7775070071220398,20.761640548706055,103.49834442138672,540.7780151367188,284.5621643066406
2025-09-28,109236.9453125,3969.79296875,198.3204345703125,2.769887924194336,0.22541700303554535,0.7659270167350769,20.46637725830078,102.8808364868164,536.4159545898438,283.76446533203125
2025-09-29,111589.953125,4087.92724609375,205.1308135986328,2.8486220836639404,0.22916999459266663,0.7899749875068665,20.968767166137695,105.46658325195312,550.9896850585938,285.4911804199219
2025-09-30,112740.5625,4095.443603515625,204.56564331054688,2.8182899951934814,0.22679699957370758,0.7799530029296875,21.01544952392578,104.02041625976562,549.868408203125,288.28924560546875
2025-10-01,113981.3984375,4125.5419921875,206.62066650390625,2.816854953765869,0.2308329939842224,0.798196017742157,21.082134246826172,105.52688598632812,559.721435546875,292.0147705078125
2025-10-02,118383.15625,4336.5263671875,219.85984802246094,2.943373918533325,0.24705499410629272,0.8391159772872925,22.001012802124023,115.1164779663086,582.9244384765625,310.2817077636719
2025-10-03,119344.3125,4431.47900390625,227.67674255371094,3.0083730220794678,0.2535470128059387,0.8504390120506287,22.14243507385254,116.0280990600586,591.6470336914062,322.7755432128906
2025-10-04,121577.5703125,4444.0126953125,224.4738311767578,2.9425148963928223,0.2473369985818863,0.8346710205078125,21.797754287719727,117.6904525756836,584.9299926757812,319.3290100097656
2025-10-05,122191.9609375,4472.138671875,226.89816284179688,2.95080304145813,0.24981500208377838,0.8301339745521545,21.933923721313477,118.5575180053711,588.36474609375,319.697509765625
2025-10-06,123196.046875,4492.8701171875,227.998046875,2.959744930267334,0.2513220012187958,0.8340160250663757,21.55360221862793,118.26467895507812,592.8822021484375,310.3438720703125
2025-10-07,120681.96875,4443.5712890625,220.45469665527344,2.8548760414123535,0.24725699424743652,0.819586992263794,21.847270965576172,115.56688690185547,575.0706176757812,309.924072265625
2025-10-08,121119.1796875,4417.76806640625,218.18418884277344,2.8429670333862305,0.2441360056400299,0.8117280006408691,21.72518539428711,115.64061737060547,574.5777587890625,313.1680908203125
2025-10-09,119812.03125,4273.5595703125,217.19894409179688,2.779107093811035,0.24194100499153137,0.7971389889717102,21.378801345825195,115.66255950927734,569.8235473632812,328.8564147949219
2025-10-10,104582.4140625,3460.222412109375,174.06973266601562,1.5284509658813477,0.11478400230407715,0.33296799659729004,10.17926025390625,66.26396942138672,484.9796142578125,268.7501220703125
2025-10-11,109760.5625,3652.7900390625,173.75479125976562,2.3221681118011475,0.1790120005607605,0.6149320006370544,16.67828941345215,90.6382827758789,480.0081787109375,285.9976501464844
2025-10-12,109715.5390625,3701.478271484375,173.52139282226562,2.3209729194641113,0.18175600469112396,0.6215239763259888,16.765865325927734,91.98377990722656,496.85345458984375,293.59796142578125
2025-10-13,113821.1875,4061.224609375,191.9441680908203,2.5217909812927246,0.20474599301815033,0.6981250047683716,18.81398582458496,95.92292785644531,535.340576171875,302.9622802734375
2025-10-14,110029.484375,3895.9736328125,191.6710205078125,2.4076249599456787,0.19510400295257568,0.6657230257987976,18.158018112182617,92.01930236816406,509.2484130859375,299.5440979003906
2025-10-15,110235.8359375,3935.161376953125,192.70005798339844,2.3895881175994873,0.19509799778461456,0.6618670225143433,17.843441009521484,93.55711364746094,519.6494750976562,310.7499694824219
2025-10-16,107537.03125,3829.654052734375,182.2513427734375,2.2876369953155518,0.1852090060710907,0.6358410120010376,17.144947052001953,89.97236633300781,501.9852600097656,298.5308837890625
2025-10-17,103598.4296875,3678.620361328125,174.74417114257812,2.1971750259399414,0.17621099948883057,0.5951690077781677,15.769655227661133,84.54806518554688,454.59063720703125,283.2633361816406
2025-10-18,106387.453125,3822.266357421875,182.02398681640625,2.2944109439849854,0.18453200161457062,0.6243500113487244,16.588125228881836,90.03289794921875,463.8443298339844,289.9244384765625
2025-10-19,106157.7890625,3843.77294921875,183.458251953125,2.321039915084839,0.18629500269889832,0.6234109997749329,16.553022384643555,90.84564208984375,457.3219909667969,307.0445556640625
2025-10-20,107485.015625,3911.726318359375,184.046630859375,2.358992099761963,0.19194099307060242,0.6406800150871277,16.963077545166016,92.37062072753906,467.7850646972656,308.75787353515625
2025-10-21,107534.75,3843.227783203125,183.31324768066406,2.4040679931640625,0.19233199954032898,0.6379320025444031,17.575393676757812,91.83136749267578,464.50653076171875,301.92437744140625
2025-10-22,106778.0,3718.0771484375,177.6731414794922,2.335038900375366,0.18650099635124207,0.6113529801368713,16.86880111694336,90.1430435180664,464.246826171875,304.8904113769531
2025-10-23,107548.4296875,3801.241455078125,179.80087280273438,2.3632309436798096,0.18983200192451477,0.6232540011405945,17.139829635620117,91.87411499023438,473.1453857421875,310.452392578125
2025-10-24,109770.1484375,3849.724853515625,189.10888671875,2.388927936553955,0.19440199434757233,0.6396870017051697,17.317310333251953,94.03112030029297,479.16656494140625,322.1019287109375
2025-10-25,110704.40625,3914.640625,191.60333251953125,2.5058369636535645,0.1962520033121109,0.6490070223808289,17.80828285217285,95.78291320800781,497.1448059082031,324.21630859375
2025-10-26,111268.484375,3923.192626953125,192.1607666015625,2.594789981842041,0.1947930008172989,0.6474819779396057,17.7121639251709,96.44905853271484,508.3830261230469,333.60205078125
2025-10-27,113882.2890625,4099.56982421875,197.59854125976562,2.6074390411376953,0.19980299472808838,0.6652489900588989,18.139427185058594,98.30095672607422,554.24951171875,337.97265625
2025-10-28,112291.6796875,3940.834228515625,191.38519287109375,2.574120044708252,0.1912200003862381,0.6394090056419373,17.559404373168945,95.99254608154297,551.4577026367188,333.49505615234375
2025-10-29,109368.71875,3849.538818359375,190.6092071533203,2.5433599948883057,0.1890770047903061,0.6342689990997314,17.69462776184082,96.32807159423828,549.5780639648438,331.2817687988281
2025-10-30,106376.6875,3681.909423828125,179.2217254638672,2.3902909755706787,0.17678600549697876,0.5887799859046936,16.3859920501709,90.60453033447266,528.7237548828125,318.942626953125
2025-10-31,108288.2734375,3797.669189453125,184.02078247070312,2.437345027923584,0.18251000344753265,0.6003440022468567,16.781984329223633,93.1534423828125,535.1064453125,319.4454040527344
2025-11-01,109372.953125,3832.634765625,184.0620880126953,2.4799931049346924,0.18529899418354034,0.6048229932785034,17.075864791870117,95.1166000366211,532.1148681640625,331.2908630371094
2025-11-02,109523.453125,3839.997314453125,182.82925415039062,2.4795119762420654,0.18248000741004944,0.594864010810852,17.007360458374023,97.91646575927734,525.3387451171875,340.3350524902344
2025-11-03,105336.359375,3560.263671875,163.5452880859375,2.2659718990325928,0.16382700204849243,0.5414680242538452,15.046916961669922,86.4770736694336,502.53253173828125,331.2237243652344
2025-11-04,98962.0625,3063.0869140625,146.7495574951172,2.076153039932251,0.15249599516391754,0.4933930039405823,13.865748405456543,80.09814453125,462.54541015625,328.0892028808594
2025-11-05,98989.9140625,3170.513916015625,147.89247131347656,2.109323024749756,0.15530499815940857,0.49752798676490784,14.043899536132812,82.30486297607422,462.5619812011719,326.7325439453125
2025-11-06,100336.8671875,3245.28173828125,153.79432678222656,2.1859850883483887,0.15773099660873413,0.518979012966156,14.324334144592285,85.55814361572266,465.7696533203125,341.4366149902344
2025-11-07,99257.0546875,3195.896728515625,150.44387817382812,2.1580169200897217,0.16048599779605865,0.5208110213279724,14.365883827209473,86.09718322753906,472.3684387207031,353.6550598144531
2025-11-08,101458.0390625,3357.713134765625,156.08547973632812,2.2471060752868652,0.1733119934797287,0.5550140142440796,15.149271965026855,98.388427734375,486.4957580566406,355.6112060546875
2025-11-09,101468.875,3359.717529296875,155.38453674316406,2.2438271045684814,0.17167900502681732,0.549472987651825,15.060649871826172,99.16072082519531,489.3652038574219,365.8328552246094
2025-11-10,104350.6484375,3508.98583984375,163.8563995361328,2.356184959411621,0.1776600033044815,0.5764849781990051,15.855692863464355,104.16159057617188,502.1119689941406,379.9626159667969
2025-11-11,102457.328125,3404.86181640625,154.26486206054688,2.3822429180145264,0.17186999320983887,0.5547890067100525,15.27698040008545,99.22865295410156,504.66937255859375,361.2232971191406
2025-11-12,100836.6171875,3373.711669921875,151.46876525878906,2.320275068283081,0.16748100519180298,0.540585994720459,14.965481758117676,95.32373046875,499.4349670410156,367.128173828125
2025-11-13,97988.71875,3156.03076171875,141.3976593017578,2.2845370769500732,0.16032199561595917,0.517212986946106,14.170378684997559,94.17771911621094,494.75384521484375,371.9723205566406
2025-11-14,94000.734375,3071.970703125,136.0413360595703,2.2313780784606934,0.15541699528694153,0.4943679869174957,13.64599609375,93.92350006103516,477.9355773925781,378.4193420410156
2025-11-15,94420.46875,3104.230224609375,138.67660522460938,2.219283103942871,0.15746499598026276,0.49808499217033386,13.798151969909668,97.51139831542969,479.76171875,391.46539306640625
2025-11-16,92971.1640625,3007.07275390625,134.96566772460938,2.1610360145568848,0.1544169932603836,0.4760879874229431,13.445899963378906,94.921630859375,474.08123779296875,386.6571350097656
2025-11-17,91214.7578125,2957.3095703125,129.01918029785156,2.118227005004883,0.15091900527477264,0.4581420123577118,13.101222038269043,90.61819458007812,482.0979919433594,392.9355163574219
2025-11-18,89300.4609375,2948.329345703125,129.3094024658203,2.1150500774383545,0.15010200440883636,0.4586679935455322,13.120712280273438,90.67062377929688,476.5802001953125,394.9498596191406
2025-11-19,88526.828125,2871.22802734375,130.64390563964844,2.02803111076355,0.14731000363826752,0.4389689862728119,12.80105209350586,88.98589324951172,471.31341552734375,353.9883728027344
2025-11-20,86040.796875,2790.597900390625,131.38912963867188,1.9777389764785767,0.14643600583076477,0.4296410083770752,12.791886329650879,86.12606811523438,473.8077392578125,335.3966979980469
2025-11-21,80659.8125,2626.87158203125,122.27206420898438,1.8348710536956787,0.13411399722099304,0.39111799001693726,11.660616874694824,80.46366882324219,449.54248046875,319.9825134277344
2025-11-22,83490.8984375,2704.502197265625,125.40487670898438,1.8932429552078247,0.13589799404144287,0.3916719853878021,11.770852088928223,81.00630950927734,522.0986938476562,335.5374450683594
2025-11-23,84641.7734375,2767.472900390625,127.55113220214844,1.949720025062561,0.13976000249385834,0.4020949900150299,12.123976707458496,81.9085922241211,537.8284301757812,368.4864501953125
2025-11-24,85272.1953125,2763.3779296875,128.54151916503906,2.026716947555542,0.14377999305725098,0.4042989909648895,12.37462329864502,82.26438903808594,538.4798583984375,380.14239501953125
2025-11-25,86131.4296875,2857.8359375,133.5081329345703,2.1517350673675537,0.1463090032339096,0.4058830142021179,12.58984661102295,83.3027572631836,516.7832641601562,370.6892395019531
2025-11-26,86316.8984375,2889.890625,135.63246154785156,2.148216962814331,0.14890000224113464,0.41165900230407715,12.7629976272583,83.47840881347656,526.4061279296875,384.3502502441406
2025-11-27,90089.515625,2987.19775390625,140.6957550048828,2.1752700805664062,0.1523589938879013,0.42720699310302734,13.243778228759766,86.12614440917969,532.0436401367188,390.2876281738281
2025-11-28,90257.1171875,2995.76513671875,136.28543090820312,2.1615140438079834,0.14862999320030212,0.4161570072174072,13.076004028320312,83.37623596191406,531.740478515625,402.6629943847656
2025-11-29,90260.1875,2966.850830078125,135.1206817626953,2.1725070476531982,0.14761899411678314,0.41302698850631714,12.958691596984863,83.29486846923828,518.142578125,407.7633361816406
2025-11-30,90394.3125,2978.826171875,133.5648193359375,2.1609671115875244,0.14666900038719177,0.4144589900970459,12.975979804992676,82.55572509765625,519.220703125,408.81549072265625
2025-12-01,83862.25,2720.4365234375,123.31387329101562,1.9879770278930664,0.13236600160598755,0.37192898988723755,11.762447357177734,75.00689697265625,509.9967041015625,389.903564453125
2025-12-02,86202.1953125,2784.390625,126.1412582397461,1.9983290433883667,0.13470099866390228,0.38569098711013794,11.993120193481445,77.408447265625,520.7159423828125,386.8222351074219
2025-12-03,91056.390625,2988.14208984375,137.94105529785156,2.1436591148376465,0.14539000391960144,0.42810600996017456,13.457096099853516,82.63353729248047,544.18359375,393.51409912109375
2025-12-04,90976.1015625,3071.31005859375,138.0679931640625,2.073594093322754,0.1459839940071106,0.4355809986591339,14.007237434387207,82.37580871582031,567.7872924804688,400.7453918457031
2025-12-05,88152.140625,2989.83154296875,131.1352996826172,2.0179519653320312,0.13766099512577057,0.41065898537635803,13.397290229797363,79.83222198486328,558.7340698242188,393.34857177734375
2025-12-06,88951.6640625,3013.98193359375,131.50657653808594,2.0187559127807617,0.13856500387191772,0.4104210138320923,13.513663291931152,80.00042724609375,558.9982299804688,389.13653564453125
2025-12-07,87799.5625,2930.645263671875,128.2851104736328,2.0001800060272217,0.13527099788188934,0.407584011554718,13.233833312988281,80.03092193603516,571.7680053710938,361.4498596191406
2025-12-08,89644.890625,3043.703857421875,131.67465209960938,2.036926031112671,0.13824500143527985,0.4154509902000427,13.610139846801758,81.1500015258789,576.711669921875,361.2140808105469
2025-12-09,89586.9765625,3092.87646484375,131.8707275390625,2.0454490184783936,0.13962699472904205,0.42463600635528564,13.578458786010742,82.57372283935547,570.9510498046875,361.2143859863281
2025-12-10,91640.1328125,3290.14697265625,135.8628692626953,2.041325092315674,0.14282500743865967,0.45348799228668213,13.985569953918457,83.88575744628906,560.6657104492188,386.6473083496094
2025-12-11,89335.296875,3149.034423828125,129.38401794433594,1.9865959882736206,0.13653500378131866,0.41103100776672363,13.445608139038086,80.4637680053711,552.4445190429688,398.1308898925781
2025-12-12,89532.6015625,3050.267333984375,130.67987060546875,1.9795680046081543,0.13470900058746338,0.4044579863548279,13.33537769317627,80.6650161743164,569.25390625,396.0523376464844
2025-12-13,89800.9921875,3080.07861328125,131.98580932617188,2.0082309246063232,0.13694700598716736,0.40757399797439575,13.618451118469238,80.9941177368164,569.6392822265625,405.43365478515625
2025-12-14,87634.9375,3034.692626953125,128.9016571044922,1.9721139669418335,0.1333959996700287,0.3947969973087311,13.207554817199707,78.1819076538086,556.1887817382812,407.1492614746094
2025-12-15,85304.078125,2899.685791015625,123.998046875,1.8763630390167236,0.12731799483299255,0.3791379928588867,12.537033081054688,76.15690612792969,520.3450317382812,400.6175842285156
2025-12-16,85381.6875,2890.01171875,125.45384979248047,1.861063003540039,0.12821799516677856,0.38012200593948364,12.645984649658203,76.95857238769531,529.00537109375,406.2353515625
2025-12-17,85316.265625,2791.333984375,121.55805206298828,1.8502490520477295,0.12511299550533295,0.3653709888458252,12.148893356323242,75.27899932861328,542.3353881835938,417.6976318359375
2025-12-18,84436.3125,2777.11962890625,117.31623077392578,1.8041980266571045,0.12023399770259857,0.34771499037742615,11.75934886932373,72.75547790527344,528.9080810546875,407.6273498535156
2025-12-19,85107.6640625,2811.3916015625,117.79812622070312,1.7726960182189941,0.12073300033807755,0.34727799892425537,11.855095863342285,73.68997955322266,557.6459350585938,413.1766052246094
2025-12-20,87924.875,2967.838623046875,125.39103698730469,1.8951400518417358,0.13077199459075928,0.37227100133895874,12.485509872436523,76.45478057861328,589.62060546875,435.9555358886719
2025-12-21,87613.203125,2945.394775390625,123.60157775878906,1.8967759609222412,0.12890799343585968,0.3583180010318756,12.243268013000488,75.5729751586914,577.7149047851562,457.5112609863281
2025-12-22,87908.0703125,2965.175048828125,124.4066162109375,1.89280104637146,0.12999999523162842,0.3632799983024597,12.376264572143555,76.37275695800781,577.5313720703125,454.2495422363281
2025-12-23,86606.9765625,2902.3330078125,122.32801818847656,1.8667000532150269,0.12821300327777863,0.35627299547195435,12.129007339477539,75.63272857666016,571.3783569335938,433.546630859375
2025-12-24,86411.796875,2888.988037109375,120.78385925292969,1.8375740051269531,0.12671500444412231,0.3531470000743866,12.066637992858887,75.3277816772461,563.3032836914062,424.13555908203125
2025-12-25,86949.2578125,2891.10888671875,119.90099334716797,1.8297710418701172,0.1232530027627945,0.3426060080528259,12.0176420211792,75.43937683105469,566.455078125,433.2456970214844
2025-12-26,86628.140625,2894.15380859375,119.57316589355469,1.8252919912338257,0.1207749992609024,0.34204399585723877,12.04641342163086,75.65838623046875,587.3539428710938,436.1597595214844
2025-12-27,87182.9765625,2917.271240234375,121.86039733886719,1.841431975364685,0.12191899865865707,0.34898900985717773,12.167431831359863,76.764892578125,593.2817993164062,444.08563232421875
2025-12-28,87394.953125,2925.745361328125,123.07058715820312,1.8538349866867065,0.12281499803066254,0.36189699172973633,12.326004028320312,77.86415100097656,612.7124633789062,442.3705749511719
2025-12-29,86717.9140625,2908.748046875,122.42872619628906,1.845445990562439,0.12222900241613388,0.3505910038948059,12.259302139282227,77.0184326171875,592.9468994140625,436.83880615234375
2025-12-30,86735.546875,2916.330078125,122.53900146484375,1.84408700466156,0.1223910003900528,0.3490540087223053,12.270892143249512,77.7098388671875,592.2642211914062,427.6706237792969
2025-12-31,87130.5625,2959.143798828125,123.46351623535156,1.8115309476852417,0.11618799716234207,0.3303700089454651,12.187711715698242,76.05038452148438,593.7905883789062,432.95672607421875
2026-01-01,87399.40625,2966.84521484375,124.0515365600586,1.8252300024032593,0.11729300022125244,0.33177700638771057,12.143738746643066,76.63522338867188,586.3814086914062,415.527099609375
2026-01-02,88298.6171875,2989.9013671875,125.79122161865234,1.8674219846725464,0.1258700042963028,0.35475900769233704,12.57580280303955,79.02043151855469,585.7467041015625,412.6741027832031
2026-01-03,89328.0703125,3077.4658203125,129.93521118164062,1.9885189533233643,0.13961699604988098,0.38362500071525574,12.993575096130371,81.00682067871094,608.3897094726562,422.4590759277344
2026-01-04,90595.1015625,3119.427490234375,133.22732543945312,2.017153024673462,0.14303100109100342,0.38919198513031006,13.226285934448242,81.76535034179688,637.0991821289062,417.6969299316406
2026-01-05,91414.625,3134.0927734375,133.34866333007812,2.0885870456695557,0.14647899568080902,0.39565300941467285,13.399941444396973,81.6244888305664,638.8447265625,417.2474060058594
2026-01-06,91286.546875,3184.0146484375,136.3661346435547,2.2103190422058105,0.14388099312782288,0.4019109904766083,13.499103546142578,81.29167175292969,627.0534057617188,435.00262451171875
2026-01-07,90601.8046875,3126.552001953125,134.6916046142578,2.1555750370025635,0.14525899291038513,0.398716002702713,13.316845893859863,81.10932922363281,623.4527587890625,432.54827880859375
2026-01-08,89233.875,3052.509765625,132.82118225097656,2.0660600662231445,0.13840200006961823,0.3858869969844818,13.043404579162598,80.08977508544922,621.3080444335938,430.9645690917969
2026-01-09,89625.3828125,3058.096923828125,135.04872131347656,2.0741100311279297,0.1385270059108734,0.389039009809494,13.061969757080078,79.99271392822266,626.2229614257812,449.97882080078125
2026-01-10,90283.3984375,3075.135498046875,135.29322814941406,2.080061912536621,0.13904699683189392,0.38494300842285156,13.064697265625,80.74213409423828,631.0824584960938,446.899169921875
2026-01-11,90212.0234375,3080.747802734375,135.6405029296875,2.0490400791168213,0.13592399656772614,0.38543400168418884,13.070013999938965,78.61380767822266,640.6986694335938,471.4093017578125
2026-01-12,90055.0234375,3068.07275390625,138.42050170898438,2.033787965774536,0.13549800217151642,0.38212600350379944,12.966285705566406,75.77177429199219,614.4583129882812,556.6010131835938
2026-01-13,90941.9296875,3088.512939453125,137.80845642089844,2.0458810329437256,0.13620199263095856,0.3849020004272461,13.054830551147461,75.42427062988281,605.767333984375,624.568115234375
2026-01-14,94583.046875,3280.378662109375,143.52069091796875,2.112826108932495,0.14566199481487274,0.4106389880180359,13.864969253540039,76.29817962646484,596.2535400390625,668.4876098632812
2026-01-15,95103.2421875,3276.820068359375,141.03555297851562,2.055048942565918,0.1390019953250885,0.38992199301719666,13.581501007080078,71.5402603149414,576.1533813476562,662.2965087890625
2026-01-16,94259.2734375,3251.814453125,140.43679809570312,2.029236078262329,0.13535399734973907,0.3807710111141205,13.457235336303711,71.38726043701172,590.046142578125,619.7457885742188
2026-01-17,95005.6171875,3282.661865234375,143.57345581054688,2.0540499687194824,0.13691799342632294,0.3936760127544403,13.636481285095215,73.88614654541016,589.1301879882812,583.5031127929688
2026-01-18,93588.8671875,3278.4267578125,137.9600372314453,1.9912149906158447,0.13164299726486206,0.3755379915237427,13.328983306884766,72.23424530029297,588.4725341796875,555.1160278320312
2026-01-19,92089.25,3166.0166015625,132.81777954101562,1.909872055053711,0.12464100122451782,0.35604000091552734,12.73178482055664,68.52143096923828,575.9432983398438,559.0294189453125
2026-01-20,87814.9296875,2925.54345703125,125.67015838623047,1.8831449747085571,0.12316299974918365,0.3498550057411194,12.108063697814941,66.83660888671875,567.9552001953125,499.1580810546875
2026-01-21,87231.5703125,2867.264404296875,125.58707427978516,1.875393033027649,0.12074299901723862,0.34796300530433655,11.937912940979004,66.19188690185547,572.0100708007812,480.699462890625
2026-01-22,88438.4453125,2905.562744140625,126.85424041748047,1.9023499488830566,0.1232369989156723,0.3557890057563782,12.12511920928955,67.20640563964844,584.2290649414062,495.4961853027344
2026-01-23,88486.359375,2892.52099609375,125.3766098022461,1.8886209726333618,0.12218300253152847,0.35332998633384705,12.056083679199219,67.08586883544922,586.3220825195312,507.7599182128906
2026-01-24,89044.2890625,2942.444580078125,126.56280517578125,1.9095280170440674,0.12300200015306473,0.35681599378585815,12.128175735473633,67.70543670654297,590.1154174804688,500.2293701171875
2026-01-25,86003.7109375,2785.896728515625,117.57979583740234,1.8138600587844849,0.11783300340175629,0.33337000012397766,11.380248069763184,65.35962677001953,565.3954467773438,444.7652282714844
2026-01-26,86429.2890625,2811.074951171875,118.6618423461914,1.8330329656600952,0.11927500367164612,0.33868199586868286,11.505500793457031,67.0588607788086,571.1240234375,446.14569091796875
2026-01-27,87228.921875,2898.3115234375,123.04519653320312,1.8739700317382812,0.12143900245428085,0.34786200523376465,11.839158058166504,68.5912857055664,577.0999755859375,455.6866455078125
2026-01-28,88721.4609375,2981.589599609375,124.89337921142578,1.8937749862670898,0.12379000335931778,0.3548929989337921,11.700032234191895,68.54830169677734,589.3740844726562,463.8779296875
2026-01-29,83250.6015625,2751.64501953125,115.41664123535156,1.7772730588912964,0.11448899656534195,0.32741600275039673,10.826945304870605,64.42410278320312,548.9170532226562,432.5372009277344
2026-01-30,81071.4765625,2633.8388671875,112.96723175048828,1.713047981262207,0.11245600134134293,0.31684601306915283,10.520034790039062,63.209510803222656,533.5012817382812,422.6924133300781
2026-01-31,75815.8828125,2248.69873046875,99.98045349121094,1.544585943222046,0.099590003490448,0.2792620062828064,9.328075408935547,56.90632629394531,481.088134765625,438.8896789550781
2026-02-01,75698.8984375,2224.117919921875,98.52946472167969,1.5607830286026,0.10163599997758865,0.2807759940624237,9.259587287902832,57.464073181152344,505.9864807128906,402.603515625
2026-02-02,74551.3359375,2158.937255859375,96.42904663085938,1.532505989074707,0.09973599761724472,0.27649399638175964,9.037487983703613,56.637020111083984,498.5437927246094,381.1701965332031
2026-02-03,72897.140625,2109.05517578125,96.8131332397461,1.5287460088729858,0.10234799981117249,0.2821289896965027,9.084962844848633,56.9638786315918,509.8987121582031,368.1378173828125
2026-02-04,71779.9296875,2074.102783203125,89.66161346435547,1.4973599910736084,0.10145100206136703,0.2808299958705902,9.045767784118652,57.14436340332031,515.6962890625,372.59783935546875
2026-02-05,62353.53515625,1818.664306640625,77.77494049072266,1.1503709554672241,0.08736100047826767,0.24488399922847748,7.870086193084717,50.49977111816406,454.1395263671875,292.19403076171875
2026-02-06,60074.203125,1748.627685546875,68.69181823730469,1.1334600448608398,0.0815730020403862,0.22623799741268158,7.319640159606934,46.0831184387207,429.34088134765625,278.0076904296875
2026-02-07,67364.4453125,1995.9185791015625,84.32820892333984,1.3880350589752197,0.09495600312948227,0.2665410041809082,8.598418235778809,52.95992660522461,515.2924194335938,317.5245666503906
2026-02-08,68852.8984375,2066.3837890625,85.87124633789062,1.4138449430465698,0.09529700130224228,0.26783400774002075,8.743562698364258,53.80973815917969,517.6676025390625,310.25408935546875
2026-02-09,68291.03125,2008.3623046875,82.9388427734375,1.3747639656066895,0.0925849974155426,0.2597289979457855,8.468085289001465,52.372310638427734,511.61865234375,316.4273681640625
2026-02-10,67913.09375,1990.1405029296875,81.989990234375,1.3932420015335083,0.09211999922990799,0.2605310082435608,8.486273765563965,52.89268112182617,513.6864013671875,320.40362548828125
2026-02-11,65757.3046875,1903.6851806640625,78.39973449707031,1.3449809551239014,0.08832599967718124,0.2514210045337677,8.159686088562012,51.1775016784668,508.7099609375,333.0790100097656
2026-02-12,65092.109375,1897.3348388671875,76.66899108886719,1.3488140106201172,0.09088300168514252,0.25554999709129333,8.192273139953613,51.61425018310547,494.7918701171875,324.2869567871094
2026-02-13,65835.78125,1924.136962890625,77.61656951904297,1.3489179611206055,0.0918010026216507,0.2584010064601898,8.30709171295166,52.39115905761719,500.3551940917969,330.75970458984375
2026-02-14,68706.6171875,2042.6414794921875,84.23580932617188,1.4059560298919678,0.09635999798774719,0.2726849913597107,8.764187812805176,54.913082122802734,558.7515258789062,349.50335693359375
2026-02-15,68052.546875,1929.3944091796875,85.0082015991211,1.4479199647903442,0.10175900161266327,0.2777960002422333,8.618435859680176,54.273651123046875,551.0138549804688,328.8142395019531
2026-02-16,67301.5859375,1938.5450439453125,82.7319107055664,1.450443983078003,0.09883400052785873,0.2777999937534332,8.665581703186035,53.381717681884766,552.2924194335938,315.3607482910156
2026-02-17,66615.28125,1941.7789306640625,83.13166046142578,1.4298419952392578,0.09859699755907059,0.2778730094432831,8.69309139251709,53.31072998046875,553.7736206054688,326.3944091796875
2026-02-18,65845.8984375,1923.8134765625,80.5713119506836,1.412003993988037,0.09766499698162079,0.2724649906158447,8.545029640197754,53.00251770019531,551.442138671875,325.46429443359375
2026-02-19,65637.4296875,1906.822021484375,79.75370025634766,1.385571002960205,0.09620299935340881,0.2682949900627136,8.381421089172363,51.57398223876953,540.3952026367188,322.8152160644531
2026-02-20,66452.484375,1923.622802734375,81.85164642333984,1.3804290294647217,0.09592899680137634,0.27052000164985657,8.468551635742188,52.661380767822266,542.4630737304688,327.9756164550781
2026-02-21,67533.0703125,1955.794189453125,84.02863311767578,1.4204829931259155,0.09847299754619598,0.2794789969921112,8.860106468200684,54.831668853759766,558.7988891601562,325.4078674316406
2026-02-22,67185.6015625,1934.8607177734375,82.55017852783203,1.3814760446548462,0.09475699812173843,0.26924899220466614,8.615360260009766,53.018463134765625,559.802978515625,318.4677429199219
2026-02-23,63924.4375,1838.0416259765625,77.27669525146484,1.334486961364746,0.09173399955034256,0.2586050033569336,8.184544563293457,50.966102600097656,489.0624694824219,304.83966064453125
2026-02-24,62553.1875,1804.1136474609375,76.02326965332031,1.317742943763733,0.0903410017490387,0.25456899404525757,8.077677726745605,50.356292724609375,471.419677734375,302.73541259765625
2026-02-25,63942.484375,1847.05419921875,78.80804443359375,1.3431440591812134,0.09105300158262253,0.2581999897956848,8.189164161682129,51.0935173034668,484.6773986816406,321.2109375
2026-02-26,66523.734375,1976.3575439453125,84.5010986328125,1.385195016860962,0.09566500037908554,0.28301700949668884,8.878786087036133,54.51435089111328,477.8172607421875,335.5345153808594
2026-02-27,64946.03515625,1888.6287841796875,80.9331283569336,1.3409090042114258,0.09254299849271774,0.2746819853782654,8.606743812561035,53.737918853759766,457.9563293457031,331.5569152832031
2026-02-28,63062.21875,1837.303466796875,77.44635772705078,1.2728489637374878,0.08791700005531311,0.26012998819351196,8.226232528686523,51.58095169067383,441.2303466796875,324.5043640136719
2026-03-01,65076.73046875,1909.098388671875,81.84449005126953,1.338974952697754,0.09066899865865707,0.2696560025215149,8.554014205932617,52.546852111816406,432.6265869140625,334.8962097167969
2026-03-02,65303.13671875,1922.4390869140625,82.49097442626953,1.3371800184249878,0.09086800366640091,0.26918500661849976,8.598518371582031,52.994171142578125,436.5969543457031,336.17730712890625
2026-03-03,66237.6171875,1930.4029541015625,82.87655639648438,1.3419480323791504,0.08872299641370773,0.2608279883861542,8.59803581237793,53.09606170654297,433.3643798828125,336.4247131347656
2026-03-04,67437.40625,1946.0396728515625,84.94286346435547,1.3470439910888672,0.08880200237035751,0.25913700461387634,8.70085334777832,54.386688232421875,439.71307373046875,339.1377868652344
2026-03-05,70654.8828125,2056.01904296875,88.00936889648438,1.3991199731826782,0.09291499853134155,0.26600998640060425,9.089862823486328,55.13813781738281,455.54144287109375,354.37738037109375
2026-03-06,67757.8203125,1957.0150146484375,83.7433090209961,1.3470879793167114,0.09006600081920624,0.2558920085430145,8.681173324584961,53.15271759033203,442.83050537109375,341.84478759765625
2026-03-07,66969.2578125,1950.0224609375,82.49453735351562,1.349761962890625,0.0895410031080246,0.2524949908256531,8.658975601196289,53.328269958496094,446.4764709472656,343.95849609375
2026-03-08,65639.1953125,1915.301025390625,80.71095275878906,1.3288899660110474,0.08743999898433685,0.24698400497436523,8.442752838134766,52.14599609375,441.8529968261719,334.3811950683594
2026-03-09,65858.0078125,1930.59912109375,81.59979248046875,1.336756944656372,0.08912499994039536,0.2492399960756302,8.519067764282227,52.57347869873047,442.7190856933594,333.6414794921875
2026-03-10,68402.71875,1992.01416015625,84.92603302001953,1.3618420362472534,0.09038399904966354,0.25499600172042847,8.85982608795166,53.483070373535156,443.6715087890625,340.552001953125
2026-03-11,68998.8671875,2008.0386962890625,84.45158386230469,1.3717440366744995,0.09163500368595123,0.2572300136089325,8.883170127868652,53.621219635009766,446.0034484863281,347.08282470703125
2026-03-12,69230.15625,2019.27783203125,84.81645202636719,1.3679239749908447,0.0919089987874031,0.2581709921360016,8.85096263885498,53.887081146240234,452.21905517578125,348.84002685546875
2026-03-13,70410.7265625,2071.582275390625,86.81328582763672,1.3845839500427246,0.09472300112247467,0.2631849944591522,9.03496265411377,54.53572082519531,455.13665771484375,350.2772521972656
2026-03-14,70339.5859375,2062.659423828125,86.63023376464844,1.3878010511398315,0.09414699673652649,0.25896498560905457,8.935402870178223,54.42995071411133,454.79046630859375,354.0129699707031
2026-03-15,70882.421875,2084.20947265625,87.49870300292969,1.4034940004348755,0.09466999769210815,0.26162999868392944,9.124828338623047,54.7491569519043,461.0060119628906,351.2220458984375
2026-03-16,72300.6328125,2166.00244140625,91.24591827392578,1.4369560480117798,0.09712599962949753,0.26893898844718933,9.42544937133789,55.85951614379883,465.8439025878906,356.8436584472656
2026-03-17,73444.2265625,2297.668701171875,93.32286071777344,1.4985849857330322,0.09864699840545654,0.28225699067115784,9.700778007507324,57.398372650146484,470.6755065917969,365.9361267089844
2026-03-18,70503.859375,2154.584228515625,88.81206512451172,1.4389549493789673,0.09341000020503998,0.27036699652671814,9.1044921875,55.41523742675781,447.49658203125,343.8316955566406
2026-03-19,68805.5234375,2099.88916015625,87.19413757324219,1.4234540462493896,0.0918859988451004,0.26299700140953064,8.907967567443848,54.70014572143555,450.60406494140625,336.52435302734375
2026-03-20,69398.8828125,2117.276123046875,88.241943359375,1.4272429943084717,0.09299000352621078,0.26234298944473267,8.971102714538574,55.265228271484375,455.4056701660156,337.6930236816406
2026-03-21,68602.9140625,2072.38330078125,87.44123840332031,1.4058350324630737,0.09111600369215012,0.257658988237381,8.803865432739258,54.64005661010742,461.89617919921875,340.9472351074219
2026-03-22,67372.875,2027.0478515625,85.29344940185547,1.3731449842453003,0.08930499851703644,0.2484699934720993,8.585972785949707,53.098392486572266,458.48712158203125,338.8793640136719
2026-03-23,67458.84375,2023.2718505859375,85.25033569335938,1.363226056098938,0.08935000002384186,0.24831600487232208,8.589097023010254,53.364830017089844,463.5430603027344,350.0244140625
2026-03-24,68920.6953125,2103.3828125,88.48899841308594,1.3853759765625,0.09249600023031235,0.2584039866924286,9.021252632141113,55.107059478759766,469.793701171875,337.6190490722656
2026-03-25,70383.59375,2146.6162109375,90.80261993408203,1.4031330347061157,0.09450399875640869,0.2659650146961212,9.18117904663086,55.90449905395508,471.5350341796875,336.4753723144531
2026-03-26,68118.3515625,2033.7310791015625,85.51251220703125,1.3378310203552246,0.09065999835729599,0.25278499722480774,8.817851066589355,54.21728515625,458.9390869140625,322.9006042480469
2026-03-27,65532.5703125,1971.5067138671875,82.04327392578125,1.3192189931869507,0.08935800194740295,0.24524900317192078,8.49527645111084,53.355228424072266,459.075439453125,317.9290771484375
2026-03-28,65906.7421875,1982.1300048828125,81.86953735351562,1.3210259675979614,0.08969999849796295,0.24432100355625153,8.427972793579102,53.3584098815918,471.6201477050781,321.8791809082031
2026-03-29,64971.70703125,1939.5286865234375,79.57503509521484,1.3023200035095215,0.0886249989271164,0.23468300700187683,8.24777889251709,52.56986999511719,448.5161437988281,322.29327392578125
2026-03-30,65759.8046875,1979.076904296875,81.19849395751953,1.3172630071640015,0.09033899754285812,0.2395630031824112,8.40419864654541,53.075016021728516,451.0570983886719,321.1194152832031
2026-03-31,65950.4375,2011.7952880859375,80.2129135131836,1.3058140277862549,0.08942200243473053,0.23609699308872223,8.511823654174805,53.14234161376953,459.70379638671875,319.9747009277344
2026-04-01,67555.359375,2082.291748046875,80.93441009521484,1.3318829536437988,0.09163700044155121,0.2415360063314438,8.745739936828613,53.805328369140625,454.0105285644531,330.3102111816406
2026-04-02,65725.2578125,2016.989990234375,76.81694030761719,1.2817469835281372,0.08922900259494781,0.23533600568771362,8.435356140136719,51.47845458984375,440.2067565917969,325.007568359375
2026-04-03,66281.5390625,2042.176025390625,78.91806030273438,1.3040059804916382,0.08998200297355652,0.23919199407100677,8.59792709350586,52.173675537109375,439.8521423339844,313.74407958984375
2026-04-04,66769.640625,2044.87158203125,79.74375915527344,1.3083709478378296,0.09080100059509277,0.24344800412654877,8.624846458435059,53.01543426513672,441.0179443359375,314.4504089355469
2026-04-05,66610.6328125,2022.6453857421875,78.60292053222656,1.2809900045394897,0.08979800343513489,0.2408200055360794,8.485904693603516,52.64267349243164,421.1102294921875,323.493408203125
2026-04-06,68347.078125,2089.10009765625,79.73141479492188,1.3146729469299316,0.0900920033454895,0.24531300365924835,8.750605583190918,53.29292297363281,427.6043701171875,323.8941345214844
2026-04-07,67740.5078125,2061.467529296875,78.43101501464844,1.2961299419403076,0.0901229977607727,0.24024300277233124,8.580344200134277,52.9566535949707,430.32012939453125,324.81787109375
2026-04-08,70707.46875,2181.231201171875,82.34860229492188,1.3400640487670898,0.09228000044822693,0.25030699372291565,8.851547241210938,53.912471771240234,440.4765319824219,321.7707214355469
2026-04-09,70486.359375,2158.017578125,81.54859924316406,1.3235599994659424,0.09104999899864197,0.24805499613285065,8.699834823608398,53.69966125488281,434.35418701171875,321.9333801269531
2026-04-10,71434.828125,2176.851318359375,82.76587677001953,1.335919976234436,0.09205999970436096,0.2500700056552887,8.888703346252441,54.28606414794922,434.93988037109375,340.536865234375
2026-04-11,72556.3359375,2230.751953125,83.98721313476562,1.3421579599380493,0.09242899715900421,0.24737399816513062,8.976649284362793,54.415557861328125,437.1329650878906,335.2615661621094
2026-04-12,70540.5703125,2177.485595703125,81.40650939941406,1.3225350379943848,0.09044300019741058,0.23577000200748444,8.707173347473145,53.41682052612305,420.3492126464844,335.1197509765625
2026-04-13,70588.5234375,2176.32470703125,81.50765991210938,1.3226850032806396,0.09077999740839005,0.23615500330924988,8.69890022277832,52.703887939453125,421.11883544921875,335.1197509765625
2026-04-14,73877.203125,2304.412353515625,83.3962173461914,1.3549989461898804,0.09258200228214264,0.2392919957637787,8.96133041381836,54.05204772949219,434.49139404296875,344.23626708984375
2026-04-15,73549.203125,2310.70703125,82.74671936035156,1.351747989654541,0.09275399893522263,0.23843500018119812,9.00771427154541,53.88994216918945,428.1319885253906,338.13446044921875
2026-04-16,73346.265625,2285.7099609375,84.20401000976562,1.3880419731140137,0.09463299810886383,0.2444249987602234,9.147368431091309,54.67678451538086,434.5813293457031,341.121337890625
2026-04-17,74558.6015625,2318.141845703125,87.43824005126953,1.4236340522766113,0.09678799659013748,0.252346009016037,9.348557472229004,55.39745330810547,447.2283020019531,341.3358459472656
2026-04-18,75504.9453125,2341.125732421875,85.94215393066406,1.4253970384597778,0.09445299953222275,0.24783900380134583,9.274565696716309,55.31742477416992,443.76568603515625,342.8795166015625
2026-04-19,73802.3828125,2254.697509765625,83.17298126220703,1.3945859670639038,0.09274300187826157,0.2414270043373108,9.021154403686523,53.987335205078125,434.5030517578125,344.8288879394531
2026-04-20,73775.5703125,2262.052978515625,83.4819107055664,1.3945579528808594,0.09305799752473831,0.24247199296951294,9.068105697631836,54.05386734008789,435.4432067871094,346.112548828125
2026-04-21,74852.671875,2287.3798828125,84.42058563232422,1.4134399890899658,0.09372100234031677,0.24443599581718445,9.25293254852295,54.72681427001953,440.8447265625,352.8955383300781
2026-04-22,76159.578125,2314.590087890625,86.02729797363281,1.4280270338058472,0.09493300318717957,0.24854999780654907,9.296865463256836,55.5295295715332,448.1833190917969,366.5027770996094
2026-04-23,77014.453125,2287.55322265625,84.62688446044922,1.4103070497512817,0.09538599848747253,0.24525800347328186,9.160258293151855,54.97529220581055,453.4496765136719,361.2783508300781
2026-04-24,77318.4453125,2301.52734375,85.07626342773438,1.4250520467758179,0.09700299799442291,0.24755799770355225,9.252147674560547,55.80783462524414,454.7774658203125,366.7044677734375
2026-04-25,77184.6640625,2302.201171875,85.6143569946289,1.4196850061416626,0.0974700003862381,0.24854899942874908,9.297035217285156,55.973167419433594,452.3928527832031,367.1983947753906
2026-04-26,77334.890625,2307.565185546875,85.90538024902344,1.4188339710235596,0.09757000207901001,0.2488040030002594,9.309893608093262,55.80388641357422,450.6080017089844,372.0701904296875
2026-04-27,76481.34375,2267.409423828125,83.8490219116211,1.3865350484848022,0.09709899872541428,0.2441670000553131,9.169822692871094,55.11164855957031,446.5050048828125,377.93011474609375
2026-04-28,75673.6015625,2259.057373046875,83.04501342773438,1.3691389560699463,0.09816599637269974,0.24470700323581696,9.162104606628418,54.78488540649414,442.9864501953125,373.3651428222656
2026-04-29,74958.5703125,2221.223876953125,81.62645721435547,1.3495819568634033,0.09932900220155716,0.23933100700378418,8.942293167114258,54.43750762939453,442.9903869628906,370.2050476074219
2026-04-30,75318.984375,2232.130859375,82.27413177490234,1.3607319593429565,0.10400299727916718,0.24451600015163422,9.03923511505127,55.00636672973633,440.468505859375,374.5669860839844
2026-05-01,76294.6953125,2256.078125,83.0185317993164,1.3659809827804565,0.1064710021018982,0.24614199995994568,9.074522972106934,54.98237609863281,441.0052185058594,374.9674377441406
2026-05-02,78031.9609375,2292.72265625,83.51140594482422,1.3830620050430298,0.10729099810123444,0.24722599983215332,9.073371887207031,55.09149169921875,444.7334289550781,379.27337646484375
2026-05-03,78073.078125,2297.55322265625,83.59339141845703,1.3819420337677002,0.10722699761390686,0.24761800467967987,9.073745727539062,54.900482177734375,442.57928466796875,382.897216796875
2026-05-04,78217.9609375,2309.260986328125,83.36557006835938,1.3840320110321045,0.1077990010380745,0.24748900532722473,9.101954460144043,54.92617416381836,437.44781494140625,385.12127685546875
2026-05-05,79787.578125,2344.934326171875,84.05145263671875,1.3907450437545776,0.1100969985127449,0.24982300400733948,9.352980613708496,54.87772750854492,443.1003112792969,399.6210632324219
2026-05-06,80751.0234375,2338.483154296875,86.13868713378906,1.4087669849395752,0.11209200322628021,0.2604750096797943,9.76590633392334,56.18777084350586,458.9897155761719,403.61639404296875
2026-05-07,79522.65625,2280.814697265625,87.68258666992188,1.3812930583953857,0.10738900303840637,0.26075199246406555,9.819499969482422,56.16721725463867,448.73699951171875,394.6676940917969
2026-05-08,79205.515625,2265.833251953125,87.69198608398438,1.3782529830932617,0.10580600053071976,0.2605299949645996,9.7811279296875,56.15739440917969,448.0269775390625,388.0492858886719
2026-05-09,80119.9296875,2300.544921875,91.89601135253906,1.412654995918274,0.10817500203847885,0.26976698637008667,10.295966148376465,57.672821044921875,448.79010009765625,399.67657470703125
2026-05-10,80274.1328125,2313.127197265625,92.64257049560547,1.412453055381775,0.10757199674844742,0.2686539888381958,10.294048309326172,57.70744705200195,449.4041748046875,403.0541076660156
2026-05-11,80451.421875,2305.080810546875,94.4325180053711,1.4419389963150024,0.10858000069856644,0.2749370038509369,10.418519020080566,58.18722152709961,448.4602966308594,405.0779724121094
2026-05-12,79832.1015625,2256.41943359375,93.642822265625,1.4201329946517944,0.10762699693441391,0.2674019932746887,10.131203651428223,57.09380340576172,436.6311340332031,395.75244140625
2026-05-13,78725.5078125,2233.55322265625,90.41958618164062,1.4134269952774048,0.10992100089788437,0.261911004781723,10.06318187713623,56.33655548095703,430.4855651855469,390.1308288574219
2026-05-14,78909.6796875,2238.471923828125,89.8965072631836,1.4212579727172852,0.11209399998188019,0.2626110017299652,10.100560188293457,56.657470703125,431.626708984375,391.9046630859375
2026-05-15,78635.3671875,2204.765380859375,88.7619400024414,1.4305180311203003,0.11100000143051147,0.25771400332450867,9.998818397521973,56.48915100097656,424.49603271484375,378.5614013671875
2026-05-16,77630.734375,2162.048828125,85.6948013305664,1.3973820209503174,0.10788200050592422,0.2525869905948639,9.626749038696289,55.610469818115234,410.7793884277344,374.2511291503906
2026-05-17,76783.4140625,2097.02099609375,83.80232238769531,1.3854639530181885,0.10708300024271011,0.24806800484657288,9.460148811340332,54.019439697265625,401.3324279785156,385.84722900390625
2026-05-18,76029.2265625,2078.6162109375,83.51810455322266,1.3663129806518555,0.102633997797966,0.24663099646568298,9.327408790588379,53.22942352294922,353.69866943359375,378.0025634765625
2026-05-19,76082.3671875,2093.475341796875,83.85479736328125,1.3536280393600464,0.10263100266456604,0.24755200743675232,9.438899993896484,53.57321548461914,363.79248046875,382.9917907714844
2026-05-20,76463.6484375,2101.83349609375,83.86244201660156,1.3478280305862427,0.10196900367736816,0.246955007314682,9.381942749023438,53.295650482177734,364.5794677734375,390.11480712890625
2026-05-21,76655.4375,2103.46044921875,85.3567886352539,1.3512300252914429,0.10356999933719635,0.2462410032749176,9.524232864379883,53.366329193115234,372.669677734375,390.5179443359375
2026-05-22,75323.875,2056.92919921875,84.03662109375,1.3310320377349854,0.10177899897098541,0.24160699546337128,9.379037857055664,52.34709167480469,359.4403076171875,378.6071472167969
2026-05-23,74255.234375,2010.5504150390625,81.69161987304688,1.3074519634246826,0.09818100184202194,0.23686100542545319,9.098636627197266,51.77532196044922,343.7582702636719,372.1871643066406
2026-05-24,76019.890625,2061.329833984375,83.82029724121094,1.3337169885635376,0.10058099776506424,0.2388399988412857,9.265460014343262,52.03951644897461,338.4314270019531,382.47247314453125
2026-05-25,76833.0390625,2090.516357421875,84.72305297851562,1.3430039882659912,0.10166999697685242,0.24039499461650848,9.36406421661377,52.4605598449707,343.97540283203125,380.68267822265625
2026-05-26,75569.46875,2054.361083984375,83.1919174194336,1.3267649412155151,0.10028599947690964,0.23826399445533752,9.342778205871582,51.611366271972656,342.66424560546875,376.8052673339844
2026-05-27,74136.5,2014.632568359375,82.0627212524414,1.3026360273361206,0.09983500093221664,0.23604300618171692,9.10500717163086,51.692073822021484,332.93133544921875,376.0921630859375
2026-05-29,73373.640625,2004.1900634765625,81.98696899414062,1.3072116374969482,0.09931912273168564,0.23426176607608795,8.988497734069824,51.5916748046875,299.8717041015625,352.6702880859375
